participant_code,participant_id,condition,trial_index,condition_repetition,n,requested_n,components,target_text,typed_text,correct_chars,correct_letters,attempted_chars,attempted_letters,total_chars,accuracy,cpm,wpm,duration_s,edit_distance,aligned_target_chars,msd_error_rate,scoring_method,first_key_latency_ms,mask_meta_json
P001,6,masked,0,1,4,4,mask+noise+anti-ocr+inversion,uzuz waduzu gokoba wofuv atuliwa arud erilif nunom kotova alozu inov romitig fizati gobupuw erawa ipoli adabin unususe lamodat defifa welaruw niwug ulup gamepar debi nigune gimibi uvabos avamib padom idagatu levo bukamal,uzuz waduzu gokoba wofuv atauliwa aru,36,31,37,32,220,0.972972972972973,108.0,21.6,20.0,1,36,0.02702702702702703,msd_target_prefix_v1,1007.3000000000466,"{""anti_ocr"": {""glyph_alpha"": 0.12, ""profile"": ""strong"", ""salient_pixels"": 35271, ""stripe_alpha"": 0.1, ""stripe_width"": 10}, ""completeness_ok"": true, ""counts"": [58588, 58210, 58731, 58471], ""cycle_hz"": 59.52380952446948, ""cycles"": 6, ""dropped_frame_rate"": 0, ""dropped_frames"": 0, ""epsilonPixels"": 8, ""frame_count"": 30, ""gamma"": 4.4, ""height"": 260, ""insert_inversion"": true, ""inversion_alpha"": 0.2, ""inversion_flicker_warn"": true, ""long_frame_intervals"": 0, ""max_frame_interval_ms"": 4.400000000023283, ""mean_frame_interval_ms"": 4.166624999999986, ""mode"": ""temporal"", ""n"": 4, ""noise_residual"": 0, ""observed_effective_cycle_hz"": 60.00060000600027, ""observed_full_cycle_hz"": 48.00048000480022, ""observed_refresh_hz"": 240.00240002400108, ""per_cycle_slots"": 5, ""permutation"": [1, 0, 3, 2], ""refresh_hz"": 238.0952380978779, ""rendered_frames"": 4801, ""safe_flicker_hz"": 50, ""timing_intervals"": 4800, ""width"": 900}"
P001,6,control,1,1,1,1,none,vakow kozone gebup omak zuteg kaga uduzive rono epuw agobom ukuv ponip ovob etinur ewesu nipuluz isuzubu otad ewal ifevipo azopif domofow giros kulivot ruri mupapan ibovun upolo evepaz paga kobum asekan apizam ipibo mava,wakow koaone gebup omak zuteg kaga uduzive ro,43,36,45,38,220,0.9555555555555556,129.0,25.8,20.0,2,45,0.044444444444444446,msd_target_prefix_v1,671.8000000000466,"{""anti_ocr"": {""profile"": ""off""}, ""cycle_hz"": 238.0952380978779, ""cycles"": 1, ""dropped_frame_rate"": 0, ""dropped_frames"": 0, ""frame_count"": 1, ""height"": 260, ""insert_inversion"": false, ""long_frame_intervals"": 0, ""max_frame_interval_ms"": 4.699999999953434, ""mean_frame_interval_ms"": 4.166638883100636, ""mode"": ""source_control"", ""n"": 1, ""observed_effective_cycle_hz"": 240.00160034407455, ""observed_full_cycle_hz"": 240.00160034407455, ""observed_refresh_hz"": 240.00160034407455, ""per_cycle_slots"": 1, ""refresh_hz"": 238.0952380978779, ""rendered_frames"": 4800, ""safe_flicker_hz"": 50, ""timing_intervals"": 4799, ""width"": 900}"
P001,6,control,2,2,1,1,none,ozap usikasa asodak felova wimemip mowutu udipu nige fonepun akuz egulo sewabad pegi folos vutiziz dumogi kinogon giwe arepa etirov ufamof bonewu ipemos ikiva terigi uzeni geto wigaro osulara libumed ibugapi owin uzate e,ozap usikasa asodak feliva wime,30,26,31,27,220,0.967741935483871,90.0,18.0,20.0,1,31,0.03225806451612903,msd_target_prefix_v1,878.3000000000466,"{""anti_ocr"": {""profile"": ""off""}, ""cycle_hz"": 238.0952380978779, ""cycles"": 1, ""dropped_frame_rate"": 0, ""dropped_frames"": 0, ""frame_count"": 1, ""height"": 260, ""insert_inversion"": false, ""long_frame_intervals"": 0, ""max_frame_interval_ms"": 4.5, ""mean_frame_interval_ms"": 4.166638883100636, ""mode"": ""source_control"", ""n"": 1, ""observed_effective_cycle_hz"": 240.00160034407455, ""observed_full_cycle_hz"": 240.00160034407455, ""observed_refresh_hz"": 240.00160034407455, ""per_cycle_slots"": 1, ""refresh_hz"": 238.0952380978779, ""rendered_frames"": 4800, ""safe_flicker_hz"": 50, ""timing_intervals"": 4799, ""width"": 900}"
P001,6,masked,3,2,4,4,mask+noise+anti-ocr+inversion,izopew kamazon owufas ubezu afas leluzo afelewu umuvika sogud gile zape iniza azuru memos lodawe banupo nulawar mibude gatav odisifa zesube vibami dofinep nefab vesogun ipuze dikimop ufed beti punimo uweg otitisu uwevot,izopew kanazon owufas ubezu afas leluzo,39,33,40,34,219,0.975,117.0,23.400000000000002,20.0,1,40,0.025,msd_target_prefix_v1,575.1000000000931,"{""anti_ocr"": {""glyph_alpha"": 0.12, ""profile"": ""strong"", ""salient_pixels"": 34874, ""stripe_alpha"": 0.1, ""stripe_width"": 10}, ""completeness_ok"": true, ""counts"": [58895, 58195, 58520, 58390], ""cycle_hz"": 59.52380952446948, ""cycles"": 6, ""dropped_frame_rate"": 0, ""dropped_frames"": 0, ""epsilonPixels"": 8, ""frame_count"": 30, ""gamma"": 4.4, ""height"": 260, ""insert_inversion"": true, ""inversion_alpha"": 0.2, ""inversion_flicker_warn"": true, ""long_frame_intervals"": 0, ""max_frame_interval_ms"": 4.5, ""mean_frame_interval_ms"": 4.166604166666657, ""mode"": ""temporal"", ""n"": 4, ""noise_residual"": 0, ""observed_effective_cycle_hz"": 60.00090001350034, ""observed_full_cycle_hz"": 48.00072001080027, ""observed_refresh_hz"": 240.00360005400137, ""per_cycle_slots"": 5, ""permutation"": [2, 1, 3, 0], ""refresh_hz"": 238.0952380978779, ""rendered_frames"": 4801, ""safe_flicker_hz"": 50, ""timing_intervals"": 4800, ""width"": 900}"
P002,7,control,0,1,1,1,none,umetazu sata ikemazo ukikiko ebimig ozobu vanu alos otufe nevefi emazobi nidivi geworut taguw tibutom otopod uvuna gonolub kozavif vugom domovap tokur soro adakuma inezame efub unuvos setak ilor alawi temirem fezatos uru,umetazu sata ikemazo ukikiko,29,25,29,25,220,1.0,87.0,17.400000000000002,20.0,0,29,0.0,msd_target_prefix_v1,567.4000000001397,"{""anti_ocr"": {""profile"": ""off""}, ""cycle_hz"": 238.0952380954031, ""cycles"": 1, ""dropped_frame_rate"": 0, ""dropped_frames"": 0, ""frame_count"": 1, ""height"": 260, ""insert_inversion"": false, ""long_frame_intervals"": 0, ""max_frame_interval_ms"": 4.7000000000116415, ""mean_frame_interval_ms"": 4.1666388831006484, ""mode"": ""source_control"", ""n"": 1, ""observed_effective_cycle_hz"": 240.00160034407384, ""observed_full_cycle_hz"": 240.00160034407384, ""observed_refresh_hz"": 240.00160034407384, ""per_cycle_slots"": 1, ""refresh_hz"": 238.0952380954031, ""rendered_frames"": 4800, ""safe_flicker_hz"": 50, ""timing_intervals"": 4799, ""width"": 900}"
P002,7,masked,1,1,4,4,mask+noise+anti-ocr+inversion,kazoreb uburoge oluw anatuv esem fakul odus fiwin soluva aboper sikopo lozi osumudo memo tuta vesebat gologa uvam wedide zagi ezuba afog ezele aped zaguvoz ibaf reruz kabipu fufoke kupuso kisu evovuda zunivu irofer gevu,kazoreb uburoge oluw anatuv,28,24,28,24,219,1.0,84.0,16.8,20.0,0,28,0.0,msd_target_prefix_v1,567.1999999999534,"{""anti_ocr"": {""glyph_alpha"": 0.12, ""profile"": ""strong"", ""salient_pixels"": 34497, ""stripe_alpha"": 0.1, ""stripe_width"": 10}, ""completeness_ok"": true, ""counts"": [58907, 58084, 58630, 58379], ""cycle_hz"": 59.52380952385077, ""cycles"": 6, ""dropped_frame_rate"": 0, ""dropped_frames"": 0, ""epsilonPixels"": 8, ""frame_count"": 30, ""gamma"": 4.4, ""height"": 260, ""insert_inversion"": true, ""inversion_alpha"": 0.2, ""inversion_flicker_warn"": true, ""long_frame_intervals"": 0, ""max_frame_interval_ms"": 4.600000000005821, ""mean_frame_interval_ms"": 4.166625000000003, ""mode"": ""temporal"", ""n"": 4, ""noise_residual"": 0, ""observed_effective_cycle_hz"": 60.00060000600001, ""observed_full_cycle_hz"": 48.00048000480001, ""observed_refresh_hz"": 240.00240002400005, ""per_cycle_slots"": 5, ""permutation"": [0, 1, 3, 2], ""refresh_hz"": 238.0952380954031, ""rendered_frames"": 4801, ""safe_flicker_hz"": 50, ""timing_intervals"": 4800, ""width"": 900}"
P002,7,masked,2,2,4,4,mask+noise+anti-ocr+inversion,imika atudusu idezu ovofu igini ebiw obadet bezuk eruwub pusul kumaz pesit beda nero fure febu agidi inodopu omawuze iwid lodar lisese lolub evebiwi seviboz manered ufuf dedi isiwoza alenega oniw pova bapo ovugega ototub,imika atudusu idezu ovofu ig,28,24,28,24,220,1.0,84.0,16.8,20.0,0,28,0.0,msd_target_prefix_v1,527.8000000000466,"{""anti_ocr"": {""glyph_alpha"": 0.12, ""profile"": ""strong"", ""salient_pixels"": 34880, ""stripe_alpha"": 0.1, ""stripe_width"": 10}, ""completeness_ok"": true, ""counts"": [58574, 58569, 58364, 58493], ""cycle_hz"": 59.52380952385077, ""cycles"": 6, ""dropped_frame_rate"": 0, ""dropped_frames"": 0, ""epsilonPixels"": 8, ""frame_count"": 30, ""gamma"": 4.4, ""height"": 260, ""insert_inversion"": true, ""inversion_alpha"": 0.2, ""inversion_flicker_warn"": true, ""long_frame_intervals"": 0, ""max_frame_interval_ms"": 4.600000000005821, ""mean_frame_interval_ms"": 4.166618045426132, ""mode"": ""temporal"", ""n"": 4, ""noise_residual"": 0, ""observed_effective_cycle_hz"": 60.000700154033865, ""observed_full_cycle_hz"": 48.00056012322709, ""observed_refresh_hz"": 240.00280061613546, ""per_cycle_slots"": 5, ""permutation"": [2, 3, 0, 1], ""refresh_hz"": 238.0952380954031, ""rendered_frames"": 4800, ""safe_flicker_hz"": 50, ""timing_intervals"": 4799, ""width"": 900}"
P002,7,control,3,2,1,1,none,ezetap pumo modu ogune rolepup zudir sibunav gedonon gokok umato tipe reguv nile ugig unuza dukuk rarugez ibes rirunov lavi sewok ibewine anokak iwepu kudil evagunu siget uwazera ewub aroriz ebiz uvab epifubo dedurip miv,ezetap pumo modu ogune rolepup,31,26,31,26,220,1.0,93.0,18.6,20.0,0,31,0.0,msd_target_prefix_v1,390.10000000009313,"{""anti_ocr"": {""profile"": ""off""}, ""cycle_hz"": 238.0952380954031, ""cycles"": 1, ""dropped_frame_rate"": 0, ""dropped_frames"": 0, ""frame_count"": 1, ""height"": 260, ""insert_inversion"": false, ""long_frame_intervals"": 0, ""max_frame_interval_ms"": 4.5, ""mean_frame_interval_ms"": 4.166624999999997, ""mode"": ""source_control"", ""n"": 1, ""observed_effective_cycle_hz"": 240.0024000240004, ""observed_full_cycle_hz"": 240.0024000240004, ""observed_refresh_hz"": 240.0024000240004, ""per_cycle_slots"": 1, ""refresh_hz"": 238.0952380954031, ""rendered_frames"": 4801, ""safe_flicker_hz"": 50, ""timing_intervals"": 4800, ""width"": 900}"
P003,8,masked,0,1,4,4,mask+noise+anti-ocr+inversion,pesir epan ivukasi agemur awawi obik dafasa mosozis elavaw nide iruvawi vofovo laped onazuso itilaba fozawu zusi gimiki ipem zofiron medubaf kovotip ovafote tefadig unukom uvezal edotig ulobimi amusa powo goti udif ewoba,pesir epan ivukasi agenur awa,28,24,29,25,220,0.9655172413793104,84.0,16.8,20.0,1,29,0.034482758620689655,msd_target_prefix_v1,494.89999999990687,"{""anti_ocr"": {""glyph_alpha"": 0.12, ""profile"": ""strong"", ""salient_pixels"": 34956, ""stripe_alpha"": 0.1, ""stripe_width"": 10}, ""completeness_ok"": true, ""counts"": [58673, 58697, 58438, 58192], ""cycle_hz"": 59.523809523799216, ""cycles"": 6, ""dropped_frame_rate"": 0, ""dropped_frames"": 0, ""epsilonPixels"": 8, ""frame_count"": 30, ""gamma"": 4.4, ""height"": 260, ""insert_inversion"": true, ""inversion_alpha"": 0.2, ""inversion_flicker_warn"": true, ""long_frame_intervals"": 0, ""max_frame_interval_ms"": 4.400000000008731, ""mean_frame_interval_ms"": 4.166625000000001, ""mode"": ""temporal"", ""n"": 4, ""noise_residual"": 0, ""observed_effective_cycle_hz"": 60.00060000600005, ""observed_full_cycle_hz"": 48.00048000480004, ""observed_refresh_hz"": 240.0024000240002, ""per_cycle_slots"": 5, ""permutation"": [2, 1, 0, 3], ""refresh_hz"": 238.09523809519686, ""rendered_frames"": 4801, ""safe_flicker_hz"": 50, ""timing_intervals"": 4800, ""width"": 900}"
P003,8,control,1,1,1,1,none,oserit evogow bipobe akopoka uneses izemoto alab omimupu itivu guropi otaribi fevegub usenule itadiru upudi odat bogof ubupat giza umodid fesup bigela wimin gaguven kosir kefi nasa alosak bari memivup iladub nike womapog,oserit evogow bipobe akopoka uneses izem,40,35,40,35,220,1.0,120.0,24.0,20.0,0,40,0.0,msd_target_prefix_v1,462.89999999990687,"{""anti_ocr"": {""profile"": ""off""}, ""cycle_hz"": 238.09523809519686, ""cycles"": 1, ""dropped_frame_rate"": 0, ""dropped_frames"": 0, ""frame_count"": 1, ""height"": 260, ""insert_inversion"": false, ""long_frame_intervals"": 0, ""max_frame_interval_ms"": 4.600000000005821, ""mean_frame_interval_ms"": 4.166638883100642, ""mode"": ""source_control"", ""n"": 1, ""observed_effective_cycle_hz"": 240.00160034407418, ""observed_full_cycle_hz"": 240.00160034407418, ""observed_refresh_hz"": 240.00160034407418, ""per_cycle_slots"": 1, ""refresh_hz"": 238.09523809519686, ""rendered_frames"": 4800, ""safe_flicker_hz"": 50, ""timing_intervals"": 4799, ""width"": 900}"
P003,8,control,2,2,1,1,none,enag wemapef rakil owene emudito opok lemorus fotu omagog zoka dosiz tavulaw katiba geba tomi fedo zatigi tagapow onuzo isik ozeb kimikak ifobom esopi vevifas ubevuf wovig vewo vawom dulano ofir awuw falez aned vovana ni,enag wemapef rakil owene emudito opok,38,32,38,32,220,1.0,114.0,22.8,20.0,0,38,0.0,msd_target_prefix_v1,487.6999999997206,"{""anti_ocr"": {""profile"": ""off""}, ""cycle_hz"": 238.09523809519686, ""cycles"": 1, ""dropped_frame_rate"": 0, ""dropped_frames"": 0, ""frame_count"": 1, ""height"": 260, ""insert_inversion"": false, ""long_frame_intervals"": 0, ""max_frame_interval_ms"": 4.600000000005821, ""mean_frame_interval_ms"": 4.166618045426132, ""mode"": ""source_control"", ""n"": 1, ""observed_effective_cycle_hz"": 240.00280061613546, ""observed_full_cycle_hz"": 240.00280061613546, ""observed_refresh_hz"": 240.00280061613546, ""per_cycle_slots"": 1, ""refresh_hz"": 238.09523809519686, ""rendered_frames"": 4800, ""safe_flicker_hz"": 50, ""timing_intervals"": 4799, ""width"": 900}"
P003,8,masked,3,2,4,4,mask+noise+anti-ocr+inversion,okulop ugem wosit igaki odebule pewudan ogut tiba woduk luwu idazi iwalir ivurizu usupa lanoga uvuwasu tawo bovodez kakorov nibubet zoteme pelulob tuzosi anok likaf agomozi lakifuv niwazus nudiz uwipe feriwun oviwoz tovi,okulop ugem wosit igaki odebule pewudan o,41,35,41,35,220,1.0,123.0,24.599999999999998,20.0,0,41,0.0,msd_target_prefix_v1,398.89999999990687,"{""anti_ocr"": {""glyph_alpha"": 0.12, ""profile"": ""strong"", ""salient_pixels"": 34904, ""stripe_alpha"": 0.1, ""stripe_width"": 10}, ""completeness_ok"": true, ""counts"": [58650, 58502, 58610, 58238], ""cycle_hz"": 59.523809523799216, ""cycles"": 6, ""dropped_frame_rate"": 0, ""dropped_frames"": 0, ""epsilonPixels"": 8, ""frame_count"": 30, ""gamma"": 4.4, ""height"": 260, ""insert_inversion"": true, ""inversion_alpha"": 0.2, ""inversion_flicker_warn"": true, ""long_frame_intervals"": 0, ""max_frame_interval_ms"": 4.600000000005821, ""mean_frame_interval_ms"": 4.166638883100642, ""mode"": ""temporal"", ""n"": 4, ""noise_residual"": 0, ""observed_effective_cycle_hz"": 60.000400086018544, ""observed_full_cycle_hz"": 48.00032006881484, ""observed_refresh_hz"": 240.00160034407418, ""per_cycle_slots"": 5, ""permutation"": [2, 0, 1, 3], ""refresh_hz"": 238.09523809519686, ""rendered_frames"": 4800, ""safe_flicker_hz"": 50, ""timing_intervals"": 4799, ""width"": 900}"
P004,9,control,0,1,1,1,none,velu tokafos ufas naribe dufiwen minaf fazuwi sebut nefifi usupe monopos onunuf ozenot osizos mula gogez etimet aguwuz turo oruwodo gafo aviv fesaw satewen pugev esite zosa arak lisugi teza ibuwure elak adasalu valanes n,velu tokafos ufas maribe duribe,28,24,32,27,220,0.875,84.0,16.8,20.0,4,32,0.125,msd_target_prefix_v1,295.10000000009313,"{""anti_ocr"": {""profile"": ""off""}, ""cycle_hz"": 238.0952380954031, ""cycles"": 1, ""dropped_frame_rate"": 0, ""dropped_frames"": 0, ""frame_count"": 1, ""height"": 260, ""insert_inversion"": false, ""long_frame_intervals"": 0, ""max_frame_interval_ms"": 4.599999999976717, ""mean_frame_interval_ms"": 4.166625000000003, ""mode"": ""source_control"", ""n"": 1, ""observed_effective_cycle_hz"": 240.00240002400005, ""observed_full_cycle_hz"": 240.00240002400005, ""observed_refresh_hz"": 240.00240002400005, ""per_cycle_slots"": 1, ""refresh_hz"": 238.0952380954031, ""rendered_frames"": 4801, ""safe_flicker_hz"": 50, ""timing_intervals"": 4800, ""width"": 900}"
P004,9,masked,1,1,4,4,mask+noise+anti-ocr+inversion,irafek owida noruku uwuvaka dudel unit dubowu tivo ugawa runa bugadam timigos aselos niwu rare vulitur unawu litipu sesetus ozas gorifek olano awufu zatifo sade sufup tutub notunes urov biza vowago afoguze sogi maseb aku,irafek owide noruku uwuvaka duel uniy,35,30,37,32,220,0.9189189189189189,105.0,21.0,20.0,3,37,0.08108108108108109,msd_target_prefix_v1,719.6000000000931,"{""anti_ocr"": {""glyph_alpha"": 0.12, ""profile"": ""strong"", ""salient_pixels"": 34452, ""stripe_alpha"": 0.1, ""stripe_width"": 10}, ""completeness_ok"": true, ""counts"": [58347, 58454, 58355, 58844], ""cycle_hz"": 59.52380952385077, ""cycles"": 6, ""dropped_frame_rate"": 0, ""dropped_frames"": 0, ""epsilonPixels"": 8, ""frame_count"": 30, ""gamma"": 4.4, ""height"": 260, ""insert_inversion"": true, ""inversion_alpha"": 0.2, ""inversion_flicker_warn"": true, ""long_frame_intervals"": 0, ""max_frame_interval_ms"": 4.5, ""mean_frame_interval_ms"": 4.166638883100642, ""mode"": ""temporal"", ""n"": 4, ""noise_residual"": 0, ""observed_effective_cycle_hz"": 60.000400086018544, ""observed_full_cycle_hz"": 48.00032006881484, ""observed_refresh_hz"": 240.00160034407418, ""per_cycle_slots"": 5, ""permutation"": [3, 2, 1, 0], ""refresh_hz"": 238.0952380954031, ""rendered_frames"": 4800, ""safe_flicker_hz"": 50, ""timing_intervals"": 4799, ""width"": 900}"
P004,9,masked,2,2,4,4,mask+noise+anti-ocr+inversion,medeto nabosug bosomab miwuk epenu vaniwip daga kodekof otagow lamu lipere aveg fekesil zufow vesiwu kidi opumi adaten pegow sabavad nitipeb varazaz aseragi amumika dula sigipi gefem erifaf vobazat uzumuso givego amaguza,medrto nabosug bossomab miwuk epenu vaniwi,40,35,42,37,220,0.9523809523809523,120.0,24.0,20.0,2,41,0.047619047619047616,msd_target_prefix_v1,518.5,"{""anti_ocr"": {""glyph_alpha"": 0.12, ""profile"": ""strong"", ""salient_pixels"": 35698, ""stripe_alpha"": 0.1, ""stripe_width"": 10}, ""completeness_ok"": true, ""counts"": [58786, 58627, 58454, 58133], ""cycle_hz"": 59.52380952385077, ""cycles"": 6, ""dropped_frame_rate"": 0, ""dropped_frames"": 0, ""epsilonPixels"": 8, ""frame_count"": 30, ""gamma"": 4.4, ""height"": 260, ""insert_inversion"": true, ""inversion_alpha"": 0.2, ""inversion_flicker_warn"": true, ""long_frame_intervals"": 0, ""max_frame_interval_ms"": 4.5, ""mean_frame_interval_ms"": 4.1666388831006484, ""mode"": ""temporal"", ""n"": 4, ""noise_residual"": 0, ""observed_effective_cycle_hz"": 60.00040008601846, ""observed_full_cycle_hz"": 48.000320068814766, ""observed_refresh_hz"": 240.00160034407384, ""per_cycle_slots"": 5, ""permutation"": [3, 2, 1, 0], ""refresh_hz"": 238.0952380954031, ""rendered_frames"": 4800, ""safe_flicker_hz"": 50, ""timing_intervals"": 4799, ""width"": 900}"
P004,9,control,3,2,1,1,none,iteguro azema umovo ibawe uwab atofot omekadi esifi wuzaza fegazo mesuru pukiko bawef idew esutu adek uwagavo munuwel todezef urorep osak opuse vagoge ozof dimod gapa wigil pirus azof wotimad nuvanob dofi remebab irudol,itegurp zzem umovo ibawe uwab a,29,24,31,26,219,0.90625,87.0,17.400000000000002,20.0,3,32,0.09375,msd_target_prefix_v1,558.6000000000931,"{""anti_ocr"": {""profile"": ""off""}, ""cycle_hz"": 238.0952380954031, ""cycles"": 1, ""dropped_frame_rate"": 0, ""dropped_frames"": 0, ""frame_count"": 1, ""height"": 260, ""insert_inversion"": false, ""long_frame_intervals"": 0, ""max_frame_interval_ms"": 4.399999999994179, ""mean_frame_interval_ms"": 4.1666388831006484, ""mode"": ""source_control"", ""n"": 1, ""observed_effective_cycle_hz"": 240.00160034407384, ""observed_full_cycle_hz"": 240.00160034407384, ""observed_refresh_hz"": 240.00160034407384, ""per_cycle_slots"": 1, ""refresh_hz"": 238.0952380954031, ""rendered_frames"": 4800, ""safe_flicker_hz"": 50, ""timing_intervals"": 4799, ""width"": 900}"
P005,10,masked,0,1,4,4,mask+noise+anti-ocr+inversion,anegape unum unemeva rupif sumefu uzag binopu wukug ezasaw elevono vumiduk ivoluwe rumot wetono nisedo nupozef upob uzinago unilil ralew kenun kofaz udili epizuf vunub ewofeda obumi iwibusu orumu ovema lakere olikige ido,anegape unun unemeva rupif sumef,31,27,32,28,220,0.96875,93.0,18.6,20.0,1,32,0.03125,msd_target_prefix_v1,295.1999999997206,"{""anti_ocr"": {""glyph_alpha"": 0.12, ""profile"": ""strong"", ""salient_pixels"": 34906, ""stripe_alpha"": 0.1, ""stripe_width"": 10}, ""completeness_ok"": true, ""counts"": [58421, 58389, 58723, 58467], ""cycle_hz"": 59.52380952446948, ""cycles"": 6, ""dropped_frame_rate"": 0, ""dropped_frames"": 0, ""epsilonPixels"": 8, ""frame_count"": 30, ""gamma"": 4.4, ""height"": 260, ""insert_inversion"": true, ""inversion_alpha"": 0.2, ""inversion_flicker_warn"": true, ""long_frame_intervals"": 0, ""max_frame_interval_ms"": 4.7999999999883585, ""mean_frame_interval_ms"": 4.1666388831006484, ""mode"": ""temporal"", ""n"": 4, ""noise_residual"": 0, ""observed_effective_cycle_hz"": 60.00040008601846, ""observed_full_cycle_hz"": 48.000320068814766, ""observed_refresh_hz"": 240.00160034407384, ""per_cycle_slots"": 5, ""permutation"": [0, 1, 3, 2], ""refresh_hz"": 238.0952380978779, ""rendered_frames"": 4800, ""safe_flicker_hz"": 50, ""timing_intervals"": 4799, ""width"": 900}"
P005,10,control,1,1,1,1,none,bunufaf feraw rakopev inidova iraboli sodos dimanab libikeb esitig lowotu nafani udurika uletupe ulit azovu setu budid ofamiv ilegi ufilere tonom odulo umetiva gomug asubin ipepaz fuzine obeve mawile tunemu kovuk marolof,bunufaf feraw rakopebv in,24,21,26,22,220,0.9230769230769231,72.0,14.4,20.0,2,25,0.07692307692307693,msd_target_prefix_v1,439.10000000009313,"{""anti_ocr"": {""profile"": ""off""}, ""cycle_hz"": 238.0952380978779, ""cycles"": 1, ""dropped_frame_rate"": 0, ""dropped_frames"": 0, ""frame_count"": 1, ""height"": 260, ""insert_inversion"": false, ""long_frame_intervals"": 0, ""max_frame_interval_ms"": 4.599999999976717, ""mean_frame_interval_ms"": 4.166659720775171, ""mode"": ""source_control"", ""n"": 1, ""observed_effective_cycle_hz"": 240.0004000840171, ""observed_full_cycle_hz"": 240.0004000840171, ""observed_refresh_hz"": 240.0004000840171, ""per_cycle_slots"": 1, ""refresh_hz"": 238.0952380978779, ""rendered_frames"": 4800, ""safe_flicker_hz"": 50, ""timing_intervals"": 4799, ""width"": 900}"
P005,10,control,2,2,1,1,none,imokap zugewi ulug omaw ekufal nimutod osawubu dipokob enivetu gunen lagoka akubo ogemuba uzer agek isufe gipoto rumapa fadu nidezez susa gubo onerel nupubek ibure mogi usubav soko ubipon dowi dizo nebasal ifaf onoze gir,imokap zugewi ulug o,20,17,21,17,220,0.9523809523809523,60.0,12.0,20.0,1,21,0.047619047619047616,msd_target_prefix_v1,264.10000000009313,"{""anti_ocr"": {""profile"": ""off""}, ""cycle_hz"": 238.0952380978779, ""cycles"": 1, ""dropped_frame_rate"": 0, ""dropped_frames"": 0, ""frame_count"": 1, ""height"": 260, ""insert_inversion"": false, ""long_frame_intervals"": 0, ""max_frame_interval_ms"": 4.400000000023283, ""mean_frame_interval_ms"": 4.1666388831006484, ""mode"": ""source_control"", ""n"": 1, ""observed_effective_cycle_hz"": 240.00160034407384, ""observed_full_cycle_hz"": 240.00160034407384, ""observed_refresh_hz"": 240.00160034407384, ""per_cycle_slots"": 1, ""refresh_hz"": 238.0952380978779, ""rendered_frames"": 4800, ""safe_flicker_hz"": 50, ""timing_intervals"": 4799, ""width"": 900}"
P005,10,masked,3,2,4,4,mask+noise+anti-ocr+inversion,vamek gedas agetuga osen umiw igebisu atudo sigoga sewa mapodev evak agoleme kinuzom giwibi afezot evifo mizoma dafo metebeg refulo wununa ifut ugaka buvon gupad ulofego ikara obimi ebula iwof muzek igetow aridoni ebideb,vanek gedas agetuga osen,24,20,25,21,220,0.96,72.0,14.4,20.0,1,25,0.04,msd_target_prefix_v1,407.29999999981374,"{""anti_ocr"": {""glyph_alpha"": 0.12, ""profile"": ""strong"", ""salient_pixels"": 35593, ""stripe_alpha"": 0.1, ""stripe_width"": 10}, ""completeness_ok"": true, ""counts"": [58324, 58698, 58714, 58264], ""cycle_hz"": 59.52380952446948, ""cycles"": 6, ""dropped_frame_rate"": 0, ""dropped_frames"": 0, ""epsilonPixels"": 8, ""frame_count"": 30, ""gamma"": 4.4, ""height"": 260, ""insert_inversion"": true, ""inversion_alpha"": 0.2, ""inversion_flicker_warn"": true, ""long_frame_intervals"": 0, ""max_frame_interval_ms"": 4.400000000023283, ""mean_frame_interval_ms"": 4.166618045426138, ""mode"": ""temporal"", ""n"": 4, ""noise_residual"": 0, ""observed_effective_cycle_hz"": 60.00070015403378, ""observed_full_cycle_hz"": 48.000560123227025, ""observed_refresh_hz"": 240.00280061613512, ""per_cycle_slots"": 5, ""permutation"": [0, 2, 1, 3], ""refresh_hz"": 238.0952380978779, ""rendered_frames"": 4800, ""safe_flicker_hz"": 50, ""timing_intervals"": 4799, ""width"": 900}"
P006,11,control,0,1,1,1,none,afelim umusa iriro utana irimel epizesi efebub ritewep amedogu ukemu elubora abano fibi ozin wovugi omasek ledaw ezut ziwumul esuv esov amenef ezimoz vode orabut usowe refil upuneme okibowi sevus karim tuza rutew izusa u,afelim umusa iriro utana irimel epizesi,39,34,39,34,220,1.0,117.0,23.400000000000002,20.0,0,39,0.0,msd_target_prefix_v1,407.20000000018626,"{""anti_ocr"": {""profile"": ""off""}, ""cycle_hz"": 238.0952380978779, ""cycles"": 1, ""dropped_frame_rate"": 0, ""dropped_frames"": 0, ""frame_count"": 1, ""height"": 260, ""insert_inversion"": false, ""long_frame_intervals"": 0, ""max_frame_interval_ms"": 4.5, ""mean_frame_interval_ms"": 4.166645833333326, ""mode"": ""source_control"", ""n"": 1, ""observed_effective_cycle_hz"": 240.00120000600046, ""observed_full_cycle_hz"": 240.00120000600046, ""observed_refresh_hz"": 240.00120000600046, ""per_cycle_slots"": 1, ""refresh_hz"": 238.0952380978779, ""rendered_frames"": 4801, ""safe_flicker_hz"": 50, ""timing_intervals"": 4800, ""width"": 900}"
P006,11,masked,1,1,4,4,mask+noise+anti-ocr+inversion,bizapi dufuliv ulut otaz ivebe iwog odakin utogev mebasom akitoka isibu duvi fudozo talutem ufifib zudol mizogu epapuz efor ezebopo rolif tinakal uribo ekolu mekuvaf kate okewor gufugon vomotul opowi omopal lusigar pipom,bizapi dufuliv uluy otaz ivebe iwog d,35,29,37,31,220,0.9459459459459459,105.0,21.0,20.0,2,37,0.05405405405405406,msd_target_prefix_v1,327.60000000009313,"{""anti_ocr"": {""glyph_alpha"": 0.12, ""profile"": ""strong"", ""salient_pixels"": 35402, ""stripe_alpha"": 0.1, ""stripe_width"": 10}, ""completeness_ok"": true, ""counts"": [58525, 58506, 58747, 58222], ""cycle_hz"": 59.52380952446948, ""cycles"": 6, ""dropped_frame_rate"": 0, ""dropped_frames"": 0, ""epsilonPixels"": 8, ""frame_count"": 30, ""gamma"": 4.4, ""height"": 260, ""insert_inversion"": true, ""inversion_alpha"": 0.2, ""inversion_flicker_warn"": true, ""long_frame_intervals"": 0, ""max_frame_interval_ms"": 4.5, ""mean_frame_interval_ms"": 4.1666388831006484, ""mode"": ""temporal"", ""n"": 4, ""noise_residual"": 0, ""observed_effective_cycle_hz"": 60.00040008601846, ""observed_full_cycle_hz"": 48.000320068814766, ""observed_refresh_hz"": 240.00160034407384, ""per_cycle_slots"": 5, ""permutation"": [3, 0, 1, 2], ""refresh_hz"": 238.0952380978779, ""rendered_frames"": 4800, ""safe_flicker_hz"": 50, ""timing_intervals"": 4799, ""width"": 900}"
P006,11,masked,2,2,4,4,mask+noise+anti-ocr+inversion,rusi wirad evove alit adepu niri zame evuge izaz vopelu kosipem ogum ibipomi upefov salog atotaw akumon turasup ziwola okosetu ivopa wuguzi zuriko owivega eluzeb ibumivu avubuw usur bides ebipav erebe emor taremu vovag t,rusi wirad evove alit adepu niri evuge,35,28,39,32,220,0.8974358974358975,105.0,21.0,20.0,4,38,0.10256410256410256,msd_target_prefix_v1,327.79999999981374,"{""anti_ocr"": {""glyph_alpha"": 0.12, ""profile"": ""strong"", ""salient_pixels"": 34316, ""stripe_alpha"": 0.1, ""stripe_width"": 10}, ""completeness_ok"": true, ""counts"": [58676, 58573, 58824, 57927], ""cycle_hz"": 59.52380952446948, ""cycles"": 6, ""dropped_frame_rate"": 0, ""dropped_frames"": 0, ""epsilonPixels"": 8, ""frame_count"": 30, ""gamma"": 4.4, ""height"": 260, ""insert_inversion"": true, ""inversion_alpha"": 0.2, ""inversion_flicker_warn"": true, ""long_frame_intervals"": 0, ""max_frame_interval_ms"": 4.600000000034925, ""mean_frame_interval_ms"": 4.166618045426126, ""mode"": ""temporal"", ""n"": 4, ""noise_residual"": 0, ""observed_effective_cycle_hz"": 60.00070015403396, ""observed_full_cycle_hz"": 48.00056012322717, ""observed_refresh_hz"": 240.00280061613583, ""per_cycle_slots"": 5, ""permutation"": [3, 0, 1, 2], ""refresh_hz"": 238.0952380978779, ""rendered_frames"": 4800, ""safe_flicker_hz"": 50, ""timing_intervals"": 4799, ""width"": 900}"
P006,11,control,3,2,1,1,none,fumod lotan ekow loboto ariz igidel awiv remigo tape zibude gigimi zapi ragu otak avuba susodo nozut vesave ipuk loral amoz ututuz nefi lugu apaper kogine zovulo gado degu rivu ninefal fazep akupana kosozup bavu erule ar,fumod lotan ekow loboto ariz igidel awiv,40,34,40,34,220,1.0,120.0,24.0,20.0,0,40,0.0,msd_target_prefix_v1,342.5,"{""anti_ocr"": {""profile"": ""off""}, ""cycle_hz"": 238.0952380978779, ""cycles"": 1, ""dropped_frame_rate"": 0, ""dropped_frames"": 0, ""frame_count"": 1, ""height"": 260, ""insert_inversion"": false, ""long_frame_intervals"": 0, ""max_frame_interval_ms"": 4.600000000093132, ""mean_frame_interval_ms"": 4.166638883100636, ""mode"": ""source_control"", ""n"": 1, ""observed_effective_cycle_hz"": 240.00160034407455, ""observed_full_cycle_hz"": 240.00160034407455, ""observed_refresh_hz"": 240.00160034407455, ""per_cycle_slots"": 1, ""refresh_hz"": 238.0952380978779, ""rendered_frames"": 4800, ""safe_flicker_hz"": 50, ""timing_intervals"": 4799, ""width"": 900}"
P007,12,masked,0,1,4,4,mask+noise+anti-ocr+inversion,ovewem dekovaf wowu sever iwamab ukawu amataf tefaga loremed gepok ifelin bevi alamo tepur redudek eluna tivupe loritu etev tonizi owukeli sabafom uder ekuze kusimap tapafi ukimife owum nibud onenud tanapar bosenal itana,ovewen dekovaf wowu sever iwanab,30,26,32,28,220,0.9375,90.0,18.0,20.0,2,32,0.0625,msd_target_prefix_v1,1358.2999999998137,"{""anti_ocr"": {""glyph_alpha"": 0.12, ""profile"": ""strong"", ""salient_pixels"": 34784, ""stripe_alpha"": 0.1, ""stripe_width"": 10}, ""completeness_ok"": true, ""counts"": [58513, 58366, 58739, 58382], ""cycle_hz"": 59.52380952385077, ""cycles"": 6, ""dropped_frame_rate"": 0, ""dropped_frames"": 0, ""epsilonPixels"": 8, ""frame_count"": 30, ""gamma"": 4.4, ""height"": 260, ""insert_inversion"": true, ""inversion_alpha"": 0.2, ""inversion_flicker_warn"": true, ""long_frame_intervals"": 0, ""max_frame_interval_ms"": 4.5, ""mean_frame_interval_ms"": 4.166645833333335, ""mode"": ""temporal"", ""n"": 4, ""noise_residual"": 0, ""observed_effective_cycle_hz"": 60.00030000149999, ""observed_full_cycle_hz"": 48.00024000119999, ""observed_refresh_hz"": 240.00120000599995, ""per_cycle_slots"": 5, ""permutation"": [1, 3, 0, 2], ""refresh_hz"": 238.0952380954031, ""rendered_frames"": 4801, ""safe_flicker_hz"": 50, ""timing_intervals"": 4800, ""width"": 900}"
P007,12,control,1,1,1,1,none,epapogu miviv nesen owit uwileze ipatobe edimig isumotu ezimudu vedona iret etewu duna movoge abiwiw udaker wile bawitiv tetedul barer taso gosag zetagam atumub ogemi ufusi agal abunu rekafat ewera gewe ubisuw naroz eteg,epapogu miviv nesen owit uwileze,32,28,32,28,220,1.0,96.0,19.200000000000003,20.0,0,32,0.0,msd_target_prefix_v1,1743.0,"{""anti_ocr"": {""profile"": ""off""}, ""cycle_hz"": 238.0952380954031, ""cycles"": 1, ""dropped_frame_rate"": 0, ""dropped_frames"": 0, ""frame_count"": 1, ""height"": 260, ""insert_inversion"": false, ""long_frame_intervals"": 0, ""max_frame_interval_ms"": 4.5, ""mean_frame_interval_ms"": 4.166645833333338, ""mode"": ""source_control"", ""n"": 1, ""observed_effective_cycle_hz"": 240.00120000599975, ""observed_full_cycle_hz"": 240.00120000599975, ""observed_refresh_hz"": 240.00120000599975, ""per_cycle_slots"": 1, ""refresh_hz"": 238.0952380954031, ""rendered_frames"": 4801, ""safe_flicker_hz"": 50, ""timing_intervals"": 4800, ""width"": 900}"
P007,12,control,2,2,1,1,none,usiv zifo dize biwot redu adumu kiki pevo veneled abiwe zinav rabof fawi susepe ketera oziwoki udobo egizip pilawek zunulot lopu gedi omomez edin rade kodemaf obegino uvibok owol utakid mugeguz goleta bisatu ukivo tubu i,usiv zifo dize biwot redu adumu kiki pev,40,33,40,33,220,1.0,120.0,24.0,20.0,0,40,0.0,msd_target_prefix_v1,303.0,"{""anti_ocr"": {""profile"": ""off""}, ""cycle_hz"": 238.0952380954031, ""cycles"": 1, ""dropped_frame_rate"": 0, ""dropped_frames"": 0, ""frame_count"": 1, ""height"": 260, ""insert_inversion"": false, ""long_frame_intervals"": 0, ""max_frame_interval_ms"": 4.400000000023283, ""mean_frame_interval_ms"": 4.166645833333332, ""mode"": ""source_control"", ""n"": 1, ""observed_effective_cycle_hz"": 240.0012000060001, ""observed_full_cycle_hz"": 240.0012000060001, ""observed_refresh_hz"": 240.0012000060001, ""per_cycle_slots"": 1, ""refresh_hz"": 238.0952380954031, ""rendered_frames"": 4801, ""safe_flicker_hz"": 50, ""timing_intervals"": 4800, ""width"": 900}"
P007,12,masked,3,2,4,4,mask+noise+anti-ocr+inversion,dipiba godeguf daruran litu udon bomo puwewi didar paneta uwela eperav guves omig ugeb vudomil kifiput bibun okonob nomep akosa obera wuzomon ruzapur enim osul tozuvif ukeg turobi luni sivug pikudi idipo owetur okiz aved,dipiba godeguf daruran litu udon,33,28,33,28,220,1.0,99.0,19.8,20.0,0,33,0.0,msd_target_prefix_v1,431.69999999925494,"{""anti_ocr"": {""glyph_alpha"": 0.12, ""profile"": ""strong"", ""salient_pixels"": 35012, ""stripe_alpha"": 0.1, ""stripe_width"": 10}, ""completeness_ok"": true, ""counts"": [58480, 58266, 58764, 58490], ""cycle_hz"": 59.52380952385077, ""cycles"": 6, ""dropped_frame_rate"": 0, ""dropped_frames"": 0, ""epsilonPixels"": 8, ""frame_count"": 30, ""gamma"": 4.4, ""height"": 260, ""insert_inversion"": true, ""inversion_alpha"": 0.2, ""inversion_flicker_warn"": true, ""long_frame_intervals"": 0, ""max_frame_interval_ms"": 4.5, ""mean_frame_interval_ms"": 4.166659720775159, ""mode"": ""temporal"", ""n"": 4, ""noise_residual"": 0, ""observed_effective_cycle_hz"": 60.00010002100445, ""observed_full_cycle_hz"": 48.00008001680356, ""observed_refresh_hz"": 240.0004000840178, ""per_cycle_slots"": 5, ""permutation"": [1, 2, 0, 3], ""refresh_hz"": 238.0952380954031, ""rendered_frames"": 4800, ""safe_flicker_hz"": 50, ""timing_intervals"": 4799, ""width"": 900}"
P008,13,control,0,1,1,1,none,tiduke pewog emese daba fari olot makiw erol ugilid pemovet ugig nifogar atobelo eluzu ipav gerev lofepib ogekab ufedob afarele ofonu kegur fowev uwiled ulunasa menosi evako pumar ebunat ufuko eregima oses pade bitibi ud,tiduke pewog emese daba,23,20,23,20,220,1.0,69.0,13.799999999999999,20.0,0,23,0.0,msd_target_prefix_v1,1431.2999999998137,"{""anti_ocr"": {""profile"": ""off""}, ""cycle_hz"": 238.0952380954031, ""cycles"": 1, ""dropped_frame_rate"": 0, ""dropped_frames"": 0, ""frame_count"": 1, ""height"": 260, ""insert_inversion"": false, ""long_frame_intervals"": 0, ""max_frame_interval_ms"": 4.5, ""mean_frame_interval_ms"": 4.166638883100642, ""mode"": ""source_control"", ""n"": 1, ""observed_effective_cycle_hz"": 240.00160034407418, ""observed_full_cycle_hz"": 240.00160034407418, ""observed_refresh_hz"": 240.00160034407418, ""per_cycle_slots"": 1, ""refresh_hz"": 238.0952380954031, ""rendered_frames"": 4800, ""safe_flicker_hz"": 50, ""timing_intervals"": 4799, ""width"": 900}"
P008,13,masked,1,1,4,4,mask+noise+anti-ocr+inversion,uwif idav valadu ofeb ifilib ekag utufim erulom pukag fosesab owolap boledok repu ivabusa alimavi nabu fotovo ipedu avimo ozupiba tedasom limi ikawaku otowo afeme nidusa vefa gopupiv ediva iziw eweb usegum tugova emavive,uwif idav valadu ofeb if,24,20,24,20,220,1.0,72.0,14.4,20.0,0,24,0.0,msd_target_prefix_v1,614.9000000003725,"{""anti_ocr"": {""glyph_alpha"": 0.12, ""profile"": ""strong"", ""salient_pixels"": 35170, ""stripe_alpha"": 0.1, ""stripe_width"": 10}, ""completeness_ok"": true, ""counts"": [58237, 58640, 58315, 58808], ""cycle_hz"": 59.52380952385077, ""cycles"": 6, ""dropped_frame_rate"": 0, ""dropped_frames"": 0, ""epsilonPixels"": 8, ""frame_count"": 30, ""gamma"": 4.4, ""height"": 260, ""insert_inversion"": true, ""inversion_alpha"": 0.2, ""inversion_flicker_warn"": true, ""long_frame_intervals"": 0, ""max_frame_interval_ms"": 4.400000000023283, ""mean_frame_interval_ms"": 4.166625000000003, ""mode"": ""temporal"", ""n"": 4, ""noise_residual"": 0, ""observed_effective_cycle_hz"": 60.00060000600001, ""observed_full_cycle_hz"": 48.00048000480001, ""observed_refresh_hz"": 240.00240002400005, ""per_cycle_slots"": 5, ""permutation"": [3, 1, 2, 0], ""refresh_hz"": 238.0952380954031, ""rendered_frames"": 4801, ""safe_flicker_hz"": 50, ""timing_intervals"": 4800, ""width"": 900}"
P008,13,masked,2,2,4,4,mask+noise+anti-ocr+inversion,pazobof ukebe feteze lezufas ukobeva winupar uvotu sekiram tamak giwowi afidiv asas senego evel ogog vusi sovuki afipuda nugeru idilol uwifi idolut ebupek uwis zipata emiba ewaf afekam kebitu esaz nitu uwipov ugetere buf,pazobof ukebe fetezele,22,20,22,20,220,0.9565217391304348,66.0,13.200000000000001,20.0,1,23,0.043478260869565216,msd_target_prefix_v1,511.09999999962747,"{""anti_ocr"": {""glyph_alpha"": 0.12, ""profile"": ""strong"", ""salient_pixels"": 34986, ""stripe_alpha"": 0.1, ""stripe_width"": 10}, ""completeness_ok"": true, ""counts"": [58521, 58708, 58327, 58444], ""cycle_hz"": 59.52380952385077, ""cycles"": 6, ""dropped_frame_rate"": 0, ""dropped_frames"": 0, ""epsilonPixels"": 8, ""frame_count"": 30, ""gamma"": 4.4, ""height"": 260, ""insert_inversion"": true, ""inversion_alpha"": 0.2, ""inversion_flicker_warn"": true, ""long_frame_intervals"": 0, ""max_frame_interval_ms"": 4.5, ""mean_frame_interval_ms"": 4.166624999999997, ""mode"": ""temporal"", ""n"": 4, ""noise_residual"": 0, ""observed_effective_cycle_hz"": 60.0006000060001, ""observed_full_cycle_hz"": 48.00048000480008, ""observed_refresh_hz"": 240.0024000240004, ""per_cycle_slots"": 5, ""permutation"": [0, 1, 2, 3], ""refresh_hz"": 238.0952380954031, ""rendered_frames"": 4801, ""safe_flicker_hz"": 50, ""timing_intervals"": 4800, ""width"": 900}"
P008,13,control,3,2,1,1,none,uboga tamazom erutese ofupi rufuw wafevu ewomono sonud onanupa dite vakodak umile gisa sabufi azesusi gumug omipoto siluro usora temo mivutu ipow osuva zumin aruv utag umavew ivawu nisoken ofof nidazi fawemu neziko inire,uboga tamazom erutese ofupi,28,24,28,24,220,1.0,84.0,16.8,20.0,0,28,0.0,msd_target_prefix_v1,2159.0,"{""anti_ocr"": {""profile"": ""off""}, ""cycle_hz"": 238.0952380954031, ""cycles"": 1, ""dropped_frame_rate"": 0, ""dropped_frames"": 0, ""frame_count"": 1, ""height"": 260, ""insert_inversion"": false, ""long_frame_intervals"": 0, ""max_frame_interval_ms"": 4.599999999976717, ""mean_frame_interval_ms"": 4.166597207751615, ""mode"": ""source_control"", ""n"": 1, ""observed_effective_cycle_hz"": 240.00400090020253, ""observed_full_cycle_hz"": 240.00400090020253, ""observed_refresh_hz"": 240.00400090020253, ""per_cycle_slots"": 1, ""refresh_hz"": 238.0952380954031, ""rendered_frames"": 4800, ""safe_flicker_hz"": 50, ""timing_intervals"": 4799, ""width"": 900}"
P009,14,masked,0,1,4,4,mask+noise+anti-ocr+inversion,isemiv livotuv nezen igedon nanoma asug ofowu adirab amoso debike inof weko oven upidubu numuv digon utig gudidef ozovu nebul obem elusere lizofum dinoguv lileror inabak fovariw zaso elub odapi kazum gates reto mozowar i,isemiv livotuv nezen igedon,28,24,28,24,220,1.0,84.0,16.8,20.0,0,28,0.0,msd_target_prefix_v1,350.69999999925494,"{""anti_ocr"": {""glyph_alpha"": 0.12, ""profile"": ""strong"", ""salient_pixels"": 34628, ""stripe_alpha"": 0.1, ""stripe_width"": 10}, ""completeness_ok"": true, ""counts"": [58551, 58683, 58518, 58248], ""cycle_hz"": 59.52380952385077, ""cycles"": 6, ""dropped_frame_rate"": 0, ""dropped_frames"": 0, ""epsilonPixels"": 8, ""frame_count"": 30, ""gamma"": 4.4, ""height"": 260, ""insert_inversion"": true, ""inversion_alpha"": 0.2, ""inversion_flicker_warn"": true, ""long_frame_intervals"": 0, ""max_frame_interval_ms"": 4.5, ""mean_frame_interval_ms"": 4.166624999999997, ""mode"": ""temporal"", ""n"": 4, ""noise_residual"": 0, ""observed_effective_cycle_hz"": 60.0006000060001, ""observed_full_cycle_hz"": 48.00048000480008, ""observed_refresh_hz"": 240.0024000240004, ""per_cycle_slots"": 5, ""permutation"": [0, 3, 2, 1], ""refresh_hz"": 238.0952380954031, ""rendered_frames"": 4801, ""safe_flicker_hz"": 50, ""timing_intervals"": 4800, ""width"": 900}"
P009,14,control,1,1,1,1,none,sizug ukodava gore defoti ewebu litekis atukaf ivog ebit adolin miwodu ezan fora bikada ezope gatudu ramuvez elag egim onazo osob zasemot efiv akudo mewo botasan asom kodo rotusa memiziw ibov kibis fiwu olor buzaze pinib,sizug ukodava gore defoti ewebu li,34,29,34,29,220,1.0,102.0,20.400000000000002,20.0,0,34,0.0,msd_target_prefix_v1,311.5,"{""anti_ocr"": {""profile"": ""off""}, ""cycle_hz"": 238.0952380954031, ""cycles"": 1, ""dropped_frame_rate"": 0, ""dropped_frames"": 0, ""frame_count"": 1, ""height"": 260, ""insert_inversion"": false, ""long_frame_intervals"": 0, ""max_frame_interval_ms"": 4.400000000023283, ""mean_frame_interval_ms"": 4.166624999999997, ""mode"": ""source_control"", ""n"": 1, ""observed_effective_cycle_hz"": 240.0024000240004, ""observed_full_cycle_hz"": 240.0024000240004, ""observed_refresh_hz"": 240.0024000240004, ""per_cycle_slots"": 1, ""refresh_hz"": 238.0952380954031, ""rendered_frames"": 4801, ""safe_flicker_hz"": 50, ""timing_intervals"": 4800, ""width"": 900}"
P009,14,control,2,2,1,1,none,runuwi owug pofesuz nesaki apufo wupisal surubo magan idasa eseke iwiten amovor udig uvad arafata afifozi silipok lubiw zalug efatopu emerov aril kalob fatupil somo agenuru fezu enub uvedin vonuwa igatav azivis fezu rudo,runuwi owug pofesuz nesaki apufo w,34,29,34,29,220,1.0,102.0,20.400000000000002,20.0,0,34,0.0,msd_target_prefix_v1,295.1000000005588,"{""anti_ocr"": {""profile"": ""off""}, ""cycle_hz"": 238.0952380954031, ""cycles"": 1, ""dropped_frame_rate"": 0, ""dropped_frames"": 0, ""frame_count"": 1, ""height"": 260, ""insert_inversion"": false, ""long_frame_intervals"": 0, ""max_frame_interval_ms"": 4.400000000023283, ""mean_frame_interval_ms"": 4.166618045426126, ""mode"": ""source_control"", ""n"": 1, ""observed_effective_cycle_hz"": 240.00280061613583, ""observed_full_cycle_hz"": 240.00280061613583, ""observed_refresh_hz"": 240.00280061613583, ""per_cycle_slots"": 1, ""refresh_hz"": 238.0952380954031, ""rendered_frames"": 4800, ""safe_flicker_hz"": 50, ""timing_intervals"": 4799, ""width"": 900}"
P009,14,masked,3,2,4,4,mask+noise+anti-ocr+inversion,menafew zetir gezum pubut ebur vifusa ezumama abos sopodu ovidofi iziv meza epuvumi vuduti mizige punedum vaseza dezerev usuw dibuvor akurovo igusi rodo bozigeg tefape depum desope usobos efamuma uliror ofaras tuzu zedot,menfew zetir gezum pubut ebur vi,32,27,32,27,220,0.9696969696969697,96.0,19.200000000000003,20.0,1,33,0.030303030303030304,msd_target_prefix_v1,319.40000000037253,"{""anti_ocr"": {""glyph_alpha"": 0.12, ""profile"": ""strong"", ""salient_pixels"": 34603, ""stripe_alpha"": 0.1, ""stripe_width"": 10}, ""completeness_ok"": true, ""counts"": [58720, 58616, 58199, 58465], ""cycle_hz"": 59.52380952385077, ""cycles"": 6, ""dropped_frame_rate"": 0, ""dropped_frames"": 0, ""epsilonPixels"": 8, ""frame_count"": 30, ""gamma"": 4.4, ""height"": 260, ""insert_inversion"": true, ""inversion_alpha"": 0.2, ""inversion_flicker_warn"": true, ""long_frame_intervals"": 0, ""max_frame_interval_ms"": 4.300000000046566, ""mean_frame_interval_ms"": 4.166624999999997, ""mode"": ""temporal"", ""n"": 4, ""noise_residual"": 0, ""observed_effective_cycle_hz"": 60.0006000060001, ""observed_full_cycle_hz"": 48.00048000480008, ""observed_refresh_hz"": 240.0024000240004, ""per_cycle_slots"": 5, ""permutation"": [1, 2, 0, 3], ""refresh_hz"": 238.0952380954031, ""rendered_frames"": 4801, ""safe_flicker_hz"": 50, ""timing_intervals"": 4800, ""width"": 900}"
P010,15,control,0,1,1,1,none,kizep inamawo lamer abur gataf sofeki utibaz kewo edafo buveza tamare akeg wovekow ufeb wamo tadu koso remani ipufol afalas zafafer vuwobi zonuro toza ibizuli luro abuge uzapon betefiw lidorig ivilar ogurez ewozuw denu s,kizep inamawo lamer abur gataf sofeki so,38,32,40,34,220,0.95,114.0,22.8,20.0,2,40,0.05,msd_target_prefix_v1,670.5,"{""anti_ocr"": {""profile"": ""off""}, ""cycle_hz"": 238.0952380954031, ""cycles"": 1, ""dropped_frame_rate"": 0, ""dropped_frames"": 0, ""frame_count"": 1, ""height"": 260, ""insert_inversion"": false, ""long_frame_intervals"": 0, ""max_frame_interval_ms"": 4.5, ""mean_frame_interval_ms"": 4.166624999999997, ""mode"": ""source_control"", ""n"": 1, ""observed_effective_cycle_hz"": 240.0024000240004, ""observed_full_cycle_hz"": 240.0024000240004, ""observed_refresh_hz"": 240.0024000240004, ""per_cycle_slots"": 1, ""refresh_hz"": 238.0952380954031, ""rendered_frames"": 4801, ""safe_flicker_hz"": 50, ""timing_intervals"": 4800, ""width"": 900}"
P010,15,masked,1,1,4,4,mask+noise+anti-ocr+inversion,ezase emufave iwaza lowur irusab uperi dudig rulokit kekerem ifuk asurase afato igurum urusap avofo wemok enaveke mukugam ugipa gabomob gimobop ubakago ekokuv turo nepuve tutewi pevu igebegi ukefiru emapina ugefa erorok,eazase emufave iwaza lowur irusab up,35,30,36,31,219,0.9722222222222222,105.0,21.0,20.0,1,35,0.027777777777777776,msd_target_prefix_v1,399.20000000018626,"{""anti_ocr"": {""glyph_alpha"": 0.12, ""profile"": ""strong"", ""salient_pixels"": 35190, ""stripe_alpha"": 0.1, ""stripe_width"": 10}, ""completeness_ok"": true, ""counts"": [58552, 58507, 58293, 58648], ""cycle_hz"": 59.52380952385077, ""cycles"": 6, ""dropped_frame_rate"": 0, ""dropped_frames"": 0, ""epsilonPixels"": 8, ""frame_count"": 30, ""gamma"": 4.4, ""height"": 260, ""insert_inversion"": true, ""inversion_alpha"": 0.2, ""inversion_flicker_warn"": true, ""long_frame_intervals"": 0, ""max_frame_interval_ms"": 4.600000000005821, ""mean_frame_interval_ms"": 4.166625000000003, ""mode"": ""temporal"", ""n"": 4, ""noise_residual"": 0, ""observed_effective_cycle_hz"": 60.00060000600001, ""observed_full_cycle_hz"": 48.00048000480001, ""observed_refresh_hz"": 240.00240002400005, ""per_cycle_slots"": 5, ""permutation"": [3, 1, 0, 2], ""refresh_hz"": 238.0952380954031, ""rendered_frames"": 4801, ""safe_flicker_hz"": 50, ""timing_intervals"": 4800, ""width"": 900}"
P010,15,masked,2,2,4,4,mask+noise+anti-ocr+inversion,pada vunepom bunew azafez vava zagok ipedidi niwes epomik ibelor sovagaw liki alope fuma nevu posapo mazo feketil fazeno bedapi zekir webizo okadam isovok uzane diresup enenom wimezoz piruw idete efari dudup uwog osego p,pada vunepom bunew azafez vava zagok,37,31,37,31,220,1.0,111.0,22.200000000000003,20.0,0,37,0.0,msd_target_prefix_v1,1014.4000000003725,"{""anti_ocr"": {""glyph_alpha"": 0.12, ""profile"": ""strong"", ""salient_pixels"": 34766, ""stripe_alpha"": 0.1, ""stripe_width"": 10}, ""completeness_ok"": true, ""counts"": [58948, 58475, 58451, 58126], ""cycle_hz"": 59.52380952385077, ""cycles"": 6, ""dropped_frame_rate"": 0, ""dropped_frames"": 0, ""epsilonPixels"": 8, ""frame_count"": 30, ""gamma"": 4.4, ""height"": 260, ""insert_inversion"": true, ""inversion_alpha"": 0.2, ""inversion_flicker_warn"": true, ""long_frame_intervals"": 0, ""max_frame_interval_ms"": 4.600000000005821, ""mean_frame_interval_ms"": 4.166638883100642, ""mode"": ""temporal"", ""n"": 4, ""noise_residual"": 0, ""observed_effective_cycle_hz"": 60.000400086018544, ""observed_full_cycle_hz"": 48.00032006881484, ""observed_refresh_hz"": 240.00160034407418, ""per_cycle_slots"": 5, ""permutation"": [0, 3, 1, 2], ""refresh_hz"": 238.0952380954031, ""rendered_frames"": 4800, ""safe_flicker_hz"": 50, ""timing_intervals"": 4799, ""width"": 900}"
P010,15,control,3,2,1,1,none,fuvek wibegem badu vezo sene upogebo muzigig atamot azuram sofowe nuzarar udobase satut opapil epon ekaz unikobo tuve ekuwun abope gadel funoz apisu vasifo oral pibu mepa lapem nitasa lutenev nubasik sisa poni eremal fem,fuvek wibegem badu vedu sene upo,30,25,32,27,220,0.9375,90.0,18.0,20.0,2,32,0.0625,msd_target_prefix_v1,1246.7999999998137,"{""anti_ocr"": {""profile"": ""off""}, ""cycle_hz"": 238.0952380954031, ""cycles"": 1, ""dropped_frame_rate"": 0, ""dropped_frames"": 0, ""frame_count"": 1, ""height"": 260, ""insert_inversion"": false, ""long_frame_intervals"": 0, ""max_frame_interval_ms"": 4.5, ""mean_frame_interval_ms"": 4.166624999999997, ""mode"": ""source_control"", ""n"": 1, ""observed_effective_cycle_hz"": 240.0024000240004, ""observed_full_cycle_hz"": 240.0024000240004, ""observed_refresh_hz"": 240.0024000240004, ""per_cycle_slots"": 1, ""refresh_hz"": 238.0952380954031, ""rendered_frames"": 4801, ""safe_flicker_hz"": 50, ""timing_intervals"": 4800, ""width"": 900}"
P011,16,masked,0,1,4,4,mask+noise+anti-ocr+inversion,umasu ilab webef melu etof asasori orarut wifi bazon giwime umupuk uson eripol redaka kebi pamezi enow baza uzugu ogif afapa uvavu ugutu binup iwepegu olema upeg iburusu rarube isumase usavu sube usiniwo dotini urowovi z,unasu ilab webef mebef melu etof a,27,22,34,28,220,0.7941176470588236,81.0,16.200000000000003,20.0,7,28,0.20588235294117646,msd_target_prefix_v1,454.59999999962747,"{""anti_ocr"": {""glyph_alpha"": 0.12, ""profile"": ""strong"", ""salient_pixels"": 34209, ""stripe_alpha"": 0.1, ""stripe_width"": 10}, ""completeness_ok"": true, ""counts"": [58486, 58307, 58533, 58674], ""cycle_hz"": 59.52380952385077, ""cycles"": 6, ""dropped_frame_rate"": 0, ""dropped_frames"": 0, ""epsilonPixels"": 8, ""frame_count"": 30, ""gamma"": 4.4, ""height"": 260, ""insert_inversion"": true, ""inversion_alpha"": 0.2, ""inversion_flicker_warn"": true, ""long_frame_intervals"": 0, ""max_frame_interval_ms"": 4.300000000017462, ""mean_frame_interval_ms"": 4.166666666666667, ""mode"": ""temporal"", ""n"": 4, ""noise_residual"": 0, ""observed_effective_cycle_hz"": 59.99999999999999, ""observed_full_cycle_hz"": 47.99999999999999, ""observed_refresh_hz"": 239.99999999999997, ""per_cycle_slots"": 5, ""permutation"": [2, 0, 3, 1], ""refresh_hz"": 238.0952380954031, ""rendered_frames"": 4801, ""safe_flicker_hz"": 50, ""timing_intervals"": 4800, ""width"": 900}"
P011,16,control,1,1,1,1,none,subado lidufid ipire geforap tobabi tofa monu agago owera uzesaf ukom aradu umilibu udiv zunan viwiza soni ogesapu wuvo ikina ipom lifu odiveb lobok afusa ekegun tevomef atogiwa megisuw okakilu atakaw ukawa motusuk usen,subado lidufid ipire geforap,29,25,29,25,219,1.0,87.0,17.400000000000002,20.0,0,29,0.0,msd_target_prefix_v1,534.2000000001863,"{""anti_ocr"": {""profile"": ""off""}, ""cycle_hz"": 238.0952380954031, ""cycles"": 1, ""dropped_frame_rate"": 0, ""dropped_frames"": 0, ""frame_count"": 1, ""height"": 260, ""insert_inversion"": false, ""long_frame_intervals"": 0, ""max_frame_interval_ms"": 4.7000000000116415, ""mean_frame_interval_ms"": 4.166659720775165, ""mode"": ""source_control"", ""n"": 1, ""observed_effective_cycle_hz"": 240.00040008401743, ""observed_full_cycle_hz"": 240.00040008401743, ""observed_refresh_hz"": 240.00040008401743, ""per_cycle_slots"": 1, ""refresh_hz"": 238.0952380954031, ""rendered_frames"": 4800, ""safe_flicker_hz"": 50, ""timing_intervals"": 4799, ""width"": 900}"
P011,16,control,2,2,1,1,none,tudef pewuz zepa depu gufo anediru molago ofatuva mapatef ezor alikuz uzev potil avitin obeguvo ewisuwi uzev alesel utepe okufab umozifa miza momobag oleziw godub wevamif guben nepalo afanoz awabet ovuna gozuv nuzi ifan,tudef pewuz zepa depu gufo anedi,32,27,32,27,219,1.0,96.0,19.200000000000003,20.0,0,32,0.0,msd_target_prefix_v1,559.9000000003725,"{""anti_ocr"": {""profile"": ""off""}, ""cycle_hz"": 238.0952380954031, ""cycles"": 1, ""dropped_frame_rate"": 0, ""dropped_frames"": 0, ""frame_count"": 1, ""height"": 260, ""insert_inversion"": false, ""long_frame_intervals"": 0, ""max_frame_interval_ms"": 4.600000000005821, ""mean_frame_interval_ms"": 4.166604166666669, ""mode"": ""source_control"", ""n"": 1, ""observed_effective_cycle_hz"": 240.00360005400066, ""observed_full_cycle_hz"": 240.00360005400066, ""observed_refresh_hz"": 240.00360005400066, ""per_cycle_slots"": 1, ""refresh_hz"": 238.0952380954031, ""rendered_frames"": 4801, ""safe_flicker_hz"": 50, ""timing_intervals"": 4800, ""width"": 900}"
P011,16,masked,3,2,4,4,mask+noise+anti-ocr+inversion,useg uvel gute osonig ukubebo agiwofo fosewa tonibe kodil noluki uvor okini fanutem tema none lufa siku nobepek wela nugabir subopiz enaz itonepu lazug amotawo uzavuli foda topu runosu guza ururibe owikora gefolow bovi a,useg uvel gute osonig ukubebo,30,25,30,25,220,1.0,90.0,18.0,20.0,0,30,0.0,msd_target_prefix_v1,551.1000000005588,"{""anti_ocr"": {""glyph_alpha"": 0.12, ""profile"": ""strong"", ""salient_pixels"": 34723, ""stripe_alpha"": 0.1, ""stripe_width"": 10}, ""completeness_ok"": true, ""counts"": [58690, 58708, 58088, 58514], ""cycle_hz"": 59.52380952385077, ""cycles"": 6, ""dropped_frame_rate"": 0, ""dropped_frames"": 0, ""epsilonPixels"": 8, ""frame_count"": 30, ""gamma"": 4.4, ""height"": 260, ""insert_inversion"": true, ""inversion_alpha"": 0.2, ""inversion_flicker_warn"": true, ""long_frame_intervals"": 0, ""max_frame_interval_ms"": 4.300000000017462, ""mean_frame_interval_ms"": 4.166625000000003, ""mode"": ""temporal"", ""n"": 4, ""noise_residual"": 0, ""observed_effective_cycle_hz"": 60.00060000600001, ""observed_full_cycle_hz"": 48.00048000480001, ""observed_refresh_hz"": 240.00240002400005, ""per_cycle_slots"": 5, ""permutation"": [3, 0, 1, 2], ""refresh_hz"": 238.0952380954031, ""rendered_frames"": 4801, ""safe_flicker_hz"": 50, ""timing_intervals"": 4800, ""width"": 900}"
P012,17,control,0,1,1,1,none,fubudo itaseko dobabe vipefum awapo aduz zilo aseki usudege wagufor kewa ifeb aveb oneru utozil gumuka mebuw ifulu vavot fuganif evibu kila alemiza ledaluf epuloni onawub tepe netutu subep fiver nigime anoniw manewi miba,fubudo itaseko dobabe vipefum awapo aduz,41,35,41,35,220,1.0,123.0,24.599999999999998,20.0,0,41,0.0,msd_target_prefix_v1,511.29999999981374,"{""anti_ocr"": {""profile"": ""off""}, ""cycle_hz"": 238.0952380954031, ""cycles"": 1, ""dropped_frame_rate"": 0, ""dropped_frames"": 0, ""frame_count"": 1, ""height"": 260, ""insert_inversion"": false, ""long_frame_intervals"": 0, ""max_frame_interval_ms"": 4.69999999999709, ""mean_frame_interval_ms"": 4.166618045426128, ""mode"": ""source_control"", ""n"": 1, ""observed_effective_cycle_hz"": 240.00280061613566, ""observed_full_cycle_hz"": 240.00280061613566, ""observed_refresh_hz"": 240.00280061613566, ""per_cycle_slots"": 1, ""refresh_hz"": 238.0952380954031, ""rendered_frames"": 4800, ""safe_flicker_hz"": 50, ""timing_intervals"": 4799, ""width"": 900}"
P012,17,masked,1,1,4,4,mask+noise+anti-ocr+inversion,tepin gonak upemi evez fode awigo vabep owum voke asewemu mepid idida avakugi pusopul ufow otazo padagu zaluzut pemidu bopuvuk beso banuko idevatu bigob ulesesi ipozumi fularuv fubu zinif ubel gopiwar govunu alizilu ogod,tepin gonak upeni evez fode awigo vabep ow,41,34,42,35,220,0.9761904761904762,123.0,24.599999999999998,20.0,1,42,0.023809523809523808,msd_target_prefix_v1,391.6000000005588,"{""anti_ocr"": {""glyph_alpha"": 0.12, ""profile"": ""strong"", ""salient_pixels"": 35420, ""stripe_alpha"": 0.1, ""stripe_width"": 10}, ""completeness_ok"": true, ""counts"": [58760, 58867, 58337, 58036], ""cycle_hz"": 59.52380952385077, ""cycles"": 6, ""dropped_frame_rate"": 0, ""dropped_frames"": 0, ""epsilonPixels"": 8, ""frame_count"": 30, ""gamma"": 4.4, ""height"": 260, ""insert_inversion"": true, ""inversion_alpha"": 0.2, ""inversion_flicker_warn"": true, ""long_frame_intervals"": 0, ""max_frame_interval_ms"": 4.600000000005821, ""mean_frame_interval_ms"": 4.1666388831006484, ""mode"": ""temporal"", ""n"": 4, ""noise_residual"": 0, ""observed_effective_cycle_hz"": 60.00040008601846, ""observed_full_cycle_hz"": 48.000320068814766, ""observed_refresh_hz"": 240.00160034407384, ""per_cycle_slots"": 5, ""permutation"": [2, 3, 1, 0], ""refresh_hz"": 238.0952380954031, ""rendered_frames"": 4800, ""safe_flicker_hz"": 50, ""timing_intervals"": 4799, ""width"": 900}"
P012,17,masked,2,2,4,4,mask+noise+anti-ocr+inversion,mipod atunan piva dodek isoza uviraf nanok tepi kigot bodo pusiz vukiso gowofu sozim zevovav ikakimu ovit eliwa izatu uwabaki kuzanuv ebesa move ekaw nosu fugato enopiz netonol vonawaf ufiribo etatagu emezi wigi iwadivi,mipod atauunan piva dodek isoza uviraf nanok,43,36,45,38,219,0.9555555555555556,129.0,25.8,20.0,2,43,0.044444444444444446,msd_target_prefix_v1,374.70000000018626,"{""anti_ocr"": {""glyph_alpha"": 0.12, ""profile"": ""strong"", ""salient_pixels"": 34623, ""stripe_alpha"": 0.1, ""stripe_width"": 10}, ""completeness_ok"": true, ""counts"": [58707, 58635, 58516, 58142], ""cycle_hz"": 59.52380952385077, ""cycles"": 6, ""dropped_frame_rate"": 0, ""dropped_frames"": 0, ""epsilonPixels"": 8, ""frame_count"": 30, ""gamma"": 4.4, ""height"": 260, ""insert_inversion"": true, ""inversion_alpha"": 0.2, ""inversion_flicker_warn"": true, ""long_frame_intervals"": 0, ""max_frame_interval_ms"": 4.5, ""mean_frame_interval_ms"": 4.166618045426132, ""mode"": ""temporal"", ""n"": 4, ""noise_residual"": 0, ""observed_effective_cycle_hz"": 60.000700154033865, ""observed_full_cycle_hz"": 48.00056012322709, ""observed_refresh_hz"": 240.00280061613546, ""per_cycle_slots"": 5, ""permutation"": [3, 2, 1, 0], ""refresh_hz"": 238.0952380954031, ""rendered_frames"": 4800, ""safe_flicker_hz"": 50, ""timing_intervals"": 4799, ""width"": 900}"
P012,17,control,3,2,1,1,none,elibave eguma befis edagifa azoku ewep ovog sude emadisi matazof zelum bubitul apuri upisizo lotoz egag medubu nusewok areri keta uwudi ukube bigale izanar uribeke nopu oworaze ifapi peri gode ugelod vutefi sobem azav eg,elibave eguma befis edagifa azoku ewep ovop sude,48,40,49,41,220,0.9795918367346939,144.0,28.8,20.0,1,49,0.02040816326530612,msd_target_prefix_v1,447.09999999962747,"{""anti_ocr"": {""profile"": ""off""}, ""cycle_hz"": 238.0952380954031, ""cycles"": 1, ""dropped_frame_rate"": 0, ""dropped_frames"": 0, ""frame_count"": 1, ""height"": 260, ""insert_inversion"": false, ""long_frame_intervals"": 0, ""max_frame_interval_ms"": 4.400000000023283, ""mean_frame_interval_ms"": 4.166625000000003, ""mode"": ""source_control"", ""n"": 1, ""observed_effective_cycle_hz"": 240.00240002400005, ""observed_full_cycle_hz"": 240.00240002400005, ""observed_refresh_hz"": 240.00240002400005, ""per_cycle_slots"": 1, ""refresh_hz"": 238.0952380954031, ""rendered_frames"": 4801, ""safe_flicker_hz"": 50, ""timing_intervals"": 4800, ""width"": 900}"
P013,18,masked,0,1,4,4,mask+noise+anti-ocr+inversion,vanepiv towotus woneze vira napin vasufe zodu bereba agir isil ovak esikagu ulilo tagupi amuw pufesaz onas tegazip zededo otades iwim irunera ivusog sidoke mofuzut wupadup atip gasepaw bepekun igileka buge nusova fezara,vanrppiv towotus woneze vira n,28,24,30,26,219,0.9333333333333333,84.0,16.8,20.0,2,29,0.06666666666666667,msd_target_prefix_v1,463.20000000018626,"{""anti_ocr"": {""glyph_alpha"": 0.12, ""profile"": ""strong"", ""salient_pixels"": 34928, ""stripe_alpha"": 0.1, ""stripe_width"": 10}, ""completeness_ok"": true, ""counts"": [58114, 58682, 58672, 58532], ""cycle_hz"": 59.523809523799216, ""cycles"": 6, ""dropped_frame_rate"": 0, ""dropped_frames"": 0, ""epsilonPixels"": 8, ""frame_count"": 30, ""gamma"": 4.4, ""height"": 260, ""insert_inversion"": true, ""inversion_alpha"": 0.2, ""inversion_flicker_warn"": true, ""long_frame_intervals"": 0, ""max_frame_interval_ms"": 4.7000000000116415, ""mean_frame_interval_ms"": 4.166618045426128, ""mode"": ""temporal"", ""n"": 4, ""noise_residual"": 0, ""observed_effective_cycle_hz"": 60.000700154033915, ""observed_full_cycle_hz"": 48.00056012322713, ""observed_refresh_hz"": 240.00280061613566, ""per_cycle_slots"": 5, ""permutation"": [0, 2, 3, 1], ""refresh_hz"": 238.09523809519686, ""rendered_frames"": 4800, ""safe_flicker_hz"": 50, ""timing_intervals"": 4799, ""width"": 900}"
P013,18,control,1,1,1,1,none,gogim arilaf supez bakiriv wamepig zawofaf eriviku tafapa omut ekevawu esun viziken gigazan wodu wefib sodivo libate rila pise pugale erape abuvusi otud ibimuv lori inib vipi bebote inofe fatilok gugop bukap agor opusug,gogim arilaf supez bakiriv wame,31,27,31,27,219,1.0,93.0,18.6,20.0,0,31,0.0,msd_target_prefix_v1,511.09999999962747,"{""anti_ocr"": {""profile"": ""off""}, ""cycle_hz"": 238.09523809519686, ""cycles"": 1, ""dropped_frame_rate"": 0, ""dropped_frames"": 0, ""frame_count"": 1, ""height"": 260, ""insert_inversion"": false, ""long_frame_intervals"": 0, ""max_frame_interval_ms"": 4.5, ""mean_frame_interval_ms"": 4.1666388831006484, ""mode"": ""source_control"", ""n"": 1, ""observed_effective_cycle_hz"": 240.00160034407384, ""observed_full_cycle_hz"": 240.00160034407384, ""observed_refresh_hz"": 240.00160034407384, ""per_cycle_slots"": 1, ""refresh_hz"": 238.09523809519686, ""rendered_frames"": 4800, ""safe_flicker_hz"": 50, ""timing_intervals"": 4799, ""width"": 900}"
P013,18,control,2,2,1,1,none,isasif zaran amuviso bipes mapi elasar unor duri awiwa ekunika mosuw opizi metal ilam tevenok isomo kemira rafunaw nivumiv bosupi rope fosisuw ebaza zafikem vilem okafesu asimolu lavi uredaz itovik iranata imubop onodese,isasif zaran amuviso bipes mapi elasa,37,32,37,32,220,1.0,111.0,22.200000000000003,20.0,0,37,0.0,msd_target_prefix_v1,439.19999999925494,"{""anti_ocr"": {""profile"": ""off""}, ""cycle_hz"": 238.09523809519686, ""cycles"": 1, ""dropped_frame_rate"": 0, ""dropped_frames"": 0, ""frame_count"": 1, ""height"": 260, ""insert_inversion"": false, ""long_frame_intervals"": 0, ""max_frame_interval_ms"": 4.600000000005821, ""mean_frame_interval_ms"": 4.166659720775159, ""mode"": ""source_control"", ""n"": 1, ""observed_effective_cycle_hz"": 240.0004000840178, ""observed_full_cycle_hz"": 240.0004000840178, ""observed_refresh_hz"": 240.0004000840178, ""per_cycle_slots"": 1, ""refresh_hz"": 238.09523809519686, ""rendered_frames"": 4800, ""safe_flicker_hz"": 50, ""timing_intervals"": 4799, ""width"": 900}"
P013,18,masked,3,2,4,4,mask+noise+anti-ocr+inversion,vino onomad avoza fazil zeniz ugorur aketoz iwak adosufe abezeti iravuk rudof iwudun diga odovug diwume umur mebepe lonimiw winudi sabizop zuzew adopemu sodiko elalal erilar ranevak waku avad ladu vubala okimu anefe kepi,vino onomad avoza fazil zeniz ugor,34,29,34,29,220,1.0,102.0,20.400000000000002,20.0,0,34,0.0,msd_target_prefix_v1,143.59999999962747,"{""anti_ocr"": {""glyph_alpha"": 0.12, ""profile"": ""strong"", ""salient_pixels"": 34612, ""stripe_alpha"": 0.1, ""stripe_width"": 10}, ""completeness_ok"": true, ""counts"": [58313, 58847, 58509, 58331], ""cycle_hz"": 59.523809523799216, ""cycles"": 6, ""dropped_frame_rate"": 0, ""dropped_frames"": 0, ""epsilonPixels"": 8, ""frame_count"": 30, ""gamma"": 4.4, ""height"": 260, ""insert_inversion"": true, ""inversion_alpha"": 0.2, ""inversion_flicker_warn"": true, ""long_frame_intervals"": 0, ""max_frame_interval_ms"": 4.400000000023283, ""mean_frame_interval_ms"": 4.166645833333338, ""mode"": ""temporal"", ""n"": 4, ""noise_residual"": 0, ""observed_effective_cycle_hz"": 60.00030000149994, ""observed_full_cycle_hz"": 48.00024000119995, ""observed_refresh_hz"": 240.00120000599975, ""per_cycle_slots"": 5, ""permutation"": [1, 3, 2, 0], ""refresh_hz"": 238.09523809519686, ""rendered_frames"": 4801, ""safe_flicker_hz"": 50, ""timing_intervals"": 4800, ""width"": 900}"
P014,19,control,0,1,1,1,none,ufigu aliwus lokot iral kibimet agud sevug pewav pavuz ugagifo sewuv gipeg vita anake afinu tegonog avibe omekak idegi agetus fawok afik umipote baluren ubefup nibola tanu vimafaw asalago aludana uguw izivuri aligaf sosu,ufigu aliwus lokot iral kibimet agud sevug pewav pavuz ugagifo sewuv gi,71,60,71,60,220,1.0,213.0,42.6,20.0,0,71,0.0,msd_target_prefix_v1,303.40000000037253,"{""anti_ocr"": {""profile"": ""off""}, ""cycle_hz"": 238.09523809529998, ""cycles"": 1, ""dropped_frame_rate"": 0, ""dropped_frames"": 0, ""frame_count"": 1, ""height"": 260, ""insert_inversion"": false, ""long_frame_intervals"": 0, ""max_frame_interval_ms"": 4.5, ""mean_frame_interval_ms"": 4.166638883100646, ""mode"": ""source_control"", ""n"": 1, ""observed_effective_cycle_hz"": 240.00160034407398, ""observed_full_cycle_hz"": 240.00160034407398, ""observed_refresh_hz"": 240.00160034407398, ""per_cycle_slots"": 1, ""refresh_hz"": 238.09523809529998, ""rendered_frames"": 4800, ""safe_flicker_hz"": 50, ""timing_intervals"": 4799, ""width"": 900}"
P014,19,masked,1,1,4,4,mask+noise+anti-ocr+inversion,osevar fomusi epasi ilonu pimime pozugod ufez kasun pefag oveka inurin tudok koseki okere vivowi zizip ukufuz osow evimod igum zika kekat urigaf ubafeb edami niwo malub ikugo itala ekid eposol utonu inekub epamam nagerep,osevar fomusi epasi ilonu pimine pozugod ufez kasun pefag oveka inurin tudok koseki oke,86,73,87,74,220,0.9885057471264368,258.0,51.6,20.0,1,87,0.011494252873563218,msd_target_prefix_v1,255.20000000018626,"{""anti_ocr"": {""glyph_alpha"": 0.12, ""profile"": ""strong"", ""salient_pixels"": 34986, ""stripe_alpha"": 0.1, ""stripe_width"": 10}, ""completeness_ok"": true, ""counts"": [58579, 58543, 58578, 58300], ""cycle_hz"": 59.523809523824994, ""cycles"": 6, ""dropped_frame_rate"": 0, ""dropped_frames"": 0, ""epsilonPixels"": 8, ""frame_count"": 30, ""gamma"": 4.4, ""height"": 260, ""insert_inversion"": true, ""inversion_alpha"": 0.2, ""inversion_flicker_warn"": true, ""long_frame_intervals"": 0, ""max_frame_interval_ms"": 4.5, ""mean_frame_interval_ms"": 4.166624999999997, ""mode"": ""temporal"", ""n"": 4, ""noise_residual"": 0, ""observed_effective_cycle_hz"": 60.0006000060001, ""observed_full_cycle_hz"": 48.00048000480008, ""observed_refresh_hz"": 240.0024000240004, ""per_cycle_slots"": 5, ""permutation"": [3, 0, 2, 1], ""refresh_hz"": 238.09523809529998, ""rendered_frames"": 4801, ""safe_flicker_hz"": 50, ""timing_intervals"": 4800, ""width"": 900}"
P014,19,masked,2,2,4,4,mask+noise+anti-ocr+inversion,idus osuwaz ekedobi modoti ukaripe umaw imek ropafi evibari mope osegoz odepovu pebe bakemi kosag izepi libi ruzi riwuzam irateb enobi bilisul seri nebip kapolu afel iwada kazolir regiv epog norofa fekuma wepode owos kat,idus osuwaz ekedobi modoti ukaripe unaw imek ropafi evibari mope osegoz,71,60,72,61,220,0.9861111111111112,213.0,42.6,20.0,1,72,0.013888888888888888,msd_target_prefix_v1,294.80000000074506,"{""anti_ocr"": {""glyph_alpha"": 0.12, ""profile"": ""strong"", ""salient_pixels"": 34622, ""stripe_alpha"": 0.1, ""stripe_width"": 10}, ""completeness_ok"": true, ""counts"": [58200, 58559, 58478, 58763], ""cycle_hz"": 59.523809523824994, ""cycles"": 6, ""dropped_frame_rate"": 0, ""dropped_frames"": 0, ""epsilonPixels"": 8, ""frame_count"": 30, ""gamma"": 4.4, ""height"": 260, ""insert_inversion"": true, ""inversion_alpha"": 0.2, ""inversion_flicker_warn"": true, ""long_frame_intervals"": 0, ""max_frame_interval_ms"": 4.5, ""mean_frame_interval_ms"": 4.166624999999997, ""mode"": ""temporal"", ""n"": 4, ""noise_residual"": 0, ""observed_effective_cycle_hz"": 60.0006000060001, ""observed_full_cycle_hz"": 48.00048000480008, ""observed_refresh_hz"": 240.0024000240004, ""per_cycle_slots"": 5, ""permutation"": [0, 1, 2, 3], ""refresh_hz"": 238.09523809529998, ""rendered_frames"": 4801, ""safe_flicker_hz"": 50, ""timing_intervals"": 4800, ""width"": 900}"
P014,19,control,3,2,1,1,none,edor mewuf opuz giwozin owilel efunuro epivapo nebo gutapak osifek ubilo vigu fewatet dupob efig kafivew vesoz vuvod ibomot ewak vitekat ofiv usim dumip goga zawe upavu aguweko wuguv isapam omimele ugiku otata leruka igi,edor mewuf opu giwozin owilel efunuro epivapg nebo gutapak osifek ubilo,71,60,72,61,220,0.9726027397260274,213.0,42.6,20.0,2,73,0.0273972602739726,msd_target_prefix_v1,407.29999999981374,"{""anti_ocr"": {""profile"": ""off""}, ""cycle_hz"": 238.09523809529998, ""cycles"": 1, ""dropped_frame_rate"": 0, ""dropped_frames"": 0, ""frame_count"": 1, ""height"": 260, ""insert_inversion"": false, ""long_frame_intervals"": 0, ""max_frame_interval_ms"": 4.5, ""mean_frame_interval_ms"": 4.166597207751615, ""mode"": ""source_control"", ""n"": 1, ""observed_effective_cycle_hz"": 240.00400090020253, ""observed_full_cycle_hz"": 240.00400090020253, ""observed_refresh_hz"": 240.00400090020253, ""per_cycle_slots"": 1, ""refresh_hz"": 238.09523809529998, ""rendered_frames"": 4800, ""safe_flicker_hz"": 50, ""timing_intervals"": 4799, ""width"": 900}"
P015,20,masked,0,1,4,4,mask+noise+anti-ocr+inversion,gikotus loranam odobi emuli sipuw olonero tido bogado igimure ivozik resib emaburo muwake edusa zoro sofalo vilor manov dufawa suru lelewaz gagafe ofunup ubinav uzawapo afuz zafil eseso warides uzumodi ukumugo urifom pis,gikotus loranan odobi en,22,19,24,21,220,0.9166666666666666,66.0,13.200000000000001,20.0,2,24,0.08333333333333333,msd_target_prefix_v1,695.0,"{""anti_ocr"": {""glyph_alpha"": 0.12, ""profile"": ""strong"", ""salient_pixels"": 34765, ""stripe_alpha"": 0.1, ""stripe_width"": 10}, ""completeness_ok"": true, ""counts"": [58420, 58468, 58587, 58525], ""cycle_hz"": 59.52380952116972, ""cycles"": 6, ""dropped_frame_rate"": 0, ""dropped_frames"": 0, ""epsilonPixels"": 8, ""frame_count"": 30, ""gamma"": 4.4, ""height"": 260, ""insert_inversion"": true, ""inversion_alpha"": 0.2, ""inversion_flicker_warn"": true, ""long_frame_intervals"": 0, ""max_frame_interval_ms"": 4.599999999627471, ""mean_frame_interval_ms"": 4.166624999999962, ""mode"": ""temporal"", ""n"": 4, ""noise_residual"": 0, ""observed_effective_cycle_hz"": 60.00060000600061, ""observed_full_cycle_hz"": 48.00048000480049, ""observed_refresh_hz"": 240.00240002400244, ""per_cycle_slots"": 5, ""permutation"": [1, 0, 3, 2], ""refresh_hz"": 238.09523808467887, ""rendered_frames"": 4801, ""safe_flicker_hz"": 50, ""timing_intervals"": 4800, ""width"": 900}"
P015,20,control,1,1,1,1,none,wazeso ufawun rukakip fozo mibozep seta roruse fugoz ozabe akel atifin ufumuf koroze bemused narek ireteta lori apam busap tuwabib kuzonog isob obonil esob lase lusunad pobal igosur babuva fozabe vubori rude opub erafiw,wazeso ufawun rukaip fo,23,20,23,20,219,0.9583333333333334,69.0,13.799999999999999,20.0,1,24,0.041666666666666664,msd_target_prefix_v1,599.5999999996275,"{""anti_ocr"": {""profile"": ""off""}, ""cycle_hz"": 238.09523808467887, ""cycles"": 1, ""dropped_frame_rate"": 0, ""dropped_frames"": 0, ""frame_count"": 1, ""height"": 260, ""insert_inversion"": false, ""long_frame_intervals"": 0, ""max_frame_interval_ms"": 4.599999999627471, ""mean_frame_interval_ms"": 4.166638883100685, ""mode"": ""source_control"", ""n"": 1, ""observed_effective_cycle_hz"": 240.00160034407173, ""observed_full_cycle_hz"": 240.00160034407173, ""observed_refresh_hz"": 240.00160034407173, ""per_cycle_slots"": 1, ""refresh_hz"": 238.09523808467887, ""rendered_frames"": 4800, ""safe_flicker_hz"": 50, ""timing_intervals"": 4799, ""width"": 900}"
P015,20,control,2,2,1,1,none,fegil lenaw ubufoz gezag nuna igokawe afapif newag varama lobul puvi olota ladisat kavo ukatit duwilit bafe mukogif kinu ipuzug dapupo zituz mezuw fabar emuto isokeg kepi nubip enir ovomasu rano tubo ekedadi efulez arebi,fegil lenaw ubufoz gezag,25,21,25,21,220,1.0,75.0,15.0,20.0,0,25,0.0,msd_target_prefix_v1,671.8999999985099,"{""anti_ocr"": {""profile"": ""off""}, ""cycle_hz"": 238.09523808467887, ""cycles"": 1, ""dropped_frame_rate"": 0, ""dropped_frames"": 0, ""frame_count"": 1, ""height"": 260, ""insert_inversion"": false, ""long_frame_intervals"": 0, ""max_frame_interval_ms"": 4.599999999627471, ""mean_frame_interval_ms"": 4.166624999999962, ""mode"": ""source_control"", ""n"": 1, ""observed_effective_cycle_hz"": 240.00240002400244, ""observed_full_cycle_hz"": 240.00240002400244, ""observed_refresh_hz"": 240.00240002400244, ""per_cycle_slots"": 1, ""refresh_hz"": 238.09523808467887, ""rendered_frames"": 4801, ""safe_flicker_hz"": 50, ""timing_intervals"": 4800, ""width"": 900}"
P015,20,masked,3,2,4,4,mask+noise+anti-ocr+inversion,urur ufumawu nunene iwagiwu zigire daped ofalid tareput luvu telumaf valo radoda otapu wiro zeluna ufumob atinep livisap ugogani egivof aziki ikise vurune efep eneru agifak moraw ulep voweb awet nipe guvezos pifinav wabo,ururufanawu nunnene iwag,21,19,24,22,220,0.8333333333333334,63.0,12.600000000000001,20.0,4,24,0.16666666666666666,msd_target_prefix_v1,383.69999999925494,"{""anti_ocr"": {""glyph_alpha"": 0.12, ""profile"": ""strong"", ""salient_pixels"": 34659, ""stripe_alpha"": 0.1, ""stripe_width"": 10}, ""completeness_ok"": true, ""counts"": [58544, 58276, 58632, 58548], ""cycle_hz"": 59.52380952116972, ""cycles"": 6, ""dropped_frame_rate"": 0, ""dropped_frames"": 0, ""epsilonPixels"": 8, ""frame_count"": 30, ""gamma"": 4.4, ""height"": 260, ""insert_inversion"": true, ""inversion_alpha"": 0.2, ""inversion_flicker_warn"": true, ""long_frame_intervals"": 0, ""max_frame_interval_ms"": 4.400000000372529, ""mean_frame_interval_ms"": 4.166597207751615, ""mode"": ""temporal"", ""n"": 4, ""noise_residual"": 0, ""observed_effective_cycle_hz"": 60.00100022505063, ""observed_full_cycle_hz"": 48.00080018004051, ""observed_refresh_hz"": 240.00400090020253, ""per_cycle_slots"": 5, ""permutation"": [3, 1, 0, 2], ""refresh_hz"": 238.09523808467887, ""rendered_frames"": 4800, ""safe_flicker_hz"": 50, ""timing_intervals"": 4799, ""width"": 900}"
P016,21,control,0,1,1,1,none,runa amaz upimale tuma wegeni itumas tubo muga esofon ozes suriwi opiva kegisad anos okuwobo fake ubiti abipa olevode ipar awomota ivugit osikul guvegu epiz owuzu awor gutok gevov fibid awavizi asunugu odin iwabino ufose,runa amaz upimale tuma wegeni ituma tu,38,32,38,32,220,0.9743589743589743,114.0,22.8,20.0,1,39,0.02564102564102564,msd_target_prefix_v1,479.09999999962747,"{""anti_ocr"": {""profile"": ""off""}, ""cycle_hz"": 238.09523809519686, ""cycles"": 1, ""dropped_frame_rate"": 0, ""dropped_frames"": 0, ""frame_count"": 1, ""height"": 260, ""insert_inversion"": false, ""long_frame_intervals"": 0, ""max_frame_interval_ms"": 4.399999999994179, ""mean_frame_interval_ms"": 4.166618045426132, ""mode"": ""source_control"", ""n"": 1, ""observed_effective_cycle_hz"": 240.00280061613546, ""observed_full_cycle_hz"": 240.00280061613546, ""observed_refresh_hz"": 240.00280061613546, ""per_cycle_slots"": 1, ""refresh_hz"": 238.09523809519686, ""rendered_frames"": 4800, ""safe_flicker_hz"": 50, ""timing_intervals"": 4799, ""width"": 900}"
P016,21,masked,1,1,4,4,mask+noise+anti-ocr+inversion,budum vezefov lewisu otip evugaz azipe mowig dobo idud ugum nalina gimo piwati ewezine rufof esod evimi utit telu ebabawu sogofu imaz tiridi elak wetop memef tipel evawuf tofun nilafo vawu febup awetav zoluz seva uwib ad,budun vezefov lewisu oti,23,20,24,21,220,0.9583333333333334,69.0,13.799999999999999,20.0,1,24,0.041666666666666664,msd_target_prefix_v1,1023.6999999992549,"{""anti_ocr"": {""glyph_alpha"": 0.12, ""profile"": ""strong"", ""salient_pixels"": 34296, ""stripe_alpha"": 0.1, ""stripe_width"": 10}, ""completeness_ok"": true, ""counts"": [58459, 58195, 58757, 58589], ""cycle_hz"": 59.523809523799216, ""cycles"": 6, ""dropped_frame_rate"": 0, ""dropped_frames"": 0, ""epsilonPixels"": 8, ""frame_count"": 30, ""gamma"": 4.4, ""height"": 260, ""insert_inversion"": true, ""inversion_alpha"": 0.2, ""inversion_flicker_warn"": true, ""long_frame_intervals"": 0, ""max_frame_interval_ms"": 4.599999999976717, ""mean_frame_interval_ms"": 4.166618045426132, ""mode"": ""temporal"", ""n"": 4, ""noise_residual"": 0, ""observed_effective_cycle_hz"": 60.000700154033865, ""observed_full_cycle_hz"": 48.00056012322709, ""observed_refresh_hz"": 240.00280061613546, ""per_cycle_slots"": 5, ""permutation"": [3, 2, 0, 1], ""refresh_hz"": 238.09523809519686, ""rendered_frames"": 4800, ""safe_flicker_hz"": 50, ""timing_intervals"": 4799, ""width"": 900}"
P016,21,masked,2,2,4,4,mask+noise+anti-ocr+inversion,obamowu fida utad vopi pugiw agupod ekudalo zatoro init pipivel lidasog metod ibiwat tigo osis dobow ovadet ripuk oduwesu wubode rareguk pize amozaki utimim miwom kitut lovo daveger omif mowod bezotiv ezape obugal otawuw,obamowu fida utad vopi pu,25,21,25,21,220,1.0,75.0,15.0,20.0,0,25,0.0,msd_target_prefix_v1,2287.5,"{""anti_ocr"": {""glyph_alpha"": 0.12, ""profile"": ""strong"", ""salient_pixels"": 35269, ""stripe_alpha"": 0.1, ""stripe_width"": 10}, ""completeness_ok"": true, ""counts"": [58428, 58574, 58754, 58244], ""cycle_hz"": 59.523809523799216, ""cycles"": 6, ""dropped_frame_rate"": 0, ""dropped_frames"": 0, ""epsilonPixels"": 8, ""frame_count"": 30, ""gamma"": 4.4, ""height"": 260, ""insert_inversion"": true, ""inversion_alpha"": 0.2, ""inversion_flicker_warn"": true, ""long_frame_intervals"": 0, ""max_frame_interval_ms"": 4.7000000000116415, ""mean_frame_interval_ms"": 4.166618045426132, ""mode"": ""temporal"", ""n"": 4, ""noise_residual"": 0, ""observed_effective_cycle_hz"": 60.000700154033865, ""observed_full_cycle_hz"": 48.00056012322709, ""observed_refresh_hz"": 240.00280061613546, ""per_cycle_slots"": 5, ""permutation"": [2, 0, 1, 3], ""refresh_hz"": 238.09523809519686, ""rendered_frames"": 4800, ""safe_flicker_hz"": 50, ""timing_intervals"": 4799, ""width"": 900}"
P016,21,control,3,2,1,1,none,ikuwo wedi iwides gezemi ifim ubiv zufiwe umad ruve nidufit ukiz newu tofe uvot utev uniwunu kasore okogano anev atovo lope ilon osobimo itobus uzeres dawu azuto edulevu kewo rumewu unaw itig agubu kubudi tami obutus upi,ikuwo wedi iwides gezemi ifim ub,32,27,32,27,220,1.0,96.0,19.200000000000003,20.0,0,32,0.0,msd_target_prefix_v1,519.5,"{""anti_ocr"": {""profile"": ""off""}, ""cycle_hz"": 238.09523809519686, ""cycles"": 1, ""dropped_frame_rate"": 0, ""dropped_frames"": 0, ""frame_count"": 1, ""height"": 260, ""insert_inversion"": false, ""long_frame_intervals"": 0, ""max_frame_interval_ms"": 4.399999999994179, ""mean_frame_interval_ms"": 4.166618045426132, ""mode"": ""source_control"", ""n"": 1, ""observed_effective_cycle_hz"": 240.00280061613546, ""observed_full_cycle_hz"": 240.00280061613546, ""observed_refresh_hz"": 240.00280061613546, ""per_cycle_slots"": 1, ""refresh_hz"": 238.09523809519686, ""rendered_frames"": 4800, ""safe_flicker_hz"": 50, ""timing_intervals"": 4799, ""width"": 900}"
P017,22,masked,0,1,4,4,mask+noise+anti-ocr+inversion,towot nolufez aromom fasoni rafe peripa sikim supuw aruka zanu dalot atapeze irogir esetof arazuk duviwir akeba wulan wagu eper atilowe gumika ipurote edes sowevif obovuta uvezif awob uralok bifimas ikikuk mekewow rigefa,towotnolufez aromom fasoni rafe,31,28,31,28,220,0.96875,93.0,18.6,20.0,1,32,0.03125,msd_target_prefix_v1,335.30000000074506,"{""anti_ocr"": {""glyph_alpha"": 0.12, ""profile"": ""strong"", ""salient_pixels"": 34624, ""stripe_alpha"": 0.1, ""stripe_width"": 10}, ""completeness_ok"": true, ""counts"": [58520, 58177, 58295, 59008], ""cycle_hz"": 59.523809523824994, ""cycles"": 6, ""dropped_frame_rate"": 0, ""dropped_frames"": 0, ""epsilonPixels"": 8, ""frame_count"": 30, ""gamma"": 4.4, ""height"": 260, ""insert_inversion"": true, ""inversion_alpha"": 0.2, ""inversion_flicker_warn"": true, ""long_frame_intervals"": 0, ""max_frame_interval_ms"": 4.600000000005821, ""mean_frame_interval_ms"": 4.166638883100646, ""mode"": ""temporal"", ""n"": 4, ""noise_residual"": 0, ""observed_effective_cycle_hz"": 60.000400086018495, ""observed_full_cycle_hz"": 48.000320068814794, ""observed_refresh_hz"": 240.00160034407398, ""per_cycle_slots"": 5, ""permutation"": [2, 3, 1, 0], ""refresh_hz"": 238.09523809529998, ""rendered_frames"": 4800, ""safe_flicker_hz"": 50, ""timing_intervals"": 4799, ""width"": 900}"
P017,22,control,1,1,1,1,none,gizum esasu umezedo mawiv viziv wagu atapisu deron povuku fevesu otatiwa anazuv efib vigobi neko fatifaz labek ovab epavere onim saluso giluz vofapiz obigo uzovo dobun elog ariwubi bazone aruwa azowul sesa motole femepe,gizum esasu umezedo mawiv viziv wagu atap,41,35,41,35,219,1.0,123.0,24.599999999999998,20.0,0,41,0.0,msd_target_prefix_v1,319.40000000037253,"{""anti_ocr"": {""profile"": ""off""}, ""cycle_hz"": 238.09523809529998, ""cycles"": 1, ""dropped_frame_rate"": 0, ""dropped_frames"": 0, ""frame_count"": 1, ""height"": 260, ""insert_inversion"": false, ""long_frame_intervals"": 0, ""max_frame_interval_ms"": 4.5, ""mean_frame_interval_ms"": 4.166618045426132, ""mode"": ""source_control"", ""n"": 1, ""observed_effective_cycle_hz"": 240.00280061613546, ""observed_full_cycle_hz"": 240.00280061613546, ""observed_refresh_hz"": 240.00280061613546, ""per_cycle_slots"": 1, ""refresh_hz"": 238.09523809529998, ""rendered_frames"": 4800, ""safe_flicker_hz"": 50, ""timing_intervals"": 4799, ""width"": 900}"
P017,22,control,2,2,1,1,none,dezefil ipas luva novosuz verorur efamewo bator pegaza ofiwag pawop tines ogakite ewozomi ifowop ufaliwi dozav ugil luduvaf padem olirek avare ikob alezofo abewok sumotab evuku detus gamu urafiw unakaw mudew levan uduvow,dezefil ipas luva novosuz verorur efamew,40,35,40,35,220,1.0,120.0,24.0,20.0,0,40,0.0,msd_target_prefix_v1,367.0,"{""anti_ocr"": {""profile"": ""off""}, ""cycle_hz"": 238.09523809529998, ""cycles"": 1, ""dropped_frame_rate"": 0, ""dropped_frames"": 0, ""frame_count"": 1, ""height"": 260, ""insert_inversion"": false, ""long_frame_intervals"": 0, ""max_frame_interval_ms"": 4.300000000017462, ""mean_frame_interval_ms"": 4.166618045426132, ""mode"": ""source_control"", ""n"": 1, ""observed_effective_cycle_hz"": 240.00280061613546, ""observed_full_cycle_hz"": 240.00280061613546, ""observed_refresh_hz"": 240.00280061613546, ""per_cycle_slots"": 1, ""refresh_hz"": 238.09523809529998, ""rendered_frames"": 4800, ""safe_flicker_hz"": 50, ""timing_intervals"": 4799, ""width"": 900}"
P017,22,masked,3,2,4,4,mask+noise+anti-ocr+inversion,uvide oranapu netawu iwamoz dodegu iwuk ifosoru esum afud tesura vumuza rakogol uwore kabid dabog pedapep afuni aluvim ofefara ifod gumatib tomiwu bozap patepe izel idamiz gevurof sapapi savu ugozu nedep otare uvelar mom,uvide oranapu netawu iwamoz dodegu iw,37,32,37,32,220,1.0,111.0,22.200000000000003,20.0,0,37,0.0,msd_target_prefix_v1,471.0,"{""anti_ocr"": {""glyph_alpha"": 0.12, ""profile"": ""strong"", ""salient_pixels"": 34862, ""stripe_alpha"": 0.1, ""stripe_width"": 10}, ""completeness_ok"": true, ""counts"": [58615, 58149, 58519, 58717], ""cycle_hz"": 59.523809523824994, ""cycles"": 6, ""dropped_frame_rate"": 0, ""dropped_frames"": 0, ""epsilonPixels"": 8, ""frame_count"": 30, ""gamma"": 4.4, ""height"": 260, ""insert_inversion"": true, ""inversion_alpha"": 0.2, ""inversion_flicker_warn"": true, ""long_frame_intervals"": 0, ""max_frame_interval_ms"": 4.5, ""mean_frame_interval_ms"": 4.166645833333338, ""mode"": ""temporal"", ""n"": 4, ""noise_residual"": 0, ""observed_effective_cycle_hz"": 60.00030000149994, ""observed_full_cycle_hz"": 48.00024000119995, ""observed_refresh_hz"": 240.00120000599975, ""per_cycle_slots"": 5, ""permutation"": [0, 3, 2, 1], ""refresh_hz"": 238.09523809529998, ""rendered_frames"": 4801, ""safe_flicker_hz"": 50, ""timing_intervals"": 4800, ""width"": 900}"
P018,23,control,0,1,1,1,none,uzif utonof lusorik ofedewa fotuvo nirumuw dovoro sarab gilime dulu fatidi kakike kakutiz iwefizu ofata avuri ukar rowuga ugot ovisawi etagalu onewis subewu akadag gifosa pudos petugif ukam kibo bamo ofen dititav mimape,uzif utonof lusori,18,16,18,16,219,1.0,54.0,10.8,20.0,0,18,0.0,msd_target_prefix_v1,3927.0999999996275,"{""anti_ocr"": {""profile"": ""off""}, ""cycle_hz"": 238.09523809519686, ""cycles"": 1, ""dropped_frame_rate"": 0, ""dropped_frames"": 0, ""frame_count"": 1, ""height"": 260, ""insert_inversion"": false, ""long_frame_intervals"": 0, ""max_frame_interval_ms"": 4.600000000005821, ""mean_frame_interval_ms"": 4.166645833333332, ""mode"": ""source_control"", ""n"": 1, ""observed_effective_cycle_hz"": 240.0012000060001, ""observed_full_cycle_hz"": 240.0012000060001, ""observed_refresh_hz"": 240.0012000060001, ""per_cycle_slots"": 1, ""refresh_hz"": 238.09523809519686, ""rendered_frames"": 4801, ""safe_flicker_hz"": 50, ""timing_intervals"": 4800, ""width"": 900}"
P018,23,masked,1,1,4,4,mask+noise+anti-ocr+inversion,fezev izikim etokig obil dabogo ugibe buka erinod wurop muvovum kamezub nevov usip enono obuno ekefi ganuter afimib iwomet mivevo ariv sapo begole efito ibisek avelupi kedu numef mebe anuvof zeteza otegale utimi onunuk o,fezev izijim etokig obil da,26,22,27,23,220,0.962962962962963,78.0,15.600000000000001,20.0,1,27,0.037037037037037035,msd_target_prefix_v1,455.30000000074506,"{""anti_ocr"": {""glyph_alpha"": 0.12, ""profile"": ""strong"", ""salient_pixels"": 34815, ""stripe_alpha"": 0.1, ""stripe_width"": 10}, ""completeness_ok"": true, ""counts"": [58756, 58565, 58056, 58623], ""cycle_hz"": 59.523809523799216, ""cycles"": 6, ""dropped_frame_rate"": 0, ""dropped_frames"": 0, ""epsilonPixels"": 8, ""frame_count"": 30, ""gamma"": 4.4, ""height"": 260, ""insert_inversion"": true, ""inversion_alpha"": 0.2, ""inversion_flicker_warn"": true, ""long_frame_intervals"": 0, ""max_frame_interval_ms"": 4.600000000005821, ""mean_frame_interval_ms"": 4.1666388831006484, ""mode"": ""temporal"", ""n"": 4, ""noise_residual"": 0, ""observed_effective_cycle_hz"": 60.00040008601846, ""observed_full_cycle_hz"": 48.000320068814766, ""observed_refresh_hz"": 240.00160034407384, ""per_cycle_slots"": 5, ""permutation"": [0, 1, 2, 3], ""refresh_hz"": 238.09523809519686, ""rendered_frames"": 4800, ""safe_flicker_hz"": 50, ""timing_intervals"": 4799, ""width"": 900}"
P018,23,masked,2,2,4,4,mask+noise+anti-ocr+inversion,zasavek edadet awepene awudezo vofu ubadud iramu emivo nusugi edomaw erebotu komab imunako ufozo warapa towaz nevap aresus libiv mozam sunof ipoz imabo ekuti ulapun azez bibesi pofuv awosovi umamon egukam ewofeku mavati,zasavek edadet awepenne,23,20,24,21,219,0.9583333333333334,69.0,13.799999999999999,20.0,1,23,0.041666666666666664,msd_target_prefix_v1,1143.4000000003725,"{""anti_ocr"": {""glyph_alpha"": 0.12, ""profile"": ""strong"", ""salient_pixels"": 34454, ""stripe_alpha"": 0.1, ""stripe_width"": 10}, ""completeness_ok"": true, ""counts"": [58523, 58332, 58646, 58499], ""cycle_hz"": 59.523809523799216, ""cycles"": 6, ""dropped_frame_rate"": 0, ""dropped_frames"": 0, ""epsilonPixels"": 8, ""frame_count"": 30, ""gamma"": 4.4, ""height"": 260, ""insert_inversion"": true, ""inversion_alpha"": 0.2, ""inversion_flicker_warn"": true, ""long_frame_intervals"": 0, ""max_frame_interval_ms"": 4.5, ""mean_frame_interval_ms"": 4.1666388831006484, ""mode"": ""temporal"", ""n"": 4, ""noise_residual"": 0, ""observed_effective_cycle_hz"": 60.00040008601846, ""observed_full_cycle_hz"": 48.000320068814766, ""observed_refresh_hz"": 240.00160034407384, ""per_cycle_slots"": 5, ""permutation"": [3, 2, 1, 0], ""refresh_hz"": 238.09523809519686, ""rendered_frames"": 4800, ""safe_flicker_hz"": 50, ""timing_intervals"": 4799, ""width"": 900}"
P018,23,control,3,2,1,1,none,uzufuv ibosan narip ofofibi uber izike obuga idiz odebus wadimip neru unug pebok dadufek gere elen unogo ilagup muzug owuguv ezozezu egawa ureno mokok afidoz iruwe idilo ririf aviku zura analak ivis nimud dapivu ifab pib,uzufuv ibosan narip ofofibi ub,30,26,30,26,220,1.0,90.0,18.0,20.0,0,30,0.0,msd_target_prefix_v1,454.30000000074506,"{""anti_ocr"": {""profile"": ""off""}, ""cycle_hz"": 238.09523809519686, ""cycles"": 1, ""dropped_frame_rate"": 0, ""dropped_frames"": 0, ""frame_count"": 1, ""height"": 260, ""insert_inversion"": false, ""long_frame_intervals"": 0, ""max_frame_interval_ms"": 4.699999999982538, ""mean_frame_interval_ms"": 4.166618045426132, ""mode"": ""source_control"", ""n"": 1, ""observed_effective_cycle_hz"": 240.00280061613546, ""observed_full_cycle_hz"": 240.00280061613546, ""observed_refresh_hz"": 240.00280061613546, ""per_cycle_slots"": 1, ""refresh_hz"": 238.09523809519686, ""rendered_frames"": 4800, ""safe_flicker_hz"": 50, ""timing_intervals"": 4799, ""width"": 900}"
P019,24,masked,0,1,4,4,mask+noise+anti-ocr+inversion,igevum lido inuvo edapem utas sepine mosupo odum emumal nomid radiba mekaf fope kukego uniduvu odebol mewelu iluk ametu ukogan orevol bulore vosuvan lumutiz tide zefome zili ugese tugadub ones vefa kesen asizov namadaz n,o igeeun lido inuve,14,12,19,16,220,0.736842105263158,42.0,8.4,20.0,5,17,0.2631578947368421,msd_target_prefix_v1,1359.300000000745,"{""anti_ocr"": {""glyph_alpha"": 0.12, ""profile"": ""strong"", ""salient_pixels"": 34641, ""stripe_alpha"": 0.1, ""stripe_width"": 10}, ""completeness_ok"": true, ""counts"": [58630, 58578, 58264, 58528], ""cycle_hz"": 59.52380952385077, ""cycles"": 6, ""dropped_frame_rate"": 0, ""dropped_frames"": 0, ""epsilonPixels"": 8, ""frame_count"": 30, ""gamma"": 4.4, ""height"": 260, ""insert_inversion"": true, ""inversion_alpha"": 0.2, ""inversion_flicker_warn"": true, ""long_frame_intervals"": 0, ""max_frame_interval_ms"": 4.5, ""mean_frame_interval_ms"": 4.166645833333335, ""mode"": ""temporal"", ""n"": 4, ""noise_residual"": 0, ""observed_effective_cycle_hz"": 60.00030000149999, ""observed_full_cycle_hz"": 48.00024000119999, ""observed_refresh_hz"": 240.00120000599995, ""per_cycle_slots"": 5, ""permutation"": [3, 0, 1, 2], ""refresh_hz"": 238.0952380954031, ""rendered_frames"": 4801, ""safe_flicker_hz"": 50, ""timing_intervals"": 4800, ""width"": 900}"
P019,24,control,1,1,1,1,none,agit ilatil nife eporin porovim filaz ameg lapof ugebupu puzav uzesi alurune alizud amisole wipizam owifazo ulozof sira epef dapenow efub kalab gavuka idika lapavit orafofe evav itobup esiluwa lozizif amidoni mike epeki,agit ilatil nife eporin porovin,30,26,31,27,219,0.967741935483871,90.0,18.0,20.0,1,31,0.03225806451612903,msd_target_prefix_v1,1367.199999999255,"{""anti_ocr"": {""profile"": ""off""}, ""cycle_hz"": 238.0952380954031, ""cycles"": 1, ""dropped_frame_rate"": 0, ""dropped_frames"": 0, ""frame_count"": 1, ""height"": 260, ""insert_inversion"": false, ""long_frame_intervals"": 0, ""max_frame_interval_ms"": 4.800000000017462, ""mean_frame_interval_ms"": 4.166638883100642, ""mode"": ""source_control"", ""n"": 1, ""observed_effective_cycle_hz"": 240.00160034407418, ""observed_full_cycle_hz"": 240.00160034407418, ""observed_refresh_hz"": 240.00160034407418, ""per_cycle_slots"": 1, ""refresh_hz"": 238.0952380954031, ""rendered_frames"": 4800, ""safe_flicker_hz"": 50, ""timing_intervals"": 4799, ""width"": 900}"
P019,24,control,2,2,1,1,none,aweko bela ilin usosak emub afuzola efeze ulemif temelof vikekuw puduned unig ravi ozufur muwuvim wupe begose ikonit lebava susolo obetet afik ibole uluzu inapir loziga lubok anida mogik titimo amibal debi zulam ifug ewe,awekp bela ilin usosak emub afi,29,24,31,26,220,0.935483870967742,87.0,17.400000000000002,20.0,2,31,0.06451612903225806,msd_target_prefix_v1,351.90000000037253,"{""anti_ocr"": {""profile"": ""off""}, ""cycle_hz"": 238.0952380954031, ""cycles"": 1, ""dropped_frame_rate"": 0, ""dropped_frames"": 0, ""frame_count"": 1, ""height"": 260, ""insert_inversion"": false, ""long_frame_intervals"": 0, ""max_frame_interval_ms"": 4.600000000005821, ""mean_frame_interval_ms"": 4.166624999999997, ""mode"": ""source_control"", ""n"": 1, ""observed_effective_cycle_hz"": 240.0024000240004, ""observed_full_cycle_hz"": 240.0024000240004, ""observed_refresh_hz"": 240.0024000240004, ""per_cycle_slots"": 1, ""refresh_hz"": 238.0952380954031, ""rendered_frames"": 4801, ""safe_flicker_hz"": 50, ""timing_intervals"": 4800, ""width"": 900}"
P019,24,masked,3,2,4,4,mask+noise+anti-ocr+inversion,regut ulupis vafa olofe riveg oniwis ogat adowi pozeso wuzos unomun zigali anefuv tadod sumit ozun olilis nosibew done ufepavu akiwe ikasom usom ibufe upabate izubin ovokos domulol apake lafomo ezavebo evewi lapuz manisa,regut ulupis vafa olofe riveg oniwis o,38,32,38,32,220,1.0,114.0,22.8,20.0,0,38,0.0,msd_target_prefix_v1,943.4000000003725,"{""anti_ocr"": {""glyph_alpha"": 0.12, ""profile"": ""strong"", ""salient_pixels"": 34681, ""stripe_alpha"": 0.1, ""stripe_width"": 10}, ""completeness_ok"": true, ""counts"": [58163, 58476, 58590, 58771], ""cycle_hz"": 59.52380952385077, ""cycles"": 6, ""dropped_frame_rate"": 0, ""dropped_frames"": 0, ""epsilonPixels"": 8, ""frame_count"": 30, ""gamma"": 4.4, ""height"": 260, ""insert_inversion"": true, ""inversion_alpha"": 0.2, ""inversion_flicker_warn"": true, ""long_frame_intervals"": 0, ""max_frame_interval_ms"": 4.5, ""mean_frame_interval_ms"": 4.166638883100642, ""mode"": ""temporal"", ""n"": 4, ""noise_residual"": 0, ""observed_effective_cycle_hz"": 60.000400086018544, ""observed_full_cycle_hz"": 48.00032006881484, ""observed_refresh_hz"": 240.00160034407418, ""per_cycle_slots"": 5, ""permutation"": [1, 3, 2, 0], ""refresh_hz"": 238.0952380954031, ""rendered_frames"": 4800, ""safe_flicker_hz"": 50, ""timing_intervals"": 4799, ""width"": 900}"
P020,26,masked,0,1,4,4,mask+noise+anti-ocr+inversion,ipiv detis balim kidiser tofum eleke tunubi iniver upukoma osun kakeni kezi vuwiw mubew ebas deduto lomipi nodivor numuzul ekop esek osid ozov ebon paron nikerop omoripe sodelol sodi zige upuzosa tivita sufe ewifuw isomo,ipiv detis balim kidiser tofum eleke tunubi iniver ipukoma,58,49,59,50,220,0.9830508474576272,174.0,34.800000000000004,20.0,1,59,0.01694915254237288,msd_target_prefix_v1,1007.3000000007451,"{""anti_ocr"": {""glyph_alpha"": 0.12, ""profile"": ""strong"", ""salient_pixels"": 34541, ""stripe_alpha"": 0.1, ""stripe_width"": 10}, ""completeness_ok"": true, ""counts"": [58562, 58451, 58247, 58740], ""cycle_hz"": 59.523809523799216, ""cycles"": 6, ""dropped_frame_rate"": 0, ""dropped_frames"": 0, ""epsilonPixels"": 8, ""frame_count"": 30, ""gamma"": 4.4, ""height"": 260, ""insert_inversion"": true, ""inversion_alpha"": 0.2, ""inversion_flicker_warn"": true, ""long_frame_intervals"": 0, ""max_frame_interval_ms"": 4.400000000008731, ""mean_frame_interval_ms"": 4.166625000000003, ""mode"": ""temporal"", ""n"": 4, ""noise_residual"": 0, ""observed_effective_cycle_hz"": 60.00060000600001, ""observed_full_cycle_hz"": 48.00048000480001, ""observed_refresh_hz"": 240.00240002400005, ""per_cycle_slots"": 5, ""permutation"": [1, 0, 3, 2], ""refresh_hz"": 238.09523809519686, ""rendered_frames"": 4801, ""safe_flicker_hz"": 50, ""timing_intervals"": 4800, ""width"": 900}"
P020,26,control,1,1,1,1,none,azefo alim gese ogul gewurov furanof alid pafime uritaw depiv ovamepi zazevug melotu aviv obesuz oluz menin fifoza wapokuz naberes apeg ufal iror ruril awopele mokaso upibuk adukaf erowege udum tapef topof ropu urisi rat,azefo alim gese ogil gewurov furanof alid pafl=ikme,48,40,52,44,220,0.9230769230769231,144.0,28.8,20.0,4,49,0.07692307692307693,msd_target_prefix_v1,367.90000000037253,"{""anti_ocr"": {""profile"": ""off""}, ""cycle_hz"": 238.09523809519686, ""cycles"": 1, ""dropped_frame_rate"": 0, ""dropped_frames"": 0, ""frame_count"": 1, ""height"": 260, ""insert_inversion"": false, ""long_frame_intervals"": 0, ""max_frame_interval_ms"": 4.5, ""mean_frame_interval_ms"": 4.1666388831006484, ""mode"": ""source_control"", ""n"": 1, ""observed_effective_cycle_hz"": 240.00160034407384, ""observed_full_cycle_hz"": 240.00160034407384, ""observed_refresh_hz"": 240.00160034407384, ""per_cycle_slots"": 1, ""refresh_hz"": 238.09523809519686, ""rendered_frames"": 4800, ""safe_flicker_hz"": 50, ""timing_intervals"": 4799, ""width"": 900}"
P020,26,control,2,2,1,1,none,orifoz sozo abedo fenore munamer gerirep zazasi disu igiri esameg egasa pimugok okomuro abapeke palesir nisu lifizu guvekam ewigi limegoz uwegu tikuk lomi tapivef onuw oditumu omuri ruvodev zevofos zakuku kori ugilis boz,orifoz sozo anedo femore muanamer geriep za,40,34,43,37,220,0.9069767441860466,120.0,24.0,20.0,4,43,0.09302325581395349,msd_target_prefix_v1,295.0,"{""anti_ocr"": {""profile"": ""off""}, ""cycle_hz"": 238.09523809519686, ""cycles"": 1, ""dropped_frame_rate"": 0, ""dropped_frames"": 0, ""frame_count"": 1, ""height"": 260, ""insert_inversion"": false, ""long_frame_intervals"": 0, ""max_frame_interval_ms"": 4.600000000005821, ""mean_frame_interval_ms"": 4.166624999999997, ""mode"": ""source_control"", ""n"": 1, ""observed_effective_cycle_hz"": 240.0024000240004, ""observed_full_cycle_hz"": 240.0024000240004, ""observed_refresh_hz"": 240.0024000240004, ""per_cycle_slots"": 1, ""refresh_hz"": 238.09523809519686, ""rendered_frames"": 4801, ""safe_flicker_hz"": 50, ""timing_intervals"": 4800, ""width"": 900}"
P020,26,masked,3,2,4,4,mask+noise+anti-ocr+inversion,gipi lupipuf lewato zigo neredo bivibob gowonal fapa zove lipo lizu fanem rasawig lasawi puwasiv enapek pevolu benivi pakuvon osali ogop odip azez gusubov zomuwa rabe ebipim esove ninan rose topeluf fumamik vekinel idato,gipi luoipuf lewato zigo neredo bivibob gow,42,36,43,37,220,0.9767441860465116,126.0,25.200000000000003,20.0,1,43,0.023255813953488372,msd_target_prefix_v1,431.1000000014901,"{""anti_ocr"": {""glyph_alpha"": 0.12, ""profile"": ""strong"", ""salient_pixels"": 34976, ""stripe_alpha"": 0.1, ""stripe_width"": 10}, ""completeness_ok"": true, ""counts"": [58542, 58458, 58658, 58342], ""cycle_hz"": 59.523809523799216, ""cycles"": 6, ""dropped_frame_rate"": 0, ""dropped_frames"": 0, ""epsilonPixels"": 8, ""frame_count"": 30, ""gamma"": 4.4, ""height"": 260, ""insert_inversion"": true, ""inversion_alpha"": 0.2, ""inversion_flicker_warn"": true, ""long_frame_intervals"": 0, ""max_frame_interval_ms"": 4.600000000005821, ""mean_frame_interval_ms"": 4.1666388831006484, ""mode"": ""temporal"", ""n"": 4, ""noise_residual"": 0, ""observed_effective_cycle_hz"": 60.00040008601846, ""observed_full_cycle_hz"": 48.000320068814766, ""observed_refresh_hz"": 240.00160034407384, ""per_cycle_slots"": 5, ""permutation"": [1, 3, 2, 0], ""refresh_hz"": 238.09523809519686, ""rendered_frames"": 4800, ""safe_flicker_hz"": 50, ""timing_intervals"": 4799, ""width"": 900}"
P021,27,control,0,1,1,1,none,povor egamava owir ebukup newen wodef omuvog ifif igekuti itinal feke wovirow newipu dumolar oseg iwur owaba gudub oladigi ateko ebuzowo agogut ologi zosogi avuwu agurisu fosoma febono beno uporop ganem koguzek awom onov,povor egamava owir ebukbup,25,22,26,23,220,0.9615384615384616,75.0,15.0,20.0,1,25,0.038461538461538464,msd_target_prefix_v1,926.3000000007451,"{""anti_ocr"": {""profile"": ""off""}, ""cycle_hz"": 238.09523809529998, ""cycles"": 1, ""dropped_frame_rate"": 0, ""dropped_frames"": 0, ""frame_count"": 1, ""height"": 260, ""insert_inversion"": false, ""long_frame_intervals"": 0, ""max_frame_interval_ms"": 4.600000000005821, ""mean_frame_interval_ms"": 4.166618045426132, ""mode"": ""source_control"", ""n"": 1, ""observed_effective_cycle_hz"": 240.00280061613546, ""observed_full_cycle_hz"": 240.00280061613546, ""observed_refresh_hz"": 240.00280061613546, ""per_cycle_slots"": 1, ""refresh_hz"": 238.09523809529998, ""rendered_frames"": 4800, ""safe_flicker_hz"": 50, ""timing_intervals"": 4799, ""width"": 900}"
P021,27,masked,1,1,4,4,mask+noise+anti-ocr+inversion,rekowa odized aruvat radosi enabovu farada rarefik ikev puvuna tutude oleg ededu zevemur anivina omilof guri rulenu fupu fuzumo ezisuro umivusu piwu asoki susafud magop nekugop sibizen averoze zokol esaniz witi itukisi a,rekowa odized aruvat radois,26,23,27,24,220,0.962962962962963,78.0,15.600000000000001,20.0,1,26,0.037037037037037035,msd_target_prefix_v1,1655.699999999255,"{""anti_ocr"": {""glyph_alpha"": 0.12, ""profile"": ""strong"", ""salient_pixels"": 34500, ""stripe_alpha"": 0.1, ""stripe_width"": 10}, ""completeness_ok"": true, ""counts"": [58432, 58859, 58452, 58257], ""cycle_hz"": 59.523809523824994, ""cycles"": 6, ""dropped_frame_rate"": 0, ""dropped_frames"": 0, ""epsilonPixels"": 8, ""frame_count"": 30, ""gamma"": 4.4, ""height"": 260, ""insert_inversion"": true, ""inversion_alpha"": 0.2, ""inversion_flicker_warn"": true, ""long_frame_intervals"": 0, ""max_frame_interval_ms"": 4.699999999982538, ""mean_frame_interval_ms"": 4.166624999999997, ""mode"": ""temporal"", ""n"": 4, ""noise_residual"": 0, ""observed_effective_cycle_hz"": 60.0006000060001, ""observed_full_cycle_hz"": 48.00048000480008, ""observed_refresh_hz"": 240.0024000240004, ""per_cycle_slots"": 5, ""permutation"": [1, 0, 2, 3], ""refresh_hz"": 238.09523809529998, ""rendered_frames"": 4801, ""safe_flicker_hz"": 50, ""timing_intervals"": 4800, ""width"": 900}"
P021,27,masked,2,2,4,4,mask+noise+anti-ocr+inversion,igem ovaba vewuv purigu saribu fuwuv petuba ibid urepov kubok mupuki upen ogofek bulefa oves wowizeg unegafe puvusu odezeb lobata dafe idiwenu pakigu ekenan apefu epumewo ogofuv etub ibaru mutumo ukimito ubivigu voke rif,igem ovbba vewuv purigu,22,19,23,20,220,0.9565217391304348,66.0,13.200000000000001,20.0,1,23,0.043478260869565216,msd_target_prefix_v1,1063.800000000745,"{""anti_ocr"": {""glyph_alpha"": 0.12, ""profile"": ""strong"", ""salient_pixels"": 35281, ""stripe_alpha"": 0.1, ""stripe_width"": 10}, ""completeness_ok"": true, ""counts"": [58237, 58708, 58491, 58564], ""cycle_hz"": 59.523809523824994, ""cycles"": 6, ""dropped_frame_rate"": 0, ""dropped_frames"": 0, ""epsilonPixels"": 8, ""frame_count"": 30, ""gamma"": 4.4, ""height"": 260, ""insert_inversion"": true, ""inversion_alpha"": 0.2, ""inversion_flicker_warn"": true, ""long_frame_intervals"": 0, ""max_frame_interval_ms"": 4.5, ""mean_frame_interval_ms"": 4.166645833333332, ""mode"": ""temporal"", ""n"": 4, ""noise_residual"": 0, ""observed_effective_cycle_hz"": 60.00030000150002, ""observed_full_cycle_hz"": 48.00024000120002, ""observed_refresh_hz"": 240.0012000060001, ""per_cycle_slots"": 5, ""permutation"": [3, 2, 0, 1], ""refresh_hz"": 238.09523809529998, ""rendered_frames"": 4801, ""safe_flicker_hz"": 50, ""timing_intervals"": 4800, ""width"": 900}"
P021,27,control,3,2,1,1,none,okafamu omuv mikozun izok faneba donip azew evuno tepuwan subusas upuw zedo opep sefef pukegad fivalof owowaw kepewar vilif tititan ebem tigemap riwis epawu zetal ipebid omopo esaf vikil sewovi ekemu dusulo olodelu kisor,okafamu omuv mikdozun izko fa,26,22,29,25,220,0.896551724137931,78.0,15.600000000000001,20.0,3,28,0.10344827586206896,msd_target_prefix_v1,511.5,"{""anti_ocr"": {""profile"": ""off""}, ""cycle_hz"": 238.09523809529998, ""cycles"": 1, ""dropped_frame_rate"": 0, ""dropped_frames"": 0, ""frame_count"": 1, ""height"": 260, ""insert_inversion"": false, ""long_frame_intervals"": 0, ""max_frame_interval_ms"": 4.600000000005821, ""mean_frame_interval_ms"": 4.166645833333338, ""mode"": ""source_control"", ""n"": 1, ""observed_effective_cycle_hz"": 240.00120000599975, ""observed_full_cycle_hz"": 240.00120000599975, ""observed_refresh_hz"": 240.00120000599975, ""per_cycle_slots"": 1, ""refresh_hz"": 238.09523809529998, ""rendered_frames"": 4801, ""safe_flicker_hz"": 50, ""timing_intervals"": 4800, ""width"": 900}"
P022,28,masked,0,1,4,4,mask+noise+anti-ocr+inversion,uzosoz kaboni atogon dumad teto bulot ipetef tape polub ezow unare zunodur ewopi zekez onon narifan ameruga vadakuv ipiva dime fadefa ateded guwivut uvobazi ososir ezetala ogavin ubefo banukit uvot dogumi uburap sabiz os,uzosoz kaboni atogon dumad teto bulot ipet,42,36,42,36,220,1.0,126.0,25.200000000000003,20.0,0,42,0.0,msd_target_prefix_v1,943.6000000014901,"{""anti_ocr"": {""glyph_alpha"": 0.12, ""profile"": ""strong"", ""salient_pixels"": 34711, ""stripe_alpha"": 0.1, ""stripe_width"": 10}, ""completeness_ok"": true, ""counts"": [58377, 58688, 58446, 58489], ""cycle_hz"": 59.523809523799216, ""cycles"": 6, ""dropped_frame_rate"": 0, ""dropped_frames"": 0, ""epsilonPixels"": 8, ""frame_count"": 30, ""gamma"": 4.4, ""height"": 260, ""insert_inversion"": true, ""inversion_alpha"": 0.2, ""inversion_flicker_warn"": true, ""long_frame_intervals"": 0, ""max_frame_interval_ms"": 4.5, ""mean_frame_interval_ms"": 4.166638883100646, ""mode"": ""temporal"", ""n"": 4, ""noise_residual"": 0, ""observed_effective_cycle_hz"": 60.000400086018495, ""observed_full_cycle_hz"": 48.000320068814794, ""observed_refresh_hz"": 240.00160034407398, ""per_cycle_slots"": 5, ""permutation"": [3, 2, 0, 1], ""refresh_hz"": 238.09523809519686, ""rendered_frames"": 4800, ""safe_flicker_hz"": 50, ""timing_intervals"": 4799, ""width"": 900}"
P022,28,control,1,1,1,1,none,finuvi efezo sezod botate erifiv fosu ugozafo evetus sobaw iwosas uvus lomev lozubo okakid pigi enimu gane ukuri fakuti vulota zoruwiw iloti obeto pagi uzobere osisum ubuz ogawize kuged roki viti tomep sosul uzit atiwo b,fimivo rfrzo sezod botate erifiv fosu ugo,36,30,41,35,220,0.8780487804878049,108.0,21.6,20.0,5,41,0.12195121951219512,msd_target_prefix_v1,165.89999999850988,"{""anti_ocr"": {""profile"": ""off""}, ""cycle_hz"": 238.09523809519686, ""cycles"": 1, ""dropped_frame_rate"": 0, ""dropped_frames"": 0, ""frame_count"": 1, ""height"": 260, ""insert_inversion"": false, ""long_frame_intervals"": 0, ""max_frame_interval_ms"": 4.5, ""mean_frame_interval_ms"": 4.166625000000003, ""mode"": ""source_control"", ""n"": 1, ""observed_effective_cycle_hz"": 240.00240002400005, ""observed_full_cycle_hz"": 240.00240002400005, ""observed_refresh_hz"": 240.00240002400005, ""per_cycle_slots"": 1, ""refresh_hz"": 238.09523809519686, ""rendered_frames"": 4801, ""safe_flicker_hz"": 50, ""timing_intervals"": 4800, ""width"": 900}"
P022,28,control,2,2,1,1,none,ogim etan demido upawu zogaku udukuto ukusu geziw futukor vefiwuk vaduris zafe efak ezesoz selep umiwe azit okod uneka usaka pevudo uzati awer idurama ipopaga wovudil esepuze igefe tadap toga aribow kurat utiton egonaf t,ogim etan demifo upawu zogaku udukuko ukusu,42,35,44,37,220,0.9545454545454546,126.0,25.200000000000003,20.0,2,44,0.045454545454545456,msd_target_prefix_v1,190.90000000223517,"{""anti_ocr"": {""profile"": ""off""}, ""cycle_hz"": 238.09523809519686, ""cycles"": 1, ""dropped_frame_rate"": 0, ""dropped_frames"": 0, ""frame_count"": 1, ""height"": 260, ""insert_inversion"": false, ""long_frame_intervals"": 0, ""max_frame_interval_ms"": 4.600000000005821, ""mean_frame_interval_ms"": 4.166618045426126, ""mode"": ""source_control"", ""n"": 1, ""observed_effective_cycle_hz"": 240.00280061613583, ""observed_full_cycle_hz"": 240.00280061613583, ""observed_refresh_hz"": 240.00280061613583, ""per_cycle_slots"": 1, ""refresh_hz"": 238.09523809519686, ""rendered_frames"": 4800, ""safe_flicker_hz"": 50, ""timing_intervals"": 4799, ""width"": 900}"
P022,28,masked,3,2,4,4,mask+noise+anti-ocr+inversion,ofum avore bapumup mopafem ezip refabo ofab zeduz izapina ebeton ipevu nafe falaze vifa ufaga pelupu ivif lonuruv tukivov mami lesofa bufu suda kumomeg kipupo verili rini ukokuwa afuraf apek unafu reforir foze tufu ewipa,ofum avore bapump nopafem ezip refabo,36,31,37,32,220,0.9473684210526316,108.0,21.6,20.0,2,38,0.05263157894736842,msd_target_prefix_v1,1566.8999999985099,"{""anti_ocr"": {""glyph_alpha"": 0.12, ""profile"": ""strong"", ""salient_pixels"": 34520, ""stripe_alpha"": 0.1, ""stripe_width"": 10}, ""completeness_ok"": true, ""counts"": [58718, 58344, 58615, 58323], ""cycle_hz"": 59.523809523799216, ""cycles"": 6, ""dropped_frame_rate"": 0, ""dropped_frames"": 0, ""epsilonPixels"": 8, ""frame_count"": 30, ""gamma"": 4.4, ""height"": 260, ""insert_inversion"": true, ""inversion_alpha"": 0.2, ""inversion_flicker_warn"": true, ""long_frame_intervals"": 0, ""max_frame_interval_ms"": 4.400000000023283, ""mean_frame_interval_ms"": 4.1666388831006484, ""mode"": ""temporal"", ""n"": 4, ""noise_residual"": 0, ""observed_effective_cycle_hz"": 60.00040008601846, ""observed_full_cycle_hz"": 48.000320068814766, ""observed_refresh_hz"": 240.00160034407384, ""per_cycle_slots"": 5, ""permutation"": [2, 0, 1, 3], ""refresh_hz"": 238.09523809519686, ""rendered_frames"": 4800, ""safe_flicker_hz"": 50, ""timing_intervals"": 4799, ""width"": 900}"
P023,29,control,0,1,1,1,none,tuvos remefum temese kelub irol uzaliz ufewe peso pali miwelat zogu aboputi woda ufigina urena wiwewuv nida iniv paku rasoful emulino mudab nitu pelod abevi poziram owubi wison repan ipotiba ufum vipon ifidaza ufib mapen,tuvos remefum temrse kelub irol,31,26,32,27,220,0.96875,93.0,18.6,20.0,1,32,0.03125,msd_target_prefix_v1,775.8000000007451,"{""anti_ocr"": {""profile"": ""off""}, ""cycle_hz"": 238.09523809519686, ""cycles"": 1, ""dropped_frame_rate"": 0, ""dropped_frames"": 0, ""frame_count"": 1, ""height"": 260, ""insert_inversion"": false, ""long_frame_intervals"": 0, ""max_frame_interval_ms"": 4.600000000005821, ""mean_frame_interval_ms"": 4.166638883100646, ""mode"": ""source_control"", ""n"": 1, ""observed_effective_cycle_hz"": 240.00160034407398, ""observed_full_cycle_hz"": 240.00160034407398, ""observed_refresh_hz"": 240.00160034407398, ""per_cycle_slots"": 1, ""refresh_hz"": 238.09523809519686, ""rendered_frames"": 4800, ""safe_flicker_hz"": 50, ""timing_intervals"": 4799, ""width"": 900}"
P023,29,masked,1,1,4,4,mask+noise+anti-ocr+inversion,ewebo ezisa nudufo rumesor ozuzaza vetagaw bilanur osekeze uvoti tepedez fepabiv izages abawu tufi olid ebog afabo lupobi osupoli duvu zotila nawoku otez bumesel upav funibam wepiv zonow suti idad zifunun iguru doloso vi,ewebo eaisa nudufo rumesor oz,28,24,29,25,220,0.9655172413793104,84.0,16.8,20.0,1,29,0.034482758620689655,msd_target_prefix_v1,447.1000000014901,"{""anti_ocr"": {""glyph_alpha"": 0.12, ""profile"": ""strong"", ""salient_pixels"": 34626, ""stripe_alpha"": 0.1, ""stripe_width"": 10}, ""completeness_ok"": true, ""counts"": [58616, 58172, 58595, 58617], ""cycle_hz"": 59.523809523799216, ""cycles"": 6, ""dropped_frame_rate"": 0, ""dropped_frames"": 0, ""epsilonPixels"": 8, ""frame_count"": 30, ""gamma"": 4.4, ""height"": 260, ""insert_inversion"": true, ""inversion_alpha"": 0.2, ""inversion_flicker_warn"": true, ""long_frame_intervals"": 0, ""max_frame_interval_ms"": 4.600000000005821, ""mean_frame_interval_ms"": 4.1666388831006484, ""mode"": ""temporal"", ""n"": 4, ""noise_residual"": 0, ""observed_effective_cycle_hz"": 60.00040008601846, ""observed_full_cycle_hz"": 48.000320068814766, ""observed_refresh_hz"": 240.00160034407384, ""per_cycle_slots"": 5, ""permutation"": [1, 0, 2, 3], ""refresh_hz"": 238.09523809519686, ""rendered_frames"": 4800, ""safe_flicker_hz"": 50, ""timing_intervals"": 4799, ""width"": 900}"
P023,29,masked,2,2,4,4,mask+noise+anti-ocr+inversion,koguro okudem asil ebumer awim kazego urega ivimu bazut idigabe uwiv vawule uweras mafiber vaso dule izis tovo tifatag vipufin nefawat uwez imilori gitu asis atasas ilesi molo isow ulup abuvude dedu isek terazu gowuw agi,koguro okuden asil ebuner aw,26,22,28,24,220,0.9285714285714286,78.0,15.600000000000001,20.0,2,28,0.07142857142857142,msd_target_prefix_v1,438.8999999985099,"{""anti_ocr"": {""glyph_alpha"": 0.12, ""profile"": ""strong"", ""salient_pixels"": 34318, ""stripe_alpha"": 0.1, ""stripe_width"": 10}, ""completeness_ok"": true, ""counts"": [58564, 58558, 58440, 58438], ""cycle_hz"": 59.523809523799216, ""cycles"": 6, ""dropped_frame_rate"": 0, ""dropped_frames"": 0, ""epsilonPixels"": 8, ""frame_count"": 30, ""gamma"": 4.4, ""height"": 260, ""insert_inversion"": true, ""inversion_alpha"": 0.2, ""inversion_flicker_warn"": true, ""long_frame_intervals"": 0, ""max_frame_interval_ms"": 4.599999999976717, ""mean_frame_interval_ms"": 4.166618045426132, ""mode"": ""temporal"", ""n"": 4, ""noise_residual"": 0, ""observed_effective_cycle_hz"": 60.000700154033865, ""observed_full_cycle_hz"": 48.00056012322709, ""observed_refresh_hz"": 240.00280061613546, ""per_cycle_slots"": 5, ""permutation"": [2, 0, 3, 1], ""refresh_hz"": 238.09523809519686, ""rendered_frames"": 4800, ""safe_flicker_hz"": 50, ""timing_intervals"": 4799, ""width"": 900}"
P023,29,control,3,2,1,1,none,olot avokuga kuta fipew warere finu ukebav bive imibov evor egine nofu pusu imefi ofot zivifot nololab rudalu savigeb urinavu onem lola inefuno ofid tisov gigisul peveb weweti bosupu zaso ipin agotufe arelo funu fubew ta,olot avokuga kuta fipew wEREER U,26,21,32,27,220,0.8125,78.0,15.600000000000001,20.0,6,32,0.1875,msd_target_prefix_v1,311.19999999925494,"{""anti_ocr"": {""profile"": ""off""}, ""cycle_hz"": 238.09523809519686, ""cycles"": 1, ""dropped_frame_rate"": 0, ""dropped_frames"": 0, ""frame_count"": 1, ""height"": 260, ""insert_inversion"": false, ""long_frame_intervals"": 0, ""max_frame_interval_ms"": 4.5, ""mean_frame_interval_ms"": 4.1666388831006484, ""mode"": ""source_control"", ""n"": 1, ""observed_effective_cycle_hz"": 240.00160034407384, ""observed_full_cycle_hz"": 240.00160034407384, ""observed_refresh_hz"": 240.00160034407384, ""per_cycle_slots"": 1, ""refresh_hz"": 238.09523809519686, ""rendered_frames"": 4800, ""safe_flicker_hz"": 50, ""timing_intervals"": 4799, ""width"": 900}"
P024,30,masked,0,1,4,4,mask+noise+anti-ocr+inversion,usomum ilavob tulu atenoz udel wuzofap konawi vafed seve sofil rifu ugesew gekem mebi bunezo ibevud runoz libugur avut emisek funelon fadewa reduzur ilinu okeg tudawil veda sadigo esakudu salim tubedin papebum lipibe pap,usolm ilavob atenoz ud,21,18,22,19,220,0.75,63.0,12.600000000000001,20.0,7,28,0.25,msd_target_prefix_v1,719.0,"{""anti_ocr"": {""glyph_alpha"": 0.12, ""profile"": ""strong"", ""salient_pixels"": 34913, ""stripe_alpha"": 0.1, ""stripe_width"": 10}, ""completeness_ok"": true, ""counts"": [58512, 58682, 58311, 58495], ""cycle_hz"": 59.523809523799216, ""cycles"": 6, ""dropped_frame_rate"": 0, ""dropped_frames"": 0, ""epsilonPixels"": 8, ""frame_count"": 30, ""gamma"": 4.4, ""height"": 260, ""insert_inversion"": true, ""inversion_alpha"": 0.2, ""inversion_flicker_warn"": true, ""long_frame_intervals"": 0, ""max_frame_interval_ms"": 4.600000000005821, ""mean_frame_interval_ms"": 4.166618045426128, ""mode"": ""temporal"", ""n"": 4, ""noise_residual"": 0, ""observed_effective_cycle_hz"": 60.000700154033915, ""observed_full_cycle_hz"": 48.00056012322713, ""observed_refresh_hz"": 240.00280061613566, ""per_cycle_slots"": 5, ""permutation"": [2, 0, 1, 3], ""refresh_hz"": 238.09523809519686, ""rendered_frames"": 4800, ""safe_flicker_hz"": 50, ""timing_intervals"": 4799, ""width"": 900}"
P024,30,control,1,1,1,1,none,odep tulus wani zunudun ekozo ofed amama gewa zitawi dafuk uzaba bamiror kipepe iberop tolen dunevir gudib berefe wulenus tibote darire kuwevo vanedar ipas ivogeni iregod tipupe ifugat waba erapilu nimamo wisuzuf gonaped,odep tukus wani zunudun ekozo,29,24,30,25,220,0.9666666666666667,87.0,17.400000000000002,20.0,1,30,0.03333333333333333,msd_target_prefix_v1,1263.8999999985099,"{""anti_ocr"": {""profile"": ""off""}, ""cycle_hz"": 238.09523809519686, ""cycles"": 1, ""dropped_frame_rate"": 0, ""dropped_frames"": 0, ""frame_count"": 1, ""height"": 260, ""insert_inversion"": false, ""long_frame_intervals"": 0, ""max_frame_interval_ms"": 4.599999999991269, ""mean_frame_interval_ms"": 4.166645833333332, ""mode"": ""source_control"", ""n"": 1, ""observed_effective_cycle_hz"": 240.0012000060001, ""observed_full_cycle_hz"": 240.0012000060001, ""observed_refresh_hz"": 240.0012000060001, ""per_cycle_slots"": 1, ""refresh_hz"": 238.09523809519686, ""rendered_frames"": 4801, ""safe_flicker_hz"": 50, ""timing_intervals"": 4800, ""width"": 900}"
P024,30,control,2,2,1,1,none,naniven lagis tumagib vawit iboketa fiputo uwiki ilevut adubira neka kupolu bikilo ezodok etesed dowisu tatevi teli ozimat mawo aseda ovawefe agomasu idurin urosiga imosuka gopil kalasus wukokol unidavi sukuwo upemon ifa,naniven lagis tumag,19,17,19,17,220,1.0,57.0,11.4,20.0,0,19,0.0,msd_target_prefix_v1,1615.300000000745,"{""anti_ocr"": {""profile"": ""off""}, ""cycle_hz"": 238.09523809519686, ""cycles"": 1, ""dropped_frame_rate"": 0, ""dropped_frames"": 0, ""frame_count"": 1, ""height"": 260, ""insert_inversion"": false, ""long_frame_intervals"": 0, ""max_frame_interval_ms"": 4.7000000000116415, ""mean_frame_interval_ms"": 4.166625000000003, ""mode"": ""source_control"", ""n"": 1, ""observed_effective_cycle_hz"": 240.00240002400005, ""observed_full_cycle_hz"": 240.00240002400005, ""observed_refresh_hz"": 240.00240002400005, ""per_cycle_slots"": 1, ""refresh_hz"": 238.09523809519686, ""rendered_frames"": 4801, ""safe_flicker_hz"": 50, ""timing_intervals"": 4800, ""width"": 900}"
P024,30,masked,3,2,4,4,mask+noise+anti-ocr+inversion,iban ebozu avem ovurab tipaf itumi soki amine padetul lezus afifape uzek ozopeg osukovi sulub itotaf oligir pepewa linogiv tadok aviga iwur ametame wonafot upavid ranuwo dozose ewup odes ewinot ginum uzus wumi zufi ovane,iban ebozu aven ovbrab tipaf,27,22,29,24,220,0.9310344827586207,81.0,16.200000000000003,20.0,2,29,0.06896551724137931,msd_target_prefix_v1,1510.0999999977648,"{""anti_ocr"": {""glyph_alpha"": 0.12, ""profile"": ""strong"", ""salient_pixels"": 34508, ""stripe_alpha"": 0.1, ""stripe_width"": 10}, ""completeness_ok"": true, ""counts"": [58606, 58655, 58151, 58588], ""cycle_hz"": 59.523809523799216, ""cycles"": 6, ""dropped_frame_rate"": 0, ""dropped_frames"": 0, ""epsilonPixels"": 8, ""frame_count"": 30, ""gamma"": 4.4, ""height"": 260, ""insert_inversion"": true, ""inversion_alpha"": 0.2, ""inversion_flicker_warn"": true, ""long_frame_intervals"": 0, ""max_frame_interval_ms"": 4.5, ""mean_frame_interval_ms"": 4.166638883100642, ""mode"": ""temporal"", ""n"": 4, ""noise_residual"": 0, ""observed_effective_cycle_hz"": 60.000400086018544, ""observed_full_cycle_hz"": 48.00032006881484, ""observed_refresh_hz"": 240.00160034407418, ""per_cycle_slots"": 5, ""permutation"": [3, 1, 0, 2], ""refresh_hz"": 238.09523809519686, ""rendered_frames"": 4800, ""safe_flicker_hz"": 50, ""timing_intervals"": 4799, ""width"": 900}"
P025,31,control,0,1,1,1,none,awigunu enesu esola temaz ufiwemi bewa ozegege daradil luka lusadaz okireke uvik erisole inufuf gelapa uzaf akig afowob lozib olil doredi buru avuru ibanul malewo biti dofaza etopi mepana izewezu giden atoz abukuwe busob,awigunu enesu esola temaz ufi,29,25,29,25,220,1.0,87.0,17.400000000000002,20.0,0,29,0.0,msd_target_prefix_v1,1359.1000000014901,"{""anti_ocr"": {""profile"": ""off""}, ""cycle_hz"": 238.0952380954031, ""cycles"": 1, ""dropped_frame_rate"": 0, ""dropped_frames"": 0, ""frame_count"": 1, ""height"": 260, ""insert_inversion"": false, ""long_frame_intervals"": 0, ""max_frame_interval_ms"": 4.600000000005821, ""mean_frame_interval_ms"": 4.166618045426132, ""mode"": ""source_control"", ""n"": 1, ""observed_effective_cycle_hz"": 240.00280061613546, ""observed_full_cycle_hz"": 240.00280061613546, ""observed_refresh_hz"": 240.00280061613546, ""per_cycle_slots"": 1, ""refresh_hz"": 238.0952380954031, ""rendered_frames"": 4800, ""safe_flicker_hz"": 50, ""timing_intervals"": 4799, ""width"": 900}"
P025,31,masked,1,1,4,4,mask+noise+anti-ocr+inversion,umitet omow walizu apaf ikaki nululav adoni gapes uravev dezono debigu takakit mopa gavumeb ofisagi agek elifeg ufazuf emimilo bakep wunus bebi oruwov obepes ezabo umaku wadi epobuse anirore bifo gapobor kasopu ogobozu f,unitet onow walizu ikaki,18,15,24,21,220,0.75,54.0,10.8,20.0,6,24,0.25,msd_target_prefix_v1,1870.800000000745,"{""anti_ocr"": {""glyph_alpha"": 0.12, ""profile"": ""strong"", ""salient_pixels"": 35303, ""stripe_alpha"": 0.1, ""stripe_width"": 10}, ""completeness_ok"": true, ""counts"": [58360, 58588, 58682, 58370], ""cycle_hz"": 59.52380952385077, ""cycles"": 6, ""dropped_frame_rate"": 0, ""dropped_frames"": 0, ""epsilonPixels"": 8, ""frame_count"": 30, ""gamma"": 4.4, ""height"": 260, ""insert_inversion"": true, ""inversion_alpha"": 0.2, ""inversion_flicker_warn"": true, ""long_frame_intervals"": 0, ""max_frame_interval_ms"": 4.5, ""mean_frame_interval_ms"": 4.166645833333332, ""mode"": ""temporal"", ""n"": 4, ""noise_residual"": 0, ""observed_effective_cycle_hz"": 60.00030000150002, ""observed_full_cycle_hz"": 48.00024000120002, ""observed_refresh_hz"": 240.0012000060001, ""per_cycle_slots"": 5, ""permutation"": [3, 1, 0, 2], ""refresh_hz"": 238.0952380954031, ""rendered_frames"": 4801, ""safe_flicker_hz"": 50, ""timing_intervals"": 4800, ""width"": 900}"
P025,31,masked,2,2,4,4,mask+noise+anti-ocr+inversion,rodake radebu sigig melav abetip devo upove avut asuf umos kanivag esuwi ofadig kotozi wopavo udipa rimipe obovupi tuvo ivet uvof sasu ukuw tidupus duzudit enaz figu babi igovab mazinud agiru domekam utizofo uzal irilom,rodake radebu sigig melav,25,22,25,22,219,1.0,75.0,15.0,20.0,0,25,0.0,msd_target_prefix_v1,487.79999999701977,"{""anti_ocr"": {""glyph_alpha"": 0.12, ""profile"": ""strong"", ""salient_pixels"": 34702, ""stripe_alpha"": 0.1, ""stripe_width"": 10}, ""completeness_ok"": true, ""counts"": [58343, 58755, 58451, 58451], ""cycle_hz"": 59.52380952385077, ""cycles"": 6, ""dropped_frame_rate"": 0, ""dropped_frames"": 0, ""epsilonPixels"": 8, ""frame_count"": 30, ""gamma"": 4.4, ""height"": 260, ""insert_inversion"": true, ""inversion_alpha"": 0.2, ""inversion_flicker_warn"": true, ""long_frame_intervals"": 0, ""max_frame_interval_ms"": 4.600000000005821, ""mean_frame_interval_ms"": 4.166624999999997, ""mode"": ""temporal"", ""n"": 4, ""noise_residual"": 0, ""observed_effective_cycle_hz"": 60.0006000060001, ""observed_full_cycle_hz"": 48.00048000480008, ""observed_refresh_hz"": 240.0024000240004, ""per_cycle_slots"": 5, ""permutation"": [2, 1, 0, 3], ""refresh_hz"": 238.0952380954031, ""rendered_frames"": 4801, ""safe_flicker_hz"": 50, ""timing_intervals"": 4800, ""width"": 900}"
P025,31,control,3,2,1,1,none,feweti osal ogivi sidopan suri muvi utut omebom tifu urokowa evufu afabem fowolev sobez mefe ibod imes sulikib olovid umute awuwuw ubusevi fimovav ulatuf vudabur idiva viguk puba oribe luvaruz evemudu vopuv fisefe lutad,feweti osal ogivi sidopan suri m,32,27,32,27,219,1.0,96.0,19.200000000000003,20.0,0,32,0.0,msd_target_prefix_v1,1711.800000000745,"{""anti_ocr"": {""profile"": ""off""}, ""cycle_hz"": 238.0952380954031, ""cycles"": 1, ""dropped_frame_rate"": 0, ""dropped_frames"": 0, ""frame_count"": 1, ""height"": 260, ""insert_inversion"": false, ""long_frame_intervals"": 0, ""max_frame_interval_ms"": 4.400000000023283, ""mean_frame_interval_ms"": 4.166618045426126, ""mode"": ""source_control"", ""n"": 1, ""observed_effective_cycle_hz"": 240.00280061613583, ""observed_full_cycle_hz"": 240.00280061613583, ""observed_refresh_hz"": 240.00280061613583, ""per_cycle_slots"": 1, ""refresh_hz"": 238.0952380954031, ""rendered_frames"": 4800, ""safe_flicker_hz"": 50, ""timing_intervals"": 4799, ""width"": 900}"
P026,32,masked,0,1,4,4,mask+noise+anti-ocr+inversion,wamam vuno kizeku vopu aliko ebulopi kize atofosa abef opakew unirof oguvan ogituru kiriw gekike samebug kopun umazos vawari zegevig samep laradir onomom owabo biweden dupak aziwuta unusozo tuka dipe tisaro ezisav aregab,wanan vuno kizeku aliko,17,13,24,20,220,0.7083333333333333,51.0,10.200000000000001,20.0,7,23,0.2916666666666667,msd_target_prefix_v1,2615.599999997765,"{""anti_ocr"": {""glyph_alpha"": 0.12, ""profile"": ""strong"", ""salient_pixels"": 35001, ""stripe_alpha"": 0.1, ""stripe_width"": 10}, ""completeness_ok"": true, ""counts"": [58597, 58588, 58589, 58226], ""cycle_hz"": 59.52380952385077, ""cycles"": 6, ""dropped_frame_rate"": 0, ""dropped_frames"": 0, ""epsilonPixels"": 8, ""frame_count"": 30, ""gamma"": 4.4, ""height"": 260, ""insert_inversion"": true, ""inversion_alpha"": 0.2, ""inversion_flicker_warn"": true, ""long_frame_intervals"": 0, ""max_frame_interval_ms"": 4.399999999994179, ""mean_frame_interval_ms"": 4.166618045426128, ""mode"": ""temporal"", ""n"": 4, ""noise_residual"": 0, ""observed_effective_cycle_hz"": 60.000700154033915, ""observed_full_cycle_hz"": 48.00056012322713, ""observed_refresh_hz"": 240.00280061613566, ""per_cycle_slots"": 5, ""permutation"": [3, 0, 1, 2], ""refresh_hz"": 238.0952380954031, ""rendered_frames"": 4800, ""safe_flicker_hz"": 50, ""timing_intervals"": 4799, ""width"": 900}"
P026,32,control,1,1,1,1,none,ekifu zeda opemes panesuw akuvezo likava egutor gabez izaduzu buput zereba utalok upif metiduv piluwo ewelime kezaril vibevu evuvisu alap wuzedos atawodi nurukob akavopo ezep sosib ozel ubazov tadali uzutuka omela safut,ekifu zeda opemes panesuw akuverzo likava,40,35,41,36,219,0.975609756097561,120.0,24.0,20.0,1,40,0.024390243902439025,msd_target_prefix_v1,878.8000000007451,"{""anti_ocr"": {""profile"": ""off""}, ""cycle_hz"": 238.0952380954031, ""cycles"": 1, ""dropped_frame_rate"": 0, ""dropped_frames"": 0, ""frame_count"": 1, ""height"": 260, ""insert_inversion"": false, ""long_frame_intervals"": 0, ""max_frame_interval_ms"": 4.599999999991269, ""mean_frame_interval_ms"": 4.166625000000001, ""mode"": ""source_control"", ""n"": 1, ""observed_effective_cycle_hz"": 240.0024000240002, ""observed_full_cycle_hz"": 240.0024000240002, ""observed_refresh_hz"": 240.0024000240002, ""per_cycle_slots"": 1, ""refresh_hz"": 238.0952380954031, ""rendered_frames"": 4801, ""safe_flicker_hz"": 50, ""timing_intervals"": 4800, ""width"": 900}"
P026,32,control,2,2,1,1,none,vuforo rero opage uvubo muguga ekiri tivu gomeror lofo ivopigu enesapa zupu lekate usulup wuru mano noral givapu wukaf weritil enoti dabav igufa sube unarefi iwerad ronib usugep orubera asalu diwov mupe ises idaguva ozet,vuforo rero opage uvubo muguga ekiri tivu,41,35,41,35,220,1.0,123.0,24.599999999999998,20.0,0,41,0.0,msd_target_prefix_v1,823.3000000007451,"{""anti_ocr"": {""profile"": ""off""}, ""cycle_hz"": 238.0952380954031, ""cycles"": 1, ""dropped_frame_rate"": 0, ""dropped_frames"": 0, ""frame_count"": 1, ""height"": 260, ""insert_inversion"": false, ""long_frame_intervals"": 0, ""max_frame_interval_ms"": 4.5, ""mean_frame_interval_ms"": 4.1666388831006484, ""mode"": ""source_control"", ""n"": 1, ""observed_effective_cycle_hz"": 240.00160034407384, ""observed_full_cycle_hz"": 240.00160034407384, ""observed_refresh_hz"": 240.00160034407384, ""per_cycle_slots"": 1, ""refresh_hz"": 238.0952380954031, ""rendered_frames"": 4800, ""safe_flicker_hz"": 50, ""timing_intervals"": 4799, ""width"": 900}"
P026,32,masked,3,2,4,4,mask+noise+anti-ocr+inversion,nazom ikazo obon abanil kibaw pevuzo ikutaz vomano obefuge muvu zafed ufaduwo sevu ovenof ufivusu edebiw litabo nobu zaneven apeneze venube nowawaz gatefis doke milonol evirudo amibos nanok ofotove gapufo vete relur dedu,nazon ikazo obon abanil kibaw pevuzo ik,38,32,39,33,220,0.9743589743589743,114.0,22.8,20.0,1,39,0.02564102564102564,msd_target_prefix_v1,686.9000000022352,"{""anti_ocr"": {""glyph_alpha"": 0.12, ""profile"": ""strong"", ""salient_pixels"": 34806, ""stripe_alpha"": 0.1, ""stripe_width"": 10}, ""completeness_ok"": true, ""counts"": [58354, 58515, 58823, 58308], ""cycle_hz"": 59.52380952385077, ""cycles"": 6, ""dropped_frame_rate"": 0, ""dropped_frames"": 0, ""epsilonPixels"": 8, ""frame_count"": 30, ""gamma"": 4.4, ""height"": 260, ""insert_inversion"": true, ""inversion_alpha"": 0.2, ""inversion_flicker_warn"": true, ""long_frame_intervals"": 0, ""max_frame_interval_ms"": 4.5, ""mean_frame_interval_ms"": 4.166638883100642, ""mode"": ""temporal"", ""n"": 4, ""noise_residual"": 0, ""observed_effective_cycle_hz"": 60.000400086018544, ""observed_full_cycle_hz"": 48.00032006881484, ""observed_refresh_hz"": 240.00160034407418, ""per_cycle_slots"": 5, ""permutation"": [2, 3, 1, 0], ""refresh_hz"": 238.0952380954031, ""rendered_frames"": 4800, ""safe_flicker_hz"": 50, ""timing_intervals"": 4799, ""width"": 900}"
P027,34,masked,0,1,4,4,mask+noise+anti-ocr+inversion,funuw omet wuvaw boviz evavuzu pototop eten apisemu awan wuna pilol wasi ziled tisigo idokeku peza enag ozozov kanela papib onimi zedo omanuf bevufup wudatiz ivup olinoze tupifi zoto usivuv tavegal isutum ovapar degad ba,funuw onet wuzaw bovuz evauzzu [o,27,22,33,28,220,0.8181818181818181,81.0,16.200000000000003,20.0,6,33,0.18181818181818182,msd_target_prefix_v1,1831.2000000029802,"{""anti_ocr"": {""glyph_alpha"": 0.12, ""profile"": ""strong"", ""salient_pixels"": 34627, ""stripe_alpha"": 0.1, ""stripe_width"": 10}, ""completeness_ok"": true, ""counts"": [58446, 58379, 58899, 58276], ""cycle_hz"": 59.523809523799216, ""cycles"": 6, ""dropped_frame_rate"": 0, ""dropped_frames"": 0, ""epsilonPixels"": 8, ""frame_count"": 30, ""gamma"": 4.4, ""height"": 260, ""insert_inversion"": true, ""inversion_alpha"": 0.2, ""inversion_flicker_warn"": true, ""long_frame_intervals"": 0, ""max_frame_interval_ms"": 4.5, ""mean_frame_interval_ms"": 4.166638883100646, ""mode"": ""temporal"", ""n"": 4, ""noise_residual"": 0, ""observed_effective_cycle_hz"": 60.000400086018495, ""observed_full_cycle_hz"": 48.000320068814794, ""observed_refresh_hz"": 240.00160034407398, ""per_cycle_slots"": 5, ""permutation"": [0, 2, 3, 1], ""refresh_hz"": 238.09523809519686, ""rendered_frames"": 4800, ""safe_flicker_hz"": 50, ""timing_intervals"": 4799, ""width"": 900}"
P027,34,control,1,1,1,1,none,uzusa renad leket feru opaf oledifi ituz digusiw ipaso gaki mari imakura tafano uzake gilipep senatur sogimik onatab bemid disoter ubuzo idavosu oroben ufekip varalor nefu ebikewa kodigo vosa tude irigup uwevibi dotup ki,uzusa renad leket feru o[af oledifi ituz,40,33,41,34,220,0.975609756097561,120.0,24.0,20.0,1,41,0.024390243902439025,msd_target_prefix_v1,839.0,"{""anti_ocr"": {""profile"": ""off""}, ""cycle_hz"": 238.09523809519686, ""cycles"": 1, ""dropped_frame_rate"": 0, ""dropped_frames"": 0, ""frame_count"": 1, ""height"": 260, ""insert_inversion"": false, ""long_frame_intervals"": 0, ""max_frame_interval_ms"": 4.600000000005821, ""mean_frame_interval_ms"": 4.166618045426126, ""mode"": ""source_control"", ""n"": 1, ""observed_effective_cycle_hz"": 240.00280061613583, ""observed_full_cycle_hz"": 240.00280061613583, ""observed_refresh_hz"": 240.00280061613583, ""per_cycle_slots"": 1, ""refresh_hz"": 238.09523809519686, ""rendered_frames"": 4800, ""safe_flicker_hz"": 50, ""timing_intervals"": 4799, ""width"": 900}"
P027,34,control,2,2,1,1,none,wolona tifa rediwu nezigav paze etim unal abiz kegero tefupa atob ebakupu komiro azetuto fuva ipubi bozevum rokovin rigot wutedep wofuwel novelis zabovuw olud purad uwute oropape uzav uzit uvuve okigire wikodut fetut tus,wolona tifa rediwu nezigav [aze etim unal ab,43,36,44,37,220,0.9772727272727273,129.0,25.8,20.0,1,44,0.022727272727272728,msd_target_prefix_v1,543.0,"{""anti_ocr"": {""profile"": ""off""}, ""cycle_hz"": 238.09523809519686, ""cycles"": 1, ""dropped_frame_rate"": 0, ""dropped_frames"": 0, ""frame_count"": 1, ""height"": 260, ""insert_inversion"": false, ""long_frame_intervals"": 0, ""max_frame_interval_ms"": 4.5, ""mean_frame_interval_ms"": 4.166625000000003, ""mode"": ""source_control"", ""n"": 1, ""observed_effective_cycle_hz"": 240.00240002400005, ""observed_full_cycle_hz"": 240.00240002400005, ""observed_refresh_hz"": 240.00240002400005, ""per_cycle_slots"": 1, ""refresh_hz"": 238.09523809519686, ""rendered_frames"": 4801, ""safe_flicker_hz"": 50, ""timing_intervals"": 4800, ""width"": 900}"
P027,34,masked,3,2,4,4,mask+noise+anti-ocr+inversion,sodivo tekofaz eniz lugozup togi ifumef wuwo olal lamam ogokut amegel luwo sabom kagegiw awum fifo ikekezi apepe tinetat ilan iwun fodeb umolo ufipo etava todokod ufivuv bugev tepibo abafim ebakod erofa omuz avava gedob,sodivo tekofaz eniz lugozup togi ifum,37,32,37,32,219,1.0,111.0,22.200000000000003,20.0,0,37,0.0,msd_target_prefix_v1,551.6999999992549,"{""anti_ocr"": {""glyph_alpha"": 0.12, ""profile"": ""strong"", ""salient_pixels"": 34985, ""stripe_alpha"": 0.1, ""stripe_width"": 10}, ""completeness_ok"": true, ""counts"": [58112, 58886, 58531, 58471], ""cycle_hz"": 59.523809523799216, ""cycles"": 6, ""dropped_frame_rate"": 0, ""dropped_frames"": 0, ""epsilonPixels"": 8, ""frame_count"": 30, ""gamma"": 4.4, ""height"": 260, ""insert_inversion"": true, ""inversion_alpha"": 0.2, ""inversion_flicker_warn"": true, ""long_frame_intervals"": 0, ""max_frame_interval_ms"": 4.5, ""mean_frame_interval_ms"": 4.166618045426132, ""mode"": ""temporal"", ""n"": 4, ""noise_residual"": 0, ""observed_effective_cycle_hz"": 60.000700154033865, ""observed_full_cycle_hz"": 48.00056012322709, ""observed_refresh_hz"": 240.00280061613546, ""per_cycle_slots"": 5, ""permutation"": [2, 0, 1, 3], ""refresh_hz"": 238.09523809519686, ""rendered_frames"": 4800, ""safe_flicker_hz"": 50, ""timing_intervals"": 4799, ""width"": 900}"
P028,35,control,0,1,1,1,none,usameg oguw fapok abenal ureket pusibo bunoso toturi pawubu vumeg ubikulu enidil upenab vowuk uved fodeza egerur izuko nabesaw wovilu woguk kazuv kobo okad itawelu feruko uvutomu tagu apat damalo ekewa owumo kisefek ulob,usameg oguw fapok abenal ureket,31,27,31,27,220,1.0,93.0,18.6,20.0,0,31,0.0,msd_target_prefix_v1,543.3000000007451,"{""anti_ocr"": {""profile"": ""off""}, ""cycle_hz"": 238.0952380954031, ""cycles"": 1, ""dropped_frame_rate"": 0, ""dropped_frames"": 0, ""frame_count"": 1, ""height"": 260, ""insert_inversion"": false, ""long_frame_intervals"": 0, ""max_frame_interval_ms"": 4.400000000008731, ""mean_frame_interval_ms"": 4.166624999999997, ""mode"": ""source_control"", ""n"": 1, ""observed_effective_cycle_hz"": 240.0024000240004, ""observed_full_cycle_hz"": 240.0024000240004, ""observed_refresh_hz"": 240.0024000240004, ""per_cycle_slots"": 1, ""refresh_hz"": 238.0952380954031, ""rendered_frames"": 4801, ""safe_flicker_hz"": 50, ""timing_intervals"": 4800, ""width"": 900}"
P028,35,masked,1,1,4,4,mask+noise+anti-ocr+inversion,ekud bizez afirol pobim isupiza ekulu okume abimu aketona wezusim awer azug gedu ufuve zudodad fovu kuwaved megeti ufokoma atadi fobamun ibogi fates eziv urin gosug puni gurom umuvuz pokafil labowad utup sale begufu ogil,ekud bizez afirol pobim is,26,22,27,22,220,0.962962962962963,78.0,15.600000000000001,20.0,1,27,0.037037037037037035,msd_target_prefix_v1,3415.400000002235,"{""anti_ocr"": {""glyph_alpha"": 0.12, ""profile"": ""strong"", ""salient_pixels"": 35164, ""stripe_alpha"": 0.1, ""stripe_width"": 10}, ""completeness_ok"": true, ""counts"": [57874, 58912, 58753, 58461], ""cycle_hz"": 59.52380952385077, ""cycles"": 6, ""dropped_frame_rate"": 0, ""dropped_frames"": 0, ""epsilonPixels"": 8, ""frame_count"": 30, ""gamma"": 4.4, ""height"": 260, ""insert_inversion"": true, ""inversion_alpha"": 0.2, ""inversion_flicker_warn"": true, ""long_frame_intervals"": 0, ""max_frame_interval_ms"": 4.5, ""mean_frame_interval_ms"": 4.166687500000001, ""mode"": ""temporal"", ""n"": 4, ""noise_residual"": 0, ""observed_effective_cycle_hz"": 59.99970000149998, ""observed_full_cycle_hz"": 47.99976000119999, ""observed_refresh_hz"": 239.99880000599993, ""per_cycle_slots"": 5, ""permutation"": [0, 1, 3, 2], ""refresh_hz"": 238.0952380954031, ""rendered_frames"": 4801, ""safe_flicker_hz"": 50, ""timing_intervals"": 4800, ""width"": 900}"
P028,35,masked,2,2,4,4,mask+noise+anti-ocr+inversion,imofob uzerev boguli utisuta ezati ibawise rebow uzedu bugetok eluv mawemid utugeva pogip tefato afut nulegow ikawowa owuso alopok adenawo kunovul aduzono mabila olede obogimu iponod odiwin vavis wagubu tapez unif gilidu,imofob uzerev boguli utisuta eza,32,28,32,28,220,1.0,96.0,19.200000000000003,20.0,0,32,0.0,msd_target_prefix_v1,639.0,"{""anti_ocr"": {""glyph_alpha"": 0.12, ""profile"": ""strong"", ""salient_pixels"": 35484, ""stripe_alpha"": 0.1, ""stripe_width"": 10}, ""completeness_ok"": true, ""counts"": [58840, 58358, 58216, 58586], ""cycle_hz"": 59.52380952385077, ""cycles"": 6, ""dropped_frame_rate"": 0, ""dropped_frames"": 0, ""epsilonPixels"": 8, ""frame_count"": 30, ""gamma"": 4.4, ""height"": 260, ""insert_inversion"": true, ""inversion_alpha"": 0.2, ""inversion_flicker_warn"": true, ""long_frame_intervals"": 0, ""max_frame_interval_ms"": 4.300000000017462, ""mean_frame_interval_ms"": 4.166645833333332, ""mode"": ""temporal"", ""n"": 4, ""noise_residual"": 0, ""observed_effective_cycle_hz"": 60.00030000150002, ""observed_full_cycle_hz"": 48.00024000120002, ""observed_refresh_hz"": 240.0012000060001, ""per_cycle_slots"": 5, ""permutation"": [1, 2, 3, 0], ""refresh_hz"": 238.0952380954031, ""rendered_frames"": 4801, ""safe_flicker_hz"": 50, ""timing_intervals"": 4800, ""width"": 900}"
P028,35,control,3,2,1,1,none,arim barizan migenu dukudo pomavas opomek ekamofa udom puku uvaparu ozasag uzusola kamor wezig afisi zezovag nizok ovurin ruluwes ilevuv volir binoma sinizob konopef warel omusum rosabor kuge tozi egavube zekezon ezupi o,arim barizan migenu dukudo pomavas,35,30,35,30,220,1.0,105.0,21.0,20.0,0,35,0.0,msd_target_prefix_v1,1463.699999999255,"{""anti_ocr"": {""profile"": ""off""}, ""cycle_hz"": 238.0952380954031, ""cycles"": 1, ""dropped_frame_rate"": 0, ""dropped_frames"": 0, ""frame_count"": 1, ""height"": 260, ""insert_inversion"": false, ""long_frame_intervals"": 0, ""max_frame_interval_ms"": 4.5, ""mean_frame_interval_ms"": 4.166624999999997, ""mode"": ""source_control"", ""n"": 1, ""observed_effective_cycle_hz"": 240.0024000240004, ""observed_full_cycle_hz"": 240.0024000240004, ""observed_refresh_hz"": 240.0024000240004, ""per_cycle_slots"": 1, ""refresh_hz"": 238.0952380954031, ""rendered_frames"": 4801, ""safe_flicker_hz"": 50, ""timing_intervals"": 4800, ""width"": 900}"
P029,36,masked,0,1,4,4,mask+noise+anti-ocr+inversion,ovap sonekug odir zomag duti orere ezawobu kiruko geredid viwis upakud wononol pukogo eweruf egomodi enob ofobe iliga anubin udeti wumo idamapo tubilip evirit ropuka bunuvi abesa sale viboda onebig inumi oredumi mufot ur,ovap somekug odir zomag duti orer,32,27,33,28,220,0.9696969696969697,96.0,19.200000000000003,20.0,1,33,0.030303030303030304,msd_target_prefix_v1,335.3999999985099,"{""anti_ocr"": {""glyph_alpha"": 0.12, ""profile"": ""strong"", ""salient_pixels"": 34915, ""stripe_alpha"": 0.1, ""stripe_width"": 10}, ""completeness_ok"": true, ""counts"": [58339, 58264, 58951, 58446], ""cycle_hz"": 59.523809523824994, ""cycles"": 6, ""dropped_frame_rate"": 0, ""dropped_frames"": 0, ""epsilonPixels"": 8, ""frame_count"": 30, ""gamma"": 4.4, ""height"": 260, ""insert_inversion"": true, ""inversion_alpha"": 0.2, ""inversion_flicker_warn"": true, ""long_frame_intervals"": 0, ""max_frame_interval_ms"": 4.5, ""mean_frame_interval_ms"": 4.166645833333335, ""mode"": ""temporal"", ""n"": 4, ""noise_residual"": 0, ""observed_effective_cycle_hz"": 60.00030000149999, ""observed_full_cycle_hz"": 48.00024000119999, ""observed_refresh_hz"": 240.00120000599995, ""per_cycle_slots"": 5, ""permutation"": [3, 1, 0, 2], ""refresh_hz"": 238.09523809529998, ""rendered_frames"": 4801, ""safe_flicker_hz"": 50, ""timing_intervals"": 4800, ""width"": 900}"
P029,36,control,1,1,1,1,none,adudote atod kigo orobon bunepo akuwa umud tanamo osugub imufawu edobodo vodedov obawiga zulefip ipiz arowep umebuk ugedani papi ramikod okav odobifo mozub vule fizewu ikufot edev pifalir okop megeput mitop kozifo sutut,adudote atod kigo orobon bunepo,31,27,31,27,219,1.0,93.0,18.6,20.0,0,31,0.0,msd_target_prefix_v1,1598.300000000745,"{""anti_ocr"": {""profile"": ""off""}, ""cycle_hz"": 238.09523809529998, ""cycles"": 1, ""dropped_frame_rate"": 0, ""dropped_frames"": 0, ""frame_count"": 1, ""height"": 260, ""insert_inversion"": false, ""long_frame_intervals"": 0, ""max_frame_interval_ms"": 4.5, ""mean_frame_interval_ms"": 4.166618045426128, ""mode"": ""source_control"", ""n"": 1, ""observed_effective_cycle_hz"": 240.00280061613566, ""observed_full_cycle_hz"": 240.00280061613566, ""observed_refresh_hz"": 240.00280061613566, ""per_cycle_slots"": 1, ""refresh_hz"": 238.09523809529998, ""rendered_frames"": 4800, ""safe_flicker_hz"": 50, ""timing_intervals"": 4799, ""width"": 900}"
P029,36,control,2,2,1,1,none,ewin weveda kadivik ozepo suni tutapo fowulo apisu linonu bonituz egobom mabu ivib wuru suseka luba zowa mika kigo dorawuv sadoku pirivut ediv ufalowo edole azesil fikif pewuget pogek uzub elusuga igurew izez wokun edutu,ewin weveda kadivik ozepo sun,29,25,29,25,220,1.0,87.0,17.400000000000002,20.0,0,29,0.0,msd_target_prefix_v1,1686.7999999970198,"{""anti_ocr"": {""profile"": ""off""}, ""cycle_hz"": 238.09523809529998, ""cycles"": 1, ""dropped_frame_rate"": 0, ""dropped_frames"": 0, ""frame_count"": 1, ""height"": 260, ""insert_inversion"": false, ""long_frame_intervals"": 0, ""max_frame_interval_ms"": 4.600000000005821, ""mean_frame_interval_ms"": 4.166645833333332, ""mode"": ""source_control"", ""n"": 1, ""observed_effective_cycle_hz"": 240.0012000060001, ""observed_full_cycle_hz"": 240.0012000060001, ""observed_refresh_hz"": 240.0012000060001, ""per_cycle_slots"": 1, ""refresh_hz"": 238.09523809529998, ""rendered_frames"": 4801, ""safe_flicker_hz"": 50, ""timing_intervals"": 4800, ""width"": 900}"
P029,36,masked,3,2,4,4,mask+noise+anti-ocr+inversion,vafon memuviv zoneti rotafik fosab akug wewid apumi kenunu adovuwe bitunid kiror idefen givibos zusuz abiso ivor fomep ezif genid rukadem fikame uzis nefis imuni enosa kinuru fidekes onorofe ivir elus lako zemi kivu ufer,vafonmenmuvivzoneti ro,21,20,22,21,220,0.8695652173913043,63.0,12.600000000000001,20.0,3,23,0.13043478260869565,msd_target_prefix_v1,2015.6000000014901,"{""anti_ocr"": {""glyph_alpha"": 0.12, ""profile"": ""strong"", ""salient_pixels"": 34377, ""stripe_alpha"": 0.1, ""stripe_width"": 10}, ""completeness_ok"": true, ""counts"": [58872, 57923, 58654, 58551], ""cycle_hz"": 59.523809523824994, ""cycles"": 6, ""dropped_frame_rate"": 0, ""dropped_frames"": 0, ""epsilonPixels"": 8, ""frame_count"": 30, ""gamma"": 4.4, ""height"": 260, ""insert_inversion"": true, ""inversion_alpha"": 0.2, ""inversion_flicker_warn"": true, ""long_frame_intervals"": 0, ""max_frame_interval_ms"": 4.5, ""mean_frame_interval_ms"": 4.1666388831006484, ""mode"": ""temporal"", ""n"": 4, ""noise_residual"": 0, ""observed_effective_cycle_hz"": 60.00040008601846, ""observed_full_cycle_hz"": 48.000320068814766, ""observed_refresh_hz"": 240.00160034407384, ""per_cycle_slots"": 5, ""permutation"": [0, 2, 3, 1], ""refresh_hz"": 238.09523809529998, ""rendered_frames"": 4800, ""safe_flicker_hz"": 50, ""timing_intervals"": 4799, ""width"": 900}"
P030,37,control,0,1,1,1,none,wawaz elamone uvuzuru zade kenaz odozo newu pase utumo ozif ofadib enifis rapimog oziz awenil kezalig edazo niwilil apetu ered zoketog fekoso sero nonas bokuzi ezelosi rizomes titib mude uwinar akidozu ated bugawez vemef,wawaz elamone uvuzuru zade ken,30,26,30,26,220,1.0,90.0,18.0,20.0,0,30,0.0,msd_target_prefix_v1,535.0,"{""anti_ocr"": {""profile"": ""off""}, ""cycle_hz"": 238.09523809519686, ""cycles"": 1, ""dropped_frame_rate"": 0, ""dropped_frames"": 0, ""frame_count"": 1, ""height"": 260, ""insert_inversion"": false, ""long_frame_intervals"": 0, ""max_frame_interval_ms"": 4.600000000005821, ""mean_frame_interval_ms"": 4.166638883100642, ""mode"": ""source_control"", ""n"": 1, ""observed_effective_cycle_hz"": 240.00160034407418, ""observed_full_cycle_hz"": 240.00160034407418, ""observed_refresh_hz"": 240.00160034407418, ""per_cycle_slots"": 1, ""refresh_hz"": 238.09523809519686, ""rendered_frames"": 4800, ""safe_flicker_hz"": 50, ""timing_intervals"": 4799, ""width"": 900}"
P030,37,masked,1,1,4,4,mask+noise+anti-ocr+inversion,vowava poda uluzani izoku ibavo ofizel ezeve sakupuk ewuf dewen kozid azin nesi fefu atelola sakuge etogag fabo ivudod ofivif pabe vutupi abiru vupig arado igewifi imenona inowebi gasuw fezu edok esogak emoma witep metod,vowava pode uluazani izoku ibav,29,25,31,27,220,0.935483870967742,87.0,17.400000000000002,20.0,2,30,0.06451612903225806,msd_target_prefix_v1,727.7999999970198,"{""anti_ocr"": {""glyph_alpha"": 0.12, ""profile"": ""strong"", ""salient_pixels"": 34909, ""stripe_alpha"": 0.1, ""stripe_width"": 10}, ""completeness_ok"": true, ""counts"": [58422, 58304, 58463, 58811], ""cycle_hz"": 59.523809523799216, ""cycles"": 6, ""dropped_frame_rate"": 0, ""dropped_frames"": 0, ""epsilonPixels"": 8, ""frame_count"": 30, ""gamma"": 4.4, ""height"": 260, ""insert_inversion"": true, ""inversion_alpha"": 0.2, ""inversion_flicker_warn"": true, ""long_frame_intervals"": 0, ""max_frame_interval_ms"": 4.7000000000116415, ""mean_frame_interval_ms"": 4.166645833333332, ""mode"": ""temporal"", ""n"": 4, ""noise_residual"": 0, ""observed_effective_cycle_hz"": 60.00030000150002, ""observed_full_cycle_hz"": 48.00024000120002, ""observed_refresh_hz"": 240.0012000060001, ""per_cycle_slots"": 5, ""permutation"": [1, 3, 2, 0], ""refresh_hz"": 238.09523809519686, ""rendered_frames"": 4801, ""safe_flicker_hz"": 50, ""timing_intervals"": 4800, ""width"": 900}"
P030,37,masked,2,2,4,4,mask+noise+anti-ocr+inversion,meral ipomi iwefo ewalog ukonaw vitozib ekisuwu gafa asizid tegil ukuri izawewo enimir gadu oguwu tokula nulevo idulo ozubise idozufi runeri bopene weri zilif vivopa avizone gonut irov kodew avat vuwelap ofevu pegin uwos,meral ipomi iwefo ewalog ukonaw e,32,27,33,28,220,0.9696969696969697,96.0,19.200000000000003,20.0,1,33,0.030303030303030304,msd_target_prefix_v1,1126.7999999970198,"{""anti_ocr"": {""glyph_alpha"": 0.12, ""profile"": ""strong"", ""salient_pixels"": 34546, ""stripe_alpha"": 0.1, ""stripe_width"": 10}, ""completeness_ok"": true, ""counts"": [58316, 58286, 58958, 58440], ""cycle_hz"": 59.523809523799216, ""cycles"": 6, ""dropped_frame_rate"": 0, ""dropped_frames"": 0, ""epsilonPixels"": 8, ""frame_count"": 30, ""gamma"": 4.4, ""height"": 260, ""insert_inversion"": true, ""inversion_alpha"": 0.2, ""inversion_flicker_warn"": true, ""long_frame_intervals"": 0, ""max_frame_interval_ms"": 4.599999999976717, ""mean_frame_interval_ms"": 4.1666388831006484, ""mode"": ""temporal"", ""n"": 4, ""noise_residual"": 0, ""observed_effective_cycle_hz"": 60.00040008601846, ""observed_full_cycle_hz"": 48.000320068814766, ""observed_refresh_hz"": 240.00160034407384, ""per_cycle_slots"": 5, ""permutation"": [0, 2, 1, 3], ""refresh_hz"": 238.09523809519686, ""rendered_frames"": 4800, ""safe_flicker_hz"": 50, ""timing_intervals"": 4799, ""width"": 900}"
P030,37,control,3,2,1,1,none,uzev sameg fudit kuwutam tubak ukutepo lukewi dubu lape iduve lime ipid vifep esebilo rivefa kuvesuw nusibeb aniro rasiru ninofa evufu onupa nigamu amumova fonub ekipib edawini dokugu fenug widawu veduno osewuva uwaza ag,uzev sameg fudit kuwuta tab,26,22,27,23,220,0.9285714285714286,78.0,15.600000000000001,20.0,2,28,0.07142857142857142,msd_target_prefix_v1,743.5,"{""anti_ocr"": {""profile"": ""off""}, ""cycle_hz"": 238.09523809519686, ""cycles"": 1, ""dropped_frame_rate"": 0, ""dropped_frames"": 0, ""frame_count"": 1, ""height"": 260, ""insert_inversion"": false, ""long_frame_intervals"": 0, ""max_frame_interval_ms"": 4.5, ""mean_frame_interval_ms"": 4.1666388831006484, ""mode"": ""source_control"", ""n"": 1, ""observed_effective_cycle_hz"": 240.00160034407384, ""observed_full_cycle_hz"": 240.00160034407384, ""observed_refresh_hz"": 240.00160034407384, ""per_cycle_slots"": 1, ""refresh_hz"": 238.09523809519686, ""rendered_frames"": 4800, ""safe_flicker_hz"": 50, ""timing_intervals"": 4799, ""width"": 900}"
P031,39,control,0,1,1,1,none,efugiw vubatit ewekuta ozob awope sapo izugi inub asogusi afabebo ororuni fumo idibimo zabov odarude opefan akavo dopi puni zikus otodaso zugo fotiga rotupo nowo nowim ofemaw basit tokoru laroduf puti owabewo fineg uneva,efugiw vubatit ewwluta ozob awope,32,27,34,29,220,0.9411764705882353,96.0,19.200000000000003,20.0,2,34,0.058823529411764705,msd_target_prefix_v1,663.3000000007451,"{""anti_ocr"": {""profile"": ""off""}, ""cycle_hz"": 238.0952380954031, ""cycles"": 1, ""dropped_frame_rate"": 0, ""dropped_frames"": 0, ""frame_count"": 1, ""height"": 260, ""insert_inversion"": false, ""long_frame_intervals"": 0, ""max_frame_interval_ms"": 4.600000000005821, ""mean_frame_interval_ms"": 4.1666388831006484, ""mode"": ""source_control"", ""n"": 1, ""observed_effective_cycle_hz"": 240.00160034407384, ""observed_full_cycle_hz"": 240.00160034407384, ""observed_refresh_hz"": 240.00160034407384, ""per_cycle_slots"": 1, ""refresh_hz"": 238.0952380954031, ""rendered_frames"": 4800, ""safe_flicker_hz"": 50, ""timing_intervals"": 4799, ""width"": 900}"
P031,39,masked,1,1,4,4,mask+noise+anti-ocr+inversion,robus zuvume mabisig zired gedino osew pasoted owodof ivutawa gazov pilove tozuwu davuvub zevo gulo kuwun wodikim emawe eleni olis otudi wavo sera matoveb amizisa lodigo bari upimuv owefonu awul orif lubiko sobiv pudeb n,robus zuvume rabisig zired gedino nos,35,30,37,32,220,0.9459459459459459,105.0,21.0,20.0,2,36,0.05405405405405406,msd_target_prefix_v1,342.8999999985099,"{""anti_ocr"": {""glyph_alpha"": 0.12, ""profile"": ""strong"", ""salient_pixels"": 34583, ""stripe_alpha"": 0.1, ""stripe_width"": 10}, ""completeness_ok"": true, ""counts"": [58509, 58603, 58598, 58290], ""cycle_hz"": 59.52380952385077, ""cycles"": 6, ""dropped_frame_rate"": 0, ""dropped_frames"": 0, ""epsilonPixels"": 8, ""frame_count"": 30, ""gamma"": 4.4, ""height"": 260, ""insert_inversion"": true, ""inversion_alpha"": 0.2, ""inversion_flicker_warn"": true, ""long_frame_intervals"": 0, ""max_frame_interval_ms"": 4.599999999976717, ""mean_frame_interval_ms"": 4.166618045426132, ""mode"": ""temporal"", ""n"": 4, ""noise_residual"": 0, ""observed_effective_cycle_hz"": 60.000700154033865, ""observed_full_cycle_hz"": 48.00056012322709, ""observed_refresh_hz"": 240.00280061613546, ""per_cycle_slots"": 5, ""permutation"": [1, 0, 3, 2], ""refresh_hz"": 238.0952380954031, ""rendered_frames"": 4800, ""safe_flicker_hz"": 50, ""timing_intervals"": 4799, ""width"": 900}"
P031,39,masked,2,2,4,4,mask+noise+anti-ocr+inversion,ovete bevu iwiliki asetaz lako talu ukawel izosiv merak zukanil topemi urona mukiwop esuwi ulago voda sofoviz ovatur vola bagow sike pefun urizitu ulikip sobu mofe onewipi ugemimo inesula edar boko igiri pamotu noreda fa,ovete bevu iwiiki asetasaz lake k,29,24,33,28,220,0.8484848484848485,87.0,17.400000000000002,20.0,5,32,0.15151515151515152,msd_target_prefix_v1,511.19999999925494,"{""anti_ocr"": {""glyph_alpha"": 0.12, ""profile"": ""strong"", ""salient_pixels"": 34441, ""stripe_alpha"": 0.1, ""stripe_width"": 10}, ""completeness_ok"": true, ""counts"": [58492, 58248, 58395, 58865], ""cycle_hz"": 59.52380952385077, ""cycles"": 6, ""dropped_frame_rate"": 0, ""dropped_frames"": 0, ""epsilonPixels"": 8, ""frame_count"": 30, ""gamma"": 4.4, ""height"": 260, ""insert_inversion"": true, ""inversion_alpha"": 0.2, ""inversion_flicker_warn"": true, ""long_frame_intervals"": 0, ""max_frame_interval_ms"": 4.5, ""mean_frame_interval_ms"": 4.166618045426132, ""mode"": ""temporal"", ""n"": 4, ""noise_residual"": 0, ""observed_effective_cycle_hz"": 60.000700154033865, ""observed_full_cycle_hz"": 48.00056012322709, ""observed_refresh_hz"": 240.00280061613546, ""per_cycle_slots"": 5, ""permutation"": [0, 1, 2, 3], ""refresh_hz"": 238.0952380954031, ""rendered_frames"": 4800, ""safe_flicker_hz"": 50, ""timing_intervals"": 4799, ""width"": 900}"
P031,39,control,3,2,1,1,none,afeliro rezizut igekuni bitera asubuv lufigik inoni sowobo wanudom ugar dilul agufipu isal epemil emipi wesako uparame edaregu memo romefem ebuvozu susal ladosat ivuzo owif lumofak sisalo nesezo ikaf avazin egamis izisur,afeliro rexixiut igekumi bitera sgewhia ugioqjfkdmahgkgkhieeh,34,29,62,56,220,0.532258064516129,102.0,20.400000000000002,20.0,29,52,0.46774193548387094,msd_target_prefix_v1,431.1000000014901,"{""anti_ocr"": {""profile"": ""off""}, ""cycle_hz"": 238.0952380954031, ""cycles"": 1, ""dropped_frame_rate"": 0, ""dropped_frames"": 0, ""frame_count"": 1, ""height"": 260, ""insert_inversion"": false, ""long_frame_intervals"": 0, ""max_frame_interval_ms"": 4.599999999976717, ""mean_frame_interval_ms"": 4.166618045426126, ""mode"": ""source_control"", ""n"": 1, ""observed_effective_cycle_hz"": 240.00280061613583, ""observed_full_cycle_hz"": 240.00280061613583, ""observed_refresh_hz"": 240.00280061613583, ""per_cycle_slots"": 1, ""refresh_hz"": 238.0952380954031, ""rendered_frames"": 4800, ""safe_flicker_hz"": 50, ""timing_intervals"": 4799, ""width"": 900}"
P032,41,control,0,1,1,1,none,vumofot eluzud widoti ulowef wigu naguger satupir galati sekom isak edurag ubelegi luzike adupepo bemi uvula isog orak rolawo esakir otedap dazenod kumoso ubesu emuf pidi aforuvo vebivas igov favi uroro izak dubawi ugan,vumofot eluzud widoiti ulowef wi,31,27,32,28,219,0.96875,93.0,18.6,20.0,1,31,0.03125,msd_target_prefix_v1,415.4000000000233,"{""anti_ocr"": {""profile"": ""off""}, ""cycle_hz"": 238.09523809457815, ""cycles"": 1, ""dropped_frame_rate"": 0, ""dropped_frames"": 0, ""frame_count"": 1, ""height"": 260, ""insert_inversion"": false, ""long_frame_intervals"": 0, ""max_frame_interval_ms"": 4.400000000023283, ""mean_frame_interval_ms"": 4.166645833333338, ""mode"": ""source_control"", ""n"": 1, ""observed_effective_cycle_hz"": 240.00120000599975, ""observed_full_cycle_hz"": 240.00120000599975, ""observed_refresh_hz"": 240.00120000599975, ""per_cycle_slots"": 1, ""refresh_hz"": 238.09523809457815, ""rendered_frames"": 4801, ""safe_flicker_hz"": 50, ""timing_intervals"": 4800, ""width"": 900}"
P032,41,masked,1,1,4,4,mask+noise+anti-ocr+inversion,piguzuf ibawak roke naruge ogavuru ogefu ziri nudelo elofasu boza kize ulawe ipeg molog mitu usen vamebap sokane fuwerun adasem ekane amila udibuna avog momo ewori ilil nebenid gigowot uveve aduz zevez fuzof ubatadi ikes,piguzuf ibawak roke naruge ogavuru og,37,32,37,32,220,1.0,111.0,22.200000000000003,20.0,0,37,0.0,msd_target_prefix_v1,519.5999999999767,"{""anti_ocr"": {""glyph_alpha"": 0.12, ""profile"": ""strong"", ""salient_pixels"": 34685, ""stripe_alpha"": 0.1, ""stripe_width"": 10}, ""completeness_ok"": true, ""counts"": [58698, 58552, 58247, 58503], ""cycle_hz"": 59.52380952364454, ""cycles"": 6, ""dropped_frame_rate"": 0, ""dropped_frames"": 0, ""epsilonPixels"": 8, ""frame_count"": 30, ""gamma"": 4.4, ""height"": 260, ""insert_inversion"": true, ""inversion_alpha"": 0.2, ""inversion_flicker_warn"": true, ""long_frame_intervals"": 0, ""max_frame_interval_ms"": 4.5, ""mean_frame_interval_ms"": 4.166645833333338, ""mode"": ""temporal"", ""n"": 4, ""noise_residual"": 0, ""observed_effective_cycle_hz"": 60.00030000149994, ""observed_full_cycle_hz"": 48.00024000119995, ""observed_refresh_hz"": 240.00120000599975, ""per_cycle_slots"": 5, ""permutation"": [2, 0, 1, 3], ""refresh_hz"": 238.09523809457815, ""rendered_frames"": 4801, ""safe_flicker_hz"": 50, ""timing_intervals"": 4800, ""width"": 900}"
P032,41,masked,2,2,4,4,mask+noise+anti-ocr+inversion,sirak umoki awut fele ruwi wulogo orono luduw gages afofu ovin polo banas wago ivewaba utikod okomera upap veku sina dupep aden upim mipa vanaz bowew lekuvum worafe pega ozul omur dolo abin topalo unese okifop surepod ag,sirak umoki awut fale ruwi wulogo oron,37,31,38,32,220,0.9736842105263158,111.0,22.200000000000003,20.0,1,38,0.02631578947368421,msd_target_prefix_v1,446.80000000004657,"{""anti_ocr"": {""glyph_alpha"": 0.12, ""profile"": ""strong"", ""salient_pixels"": 34364, ""stripe_alpha"": 0.1, ""stripe_width"": 10}, ""completeness_ok"": true, ""counts"": [58746, 58421, 58738, 58095], ""cycle_hz"": 59.52380952364454, ""cycles"": 6, ""dropped_frame_rate"": 0, ""dropped_frames"": 0, ""epsilonPixels"": 8, ""frame_count"": 30, ""gamma"": 4.4, ""height"": 260, ""insert_inversion"": true, ""inversion_alpha"": 0.2, ""inversion_flicker_warn"": true, ""long_frame_intervals"": 0, ""max_frame_interval_ms"": 4.5, ""mean_frame_interval_ms"": 4.166638883100636, ""mode"": ""temporal"", ""n"": 4, ""noise_residual"": 0, ""observed_effective_cycle_hz"": 60.00040008601864, ""observed_full_cycle_hz"": 48.00032006881491, ""observed_refresh_hz"": 240.00160034407455, ""per_cycle_slots"": 5, ""permutation"": [2, 0, 1, 3], ""refresh_hz"": 238.09523809457815, ""rendered_frames"": 4800, ""safe_flicker_hz"": 50, ""timing_intervals"": 4799, ""width"": 900}"
P032,41,control,3,2,1,1,none,elivu gegalib egusa wita aluwu gokive evegu rezowas povepa kedilen lasivi efok vubab ekazomi olaze urofo rukit orovon dowetiw unisago wewos epener sotemu epanire gaze iwig zirolu lodal vuvariv imosi dawisop woro peda ode,elivu gegalib egusa wita aluwu gokive e,39,33,39,33,220,1.0,117.0,23.400000000000002,20.0,0,39,0.0,msd_target_prefix_v1,446.80000000004657,"{""anti_ocr"": {""profile"": ""off""}, ""cycle_hz"": 238.09523809457815, ""cycles"": 1, ""dropped_frame_rate"": 0, ""dropped_frames"": 0, ""frame_count"": 1, ""height"": 260, ""insert_inversion"": false, ""long_frame_intervals"": 0, ""max_frame_interval_ms"": 4.599999999976717, ""mean_frame_interval_ms"": 4.166659720775171, ""mode"": ""source_control"", ""n"": 1, ""observed_effective_cycle_hz"": 240.0004000840171, ""observed_full_cycle_hz"": 240.0004000840171, ""observed_refresh_hz"": 240.0004000840171, ""per_cycle_slots"": 1, ""refresh_hz"": 238.09523809457815, ""rendered_frames"": 4800, ""safe_flicker_hz"": 50, ""timing_intervals"": 4799, ""width"": 900}"
P033,42,masked,0,1,4,4,mask+noise+anti-ocr+inversion,rabaso wege rinewul uwat edel apimad adelize olimir idud ibozilu ovowo atetig difug nobu efiwova gogam iripufe unud gibu mowewew nodu vekuvav evilube alevuwi idarava burube tidif rewovud ububiro uninezo nufun pufok iziwu,rabaso wegw rinewul rinnewul uwat api,25,20,37,32,220,0.6756756756756757,75.0,15.0,20.0,12,33,0.32432432432432434,msd_target_prefix_v1,375.19999999995343,"{""anti_ocr"": {""glyph_alpha"": 0.12, ""profile"": ""strong"", ""salient_pixels"": 35018, ""stripe_alpha"": 0.1, ""stripe_width"": 10}, ""completeness_ok"": true, ""counts"": [58857, 58348, 58591, 58204], ""cycle_hz"": 59.52380952385077, ""cycles"": 6, ""dropped_frame_rate"": 0, ""dropped_frames"": 0, ""epsilonPixels"": 8, ""frame_count"": 30, ""gamma"": 4.4, ""height"": 260, ""insert_inversion"": true, ""inversion_alpha"": 0.2, ""inversion_flicker_warn"": true, ""long_frame_intervals"": 0, ""max_frame_interval_ms"": 4.699999999982538, ""mean_frame_interval_ms"": 4.166618045426132, ""mode"": ""temporal"", ""n"": 4, ""noise_residual"": 0, ""observed_effective_cycle_hz"": 60.000700154033865, ""observed_full_cycle_hz"": 48.00056012322709, ""observed_refresh_hz"": 240.00280061613546, ""per_cycle_slots"": 5, ""permutation"": [1, 3, 2, 0], ""refresh_hz"": 238.0952380954031, ""rendered_frames"": 4800, ""safe_flicker_hz"": 50, ""timing_intervals"": 4799, ""width"": 900}"
P033,42,control,1,1,1,1,none,zilo weto ibatab avatuna erob serisak ibapu zawit rokete epaw tisa ranezit reled utuwepu adeb ovopew atobi izot ifenor agoti enuli inod ofupibe depefom naninuf gibi esariv boziled unasog uzun esewu eparat zabifip loroset,zilo weto ibatab avantuna erob serisak,38,32,39,33,220,0.9743589743589743,114.0,22.8,20.0,1,38,0.02564102564102564,msd_target_prefix_v1,1103.0,"{""anti_ocr"": {""profile"": ""off""}, ""cycle_hz"": 238.0952380954031, ""cycles"": 1, ""dropped_frame_rate"": 0, ""dropped_frames"": 0, ""frame_count"": 1, ""height"": 260, ""insert_inversion"": false, ""long_frame_intervals"": 0, ""max_frame_interval_ms"": 4.600000000005821, ""mean_frame_interval_ms"": 4.166625000000003, ""mode"": ""source_control"", ""n"": 1, ""observed_effective_cycle_hz"": 240.00240002400005, ""observed_full_cycle_hz"": 240.00240002400005, ""observed_refresh_hz"": 240.00240002400005, ""per_cycle_slots"": 1, ""refresh_hz"": 238.0952380954031, ""rendered_frames"": 4801, ""safe_flicker_hz"": 50, ""timing_intervals"": 4800, ""width"": 900}"
P033,42,control,2,2,1,1,none,vopiret vavego tisavi asurom enevak miro zenew odoza nosafi risav fadit wapi pigunik emaketa gaga emab rafir awati epowuru satapo fazoki eseda ubimera zetuvi elaged awos igopuw ewukon orolar ogepaw okolib putire uriv bew,vopiret vavego tisavi asurom enevak miro,41,35,41,35,220,1.0,123.0,24.599999999999998,20.0,0,41,0.0,msd_target_prefix_v1,486.30000000004657,"{""anti_ocr"": {""profile"": ""off""}, ""cycle_hz"": 238.0952380954031, ""cycles"": 1, ""dropped_frame_rate"": 0, ""dropped_frames"": 0, ""frame_count"": 1, ""height"": 260, ""insert_inversion"": false, ""long_frame_intervals"": 0, ""max_frame_interval_ms"": 4.699999999982538, ""mean_frame_interval_ms"": 4.166659720775165, ""mode"": ""source_control"", ""n"": 1, ""observed_effective_cycle_hz"": 240.00040008401743, ""observed_full_cycle_hz"": 240.00040008401743, ""observed_refresh_hz"": 240.00040008401743, ""per_cycle_slots"": 1, ""refresh_hz"": 238.0952380954031, ""rendered_frames"": 4800, ""safe_flicker_hz"": 50, ""timing_intervals"": 4799, ""width"": 900}"
P033,42,masked,3,2,4,4,mask+noise+anti-ocr+inversion,ofodo vabunip olirevu remol ezinu ezal menufo upoti kerefo wezuzat azizo adupera bawi ogirera nomi apiwip tida upem amena ikewa lozuk nimat vukebo rudaku kuril isada tadun ufafir zilaner oforiw ufipef awig dugo abape afe,ofodo vabunip olirevu reol zei,28,24,30,26,220,0.9,84.0,16.8,20.0,3,30,0.1,msd_target_prefix_v1,463.5,"{""anti_ocr"": {""glyph_alpha"": 0.12, ""profile"": ""strong"", ""salient_pixels"": 34390, ""stripe_alpha"": 0.1, ""stripe_width"": 10}, ""completeness_ok"": true, ""counts"": [58174, 58556, 58746, 58524], ""cycle_hz"": 59.52380952385077, ""cycles"": 6, ""dropped_frame_rate"": 0, ""dropped_frames"": 0, ""epsilonPixels"": 8, ""frame_count"": 30, ""gamma"": 4.4, ""height"": 260, ""insert_inversion"": true, ""inversion_alpha"": 0.2, ""inversion_flicker_warn"": true, ""long_frame_intervals"": 0, ""max_frame_interval_ms"": 4.699999999982538, ""mean_frame_interval_ms"": 4.166618045426132, ""mode"": ""temporal"", ""n"": 4, ""noise_residual"": 0, ""observed_effective_cycle_hz"": 60.000700154033865, ""observed_full_cycle_hz"": 48.00056012322709, ""observed_refresh_hz"": 240.00280061613546, ""per_cycle_slots"": 5, ""permutation"": [3, 2, 1, 0], ""refresh_hz"": 238.0952380954031, ""rendered_frames"": 4800, ""safe_flicker_hz"": 50, ""timing_intervals"": 4799, ""width"": 900}"
P034,43,control,0,1,1,1,none,ifasobe ofura elufup pinikew vavima weta bimubup usug kove bepuseg amevo ogovis ukozu perakap dekides fanagov arunez pubuk ilave wowut areto esuno ezere upagile imebi dogew dosi ibek wozemu pitomef isibe owagi olubabo er,ifaside i=odura e;ufaup pininkewa,24,21,33,30,220,0.7272727272727273,72.0,14.4,20.0,9,29,0.2727272727272727,msd_target_prefix_v1,398.9000000001397,"{""anti_ocr"": {""profile"": ""off""}, ""cycle_hz"": 238.0952380954031, ""cycles"": 1, ""dropped_frame_rate"": 0, ""dropped_frames"": 0, ""frame_count"": 1, ""height"": 260, ""insert_inversion"": false, ""long_frame_intervals"": 0, ""max_frame_interval_ms"": 4.5, ""mean_frame_interval_ms"": 4.166624999999997, ""mode"": ""source_control"", ""n"": 1, ""observed_effective_cycle_hz"": 240.0024000240004, ""observed_full_cycle_hz"": 240.0024000240004, ""observed_refresh_hz"": 240.0024000240004, ""per_cycle_slots"": 1, ""refresh_hz"": 238.0952380954031, ""rendered_frames"": 4801, ""safe_flicker_hz"": 50, ""timing_intervals"": 4800, ""width"": 900}"
P034,43,masked,1,1,4,4,mask+noise+anti-ocr+inversion,zezuri awib rikub ikefu mezuwe romow umukasu sifipu awadu nunuvel uzut ufekiri egova lefir vabi agavafi rigiv ikinaf fotup pimos bino ediv domu betigo teguru gafub vukuwo amabino vapiwe ibuf besodu itozena ilado owup usu,ezeuriawib ri =kub ikefu mezum,26,23,30,26,220,0.8,78.0,15.600000000000001,20.0,6,29,0.2,msd_target_prefix_v1,599.8000000000466,"{""anti_ocr"": {""glyph_alpha"": 0.12, ""profile"": ""strong"", ""salient_pixels"": 34588, ""stripe_alpha"": 0.1, ""stripe_width"": 10}, ""completeness_ok"": true, ""counts"": [58685, 58557, 58527, 58231], ""cycle_hz"": 59.52380952385077, ""cycles"": 6, ""dropped_frame_rate"": 0, ""dropped_frames"": 0, ""epsilonPixels"": 8, ""frame_count"": 30, ""gamma"": 4.4, ""height"": 260, ""insert_inversion"": true, ""inversion_alpha"": 0.2, ""inversion_flicker_warn"": true, ""long_frame_intervals"": 0, ""max_frame_interval_ms"": 4.600000000005821, ""mean_frame_interval_ms"": 4.166645833333332, ""mode"": ""temporal"", ""n"": 4, ""noise_residual"": 0, ""observed_effective_cycle_hz"": 60.00030000150002, ""observed_full_cycle_hz"": 48.00024000120002, ""observed_refresh_hz"": 240.0012000060001, ""per_cycle_slots"": 5, ""permutation"": [0, 3, 2, 1], ""refresh_hz"": 238.0952380954031, ""rendered_frames"": 4801, ""safe_flicker_hz"": 50, ""timing_intervals"": 4800, ""width"": 900}"
P034,43,masked,2,2,4,4,mask+noise+anti-ocr+inversion,kemod ivuwive ufaz udozife tuded ubasin fadizi akimat esezo nazune etoto tozudeb kawon vetebu esakev upir ezegeta sagukot fapo itaze mabebi asiziru nabawe oviku evododu bereri ived arat dusok soso lemu emef abodere urobe,kemod ivuwuve udaz udozife tuded,30,26,32,28,220,0.9375,90.0,18.0,20.0,2,32,0.0625,msd_target_prefix_v1,335.0,"{""anti_ocr"": {""glyph_alpha"": 0.12, ""profile"": ""strong"", ""salient_pixels"": 34542, ""stripe_alpha"": 0.1, ""stripe_width"": 10}, ""completeness_ok"": true, ""counts"": [58581, 58551, 58311, 58557], ""cycle_hz"": 59.52380952385077, ""cycles"": 6, ""dropped_frame_rate"": 0, ""dropped_frames"": 0, ""epsilonPixels"": 8, ""frame_count"": 30, ""gamma"": 4.4, ""height"": 260, ""insert_inversion"": true, ""inversion_alpha"": 0.2, ""inversion_flicker_warn"": true, ""long_frame_intervals"": 0, ""max_frame_interval_ms"": 4.5, ""mean_frame_interval_ms"": 4.1666388831006484, ""mode"": ""temporal"", ""n"": 4, ""noise_residual"": 0, ""observed_effective_cycle_hz"": 60.00040008601846, ""observed_full_cycle_hz"": 48.000320068814766, ""observed_refresh_hz"": 240.00160034407384, ""per_cycle_slots"": 5, ""permutation"": [1, 2, 3, 0], ""refresh_hz"": 238.0952380954031, ""rendered_frames"": 4800, ""safe_flicker_hz"": 50, ""timing_intervals"": 4799, ""width"": 900}"
P034,43,control,3,2,1,1,none,fili kirev unemiv emugeki opupi wumovi ifasid erawub bageri dopi osofipu ukukora vogezo otobifu woki vuwom vilin ligas lonasav kopugew kuwo kigu pabupa dobibod gifadu esina omoma rukifo kafuvo tavitir ruzilu eraru mepo m,"fili kirev une,iv muegeki",24,20,26,22,220,0.8846153846153846,72.0,14.4,20.0,3,26,0.11538461538461539,msd_target_prefix_v1,719.6999999999534,"{""anti_ocr"": {""profile"": ""off""}, ""cycle_hz"": 238.0952380954031, ""cycles"": 1, ""dropped_frame_rate"": 0, ""dropped_frames"": 0, ""frame_count"": 1, ""height"": 260, ""insert_inversion"": false, ""long_frame_intervals"": 0, ""max_frame_interval_ms"": 4.5, ""mean_frame_interval_ms"": 4.166659720775165, ""mode"": ""source_control"", ""n"": 1, ""observed_effective_cycle_hz"": 240.00040008401743, ""observed_full_cycle_hz"": 240.00040008401743, ""observed_refresh_hz"": 240.00040008401743, ""per_cycle_slots"": 1, ""refresh_hz"": 238.0952380954031, ""rendered_frames"": 4800, ""safe_flicker_hz"": 50, ""timing_intervals"": 4799, ""width"": 900}"
P035,44,masked,0,1,4,4,mask+noise+anti-ocr+inversion,asube alolesa azipun wopul kiku olapas popeso nuzuti pozev enodago ipagiz gavum ubob ekinel ugebik lanosig pofob dutiru iwife inamu zebiba ukoki fusuv etufe ruduzel razakip agewafu denu erufub buno gofun ugosagi ifit ode,asube alolesa azipun wopul,27,23,27,23,220,1.0,81.0,16.200000000000003,20.0,0,27,0.0,msd_target_prefix_v1,463.19999999995343,"{""anti_ocr"": {""glyph_alpha"": 0.12, ""profile"": ""strong"", ""salient_pixels"": 35379, ""stripe_alpha"": 0.1, ""stripe_width"": 10}, ""completeness_ok"": true, ""counts"": [58742, 58292, 58205, 58761], ""cycle_hz"": 59.52380952385077, ""cycles"": 6, ""dropped_frame_rate"": 0, ""dropped_frames"": 0, ""epsilonPixels"": 8, ""frame_count"": 30, ""gamma"": 4.4, ""height"": 260, ""insert_inversion"": true, ""inversion_alpha"": 0.2, ""inversion_flicker_warn"": true, ""long_frame_intervals"": 0, ""max_frame_interval_ms"": 4.399999999994179, ""mean_frame_interval_ms"": 4.1666388831006484, ""mode"": ""temporal"", ""n"": 4, ""noise_residual"": 0, ""observed_effective_cycle_hz"": 60.00040008601846, ""observed_full_cycle_hz"": 48.000320068814766, ""observed_refresh_hz"": 240.00160034407384, ""per_cycle_slots"": 5, ""permutation"": [0, 1, 3, 2], ""refresh_hz"": 238.0952380954031, ""rendered_frames"": 4800, ""safe_flicker_hz"": 50, ""timing_intervals"": 4799, ""width"": 900}"
P035,44,control,1,1,1,1,none,ikudir geno iganuno gudig zetika omav fumew funuga naniku pazanog oferun gunafo udegar delu koseno deridi ales mozapi amiwi akilev gefiva obomasu fado alapef pavoziv egevaz ivunif arizuve usokuz omami putikis igem ebaliw,ikudir gneo iganuno guiig,22,19,25,22,220,0.88,66.0,13.200000000000001,20.0,3,25,0.12,msd_target_prefix_v1,535.6999999999534,"{""anti_ocr"": {""profile"": ""off""}, ""cycle_hz"": 238.0952380954031, ""cycles"": 1, ""dropped_frame_rate"": 0, ""dropped_frames"": 0, ""frame_count"": 1, ""height"": 260, ""insert_inversion"": false, ""long_frame_intervals"": 0, ""max_frame_interval_ms"": 4.5, ""mean_frame_interval_ms"": 4.166625000000003, ""mode"": ""source_control"", ""n"": 1, ""observed_effective_cycle_hz"": 240.00240002400005, ""observed_full_cycle_hz"": 240.00240002400005, ""observed_refresh_hz"": 240.00240002400005, ""per_cycle_slots"": 1, ""refresh_hz"": 238.0952380954031, ""rendered_frames"": 4801, ""safe_flicker_hz"": 50, ""timing_intervals"": 4800, ""width"": 900}"
P035,44,control,2,2,1,1,none,sowipe udunar amuwu faro wufewis otifu sowik vosuvim fewutor iwopeka basa dezebe fufib asir poriro inibe puseg odawu lubopi wate epug azawat otezul eten sezulul okegowa epime obusam ezewu pemos dokezot fuzide ekub gezuva,sowipe udunar amu,17,15,17,15,220,1.0,51.0,10.200000000000001,20.0,0,17,0.0,msd_target_prefix_v1,1190.2000000001863,"{""anti_ocr"": {""profile"": ""off""}, ""cycle_hz"": 238.0952380954031, ""cycles"": 1, ""dropped_frame_rate"": 0, ""dropped_frames"": 0, ""frame_count"": 1, ""height"": 260, ""insert_inversion"": false, ""long_frame_intervals"": 0, ""max_frame_interval_ms"": 4.5, ""mean_frame_interval_ms"": 4.166645833333338, ""mode"": ""source_control"", ""n"": 1, ""observed_effective_cycle_hz"": 240.00120000599975, ""observed_full_cycle_hz"": 240.00120000599975, ""observed_refresh_hz"": 240.00120000599975, ""per_cycle_slots"": 1, ""refresh_hz"": 238.0952380954031, ""rendered_frames"": 4801, ""safe_flicker_hz"": 50, ""timing_intervals"": 4800, ""width"": 900}"
P035,44,masked,3,2,4,4,mask+noise+anti-ocr+inversion,aseka ivawo temob owake omuz usizido ropuzus ukuk enibuk abegem zewes defo evet belazit urala otigim welu remawak wevufew bata evome lonilir viluse irof asine awub etezul ukimi ifowa odum ikid tiketev wuvi enikena zewoke,aseka ivawomowake omu,21,19,21,19,220,0.7777777777777778,63.0,12.600000000000001,20.0,6,27,0.2222222222222222,msd_target_prefix_v1,598.7999999998137,"{""anti_ocr"": {""glyph_alpha"": 0.12, ""profile"": ""strong"", ""salient_pixels"": 34336, ""stripe_alpha"": 0.1, ""stripe_width"": 10}, ""completeness_ok"": true, ""counts"": [58319, 58561, 58602, 58518], ""cycle_hz"": 59.52380952385077, ""cycles"": 6, ""dropped_frame_rate"": 0, ""dropped_frames"": 0, ""epsilonPixels"": 8, ""frame_count"": 30, ""gamma"": 4.4, ""height"": 260, ""insert_inversion"": true, ""inversion_alpha"": 0.2, ""inversion_flicker_warn"": true, ""long_frame_intervals"": 0, ""max_frame_interval_ms"": 4.600000000034925, ""mean_frame_interval_ms"": 4.166638883100642, ""mode"": ""temporal"", ""n"": 4, ""noise_residual"": 0, ""observed_effective_cycle_hz"": 60.000400086018544, ""observed_full_cycle_hz"": 48.00032006881484, ""observed_refresh_hz"": 240.00160034407418, ""per_cycle_slots"": 5, ""permutation"": [3, 2, 1, 0], ""refresh_hz"": 238.0952380954031, ""rendered_frames"": 4800, ""safe_flicker_hz"": 50, ""timing_intervals"": 4799, ""width"": 900}"
P036,45,control,0,1,1,1,none,ufapavo ifedufo ised uveto setorak omabat evap ogesu ogupi ezarez dopiva pifot nofod itemir vinunun atitadu epeda peze damem memide avubof bamuvow isesilu putavon uvateno kikir gabuvud okonev zakik otarov ikovuwo omadul,ufapavo ifedufo ised uveto setorak o,36,31,36,31,219,1.0,108.0,21.6,20.0,0,36,0.0,msd_target_prefix_v1,390.89999999990687,"{""anti_ocr"": {""profile"": ""off""}, ""cycle_hz"": 238.09523809529998, ""cycles"": 1, ""dropped_frame_rate"": 0, ""dropped_frames"": 0, ""frame_count"": 1, ""height"": 260, ""insert_inversion"": false, ""long_frame_intervals"": 0, ""max_frame_interval_ms"": 4.400000000008731, ""mean_frame_interval_ms"": 4.166645833333332, ""mode"": ""source_control"", ""n"": 1, ""observed_effective_cycle_hz"": 240.0012000060001, ""observed_full_cycle_hz"": 240.0012000060001, ""observed_refresh_hz"": 240.0012000060001, ""per_cycle_slots"": 1, ""refresh_hz"": 238.09523809529998, ""rendered_frames"": 4801, ""safe_flicker_hz"": 50, ""timing_intervals"": 4800, ""width"": 900}"
P036,45,masked,1,1,4,4,mask+noise+anti-ocr+inversion,onokine urufag okomifa kuserap efas adal wekat tozus siwa lavade evupa vipaf batozom debati alidup adenebu isebad evim egalolu wegis ebud ibomez ekido tatoz emepe tapi ifew ofuvodu izimeg zetafok sofo ulikolu tadowo avip,onokine urufag okommifa kuserap a,31,27,33,29,220,0.9393939393939394,93.0,18.6,20.0,2,32,0.06060606060606061,msd_target_prefix_v1,455.79999999981374,"{""anti_ocr"": {""glyph_alpha"": 0.12, ""profile"": ""strong"", ""salient_pixels"": 35141, ""stripe_alpha"": 0.1, ""stripe_width"": 10}, ""completeness_ok"": true, ""counts"": [58817, 58787, 58178, 58218], ""cycle_hz"": 59.523809523824994, ""cycles"": 6, ""dropped_frame_rate"": 0, ""dropped_frames"": 0, ""epsilonPixels"": 8, ""frame_count"": 30, ""gamma"": 4.4, ""height"": 260, ""insert_inversion"": true, ""inversion_alpha"": 0.2, ""inversion_flicker_warn"": true, ""long_frame_intervals"": 0, ""max_frame_interval_ms"": 4.599999999991269, ""mean_frame_interval_ms"": 4.1666388831006484, ""mode"": ""temporal"", ""n"": 4, ""noise_residual"": 0, ""observed_effective_cycle_hz"": 60.00040008601846, ""observed_full_cycle_hz"": 48.000320068814766, ""observed_refresh_hz"": 240.00160034407384, ""per_cycle_slots"": 5, ""permutation"": [1, 2, 3, 0], ""refresh_hz"": 238.09523809529998, ""rendered_frames"": 4800, ""safe_flicker_hz"": 50, ""timing_intervals"": 4799, ""width"": 900}"
P036,45,masked,2,2,4,4,mask+noise+anti-ocr+inversion,desubad awetavu enoze orati onumava ozotal uzuz namafu avevu doro kifu onezeku ilipek zenuk dibete wepa adubow uboguse usugu fakarez binegot awuge lidosas ofeke suwolo uzuba iremi ugaw ewup okiwer nutinir lano emiwe eweg,desubad awetavu enoze ora,25,22,25,22,220,1.0,75.0,15.0,20.0,0,25,0.0,msd_target_prefix_v1,1727.0,"{""anti_ocr"": {""glyph_alpha"": 0.12, ""profile"": ""strong"", ""salient_pixels"": 34724, ""stripe_alpha"": 0.1, ""stripe_width"": 10}, ""completeness_ok"": true, ""counts"": [59062, 58097, 58662, 58179], ""cycle_hz"": 59.523809523824994, ""cycles"": 6, ""dropped_frame_rate"": 0, ""dropped_frames"": 0, ""epsilonPixels"": 8, ""frame_count"": 30, ""gamma"": 4.4, ""height"": 260, ""insert_inversion"": true, ""inversion_alpha"": 0.2, ""inversion_flicker_warn"": true, ""long_frame_intervals"": 0, ""max_frame_interval_ms"": 4.600000000005821, ""mean_frame_interval_ms"": 4.1666388831006484, ""mode"": ""temporal"", ""n"": 4, ""noise_residual"": 0, ""observed_effective_cycle_hz"": 60.00040008601846, ""observed_full_cycle_hz"": 48.000320068814766, ""observed_refresh_hz"": 240.00160034407384, ""per_cycle_slots"": 5, ""permutation"": [3, 0, 2, 1], ""refresh_hz"": 238.09523809529998, ""rendered_frames"": 4800, ""safe_flicker_hz"": 50, ""timing_intervals"": 4799, ""width"": 900}"
P036,45,control,3,2,1,1,none,etofemo akutos kufunod izinidu uguda topo ized iwufo konir inen upev pibiruz udok rizi tudo nurid tola patos vosupa nezis mugibor rurol ukuni ivote tuveto wodise ifusof evusis vegof inore wofa dabiziz ebadosi inaz atagu,etofemo akutos kufunod izinidu,31,27,31,27,219,1.0,93.0,18.6,20.0,0,31,0.0,msd_target_prefix_v1,383.0,"{""anti_ocr"": {""profile"": ""off""}, ""cycle_hz"": 238.09523809529998, ""cycles"": 1, ""dropped_frame_rate"": 0, ""dropped_frames"": 0, ""frame_count"": 1, ""height"": 260, ""insert_inversion"": false, ""long_frame_intervals"": 0, ""max_frame_interval_ms"": 4.399999999994179, ""mean_frame_interval_ms"": 4.166645833333332, ""mode"": ""source_control"", ""n"": 1, ""observed_effective_cycle_hz"": 240.0012000060001, ""observed_full_cycle_hz"": 240.0012000060001, ""observed_refresh_hz"": 240.0012000060001, ""per_cycle_slots"": 1, ""refresh_hz"": 238.09523809529998, ""rendered_frames"": 4801, ""safe_flicker_hz"": 50, ""timing_intervals"": 4800, ""width"": 900}"
P037,46,masked,0,1,4,4,mask+noise+anti-ocr+inversion,nolufi posafa loke oligu memus purugoz logar bazer bebid ofiral esula tiperef zaviv umogu zebepi pesinep tutob wagur butotes iguwa lepile emas veni avogop fawiz apokun ilesi omove pesesu folosa ediw kusun wodiviz tufebuk,nolufi posafa loke oligu n,25,21,26,22,220,0.9615384615384616,75.0,15.0,20.0,1,26,0.038461538461538464,msd_target_prefix_v1,502.39999999990687,"{""anti_ocr"": {""glyph_alpha"": 0.12, ""profile"": ""strong"", ""salient_pixels"": 34886, ""stripe_alpha"": 0.1, ""stripe_width"": 10}, ""completeness_ok"": true, ""counts"": [58621, 58304, 58209, 58866], ""cycle_hz"": 59.52380952385077, ""cycles"": 6, ""dropped_frame_rate"": 0, ""dropped_frames"": 0, ""epsilonPixels"": 8, ""frame_count"": 30, ""gamma"": 4.4, ""height"": 260, ""insert_inversion"": true, ""inversion_alpha"": 0.2, ""inversion_flicker_warn"": true, ""long_frame_intervals"": 0, ""max_frame_interval_ms"": 4.600000000005821, ""mean_frame_interval_ms"": 4.166624999999997, ""mode"": ""temporal"", ""n"": 4, ""noise_residual"": 0, ""observed_effective_cycle_hz"": 60.0006000060001, ""observed_full_cycle_hz"": 48.00048000480008, ""observed_refresh_hz"": 240.0024000240004, ""per_cycle_slots"": 5, ""permutation"": [1, 0, 2, 3], ""refresh_hz"": 238.0952380954031, ""rendered_frames"": 4801, ""safe_flicker_hz"": 50, ""timing_intervals"": 4800, ""width"": 900}"
P037,46,control,1,1,1,1,none,erisupo mavuloz ezodas isop tapod abozemi lawu olaname rupit anas itofim ogiwim usise ukiwe kogit suwofiv ironi bisurop sodedi otofug toluz netigu ofuzas ebil ivale lininik wezip tene evor uduze wavoso epefe bida tamefab,erisupo mavuloz ezodas isop,28,24,28,24,220,1.0,84.0,16.8,20.0,0,28,0.0,msd_target_prefix_v1,966.2999999998137,"{""anti_ocr"": {""profile"": ""off""}, ""cycle_hz"": 238.0952380954031, ""cycles"": 1, ""dropped_frame_rate"": 0, ""dropped_frames"": 0, ""frame_count"": 1, ""height"": 260, ""insert_inversion"": false, ""long_frame_intervals"": 0, ""max_frame_interval_ms"": 4.699999999982538, ""mean_frame_interval_ms"": 4.166624999999997, ""mode"": ""source_control"", ""n"": 1, ""observed_effective_cycle_hz"": 240.0024000240004, ""observed_full_cycle_hz"": 240.0024000240004, ""observed_refresh_hz"": 240.0024000240004, ""per_cycle_slots"": 1, ""refresh_hz"": 238.0952380954031, ""rendered_frames"": 4801, ""safe_flicker_hz"": 50, ""timing_intervals"": 4800, ""width"": 900}"
P037,46,control,2,2,1,1,none,aral ibalos popopud wine epav ozegamo omoret etotinu amanilo isip ibok akana somulim mani egez udiniw nutaz lota arurobo bebi gobebud abeki fiko efutin uvolo zefutek izub ukisad gumivos tora otisazi iwome alise eritis su,aral ibalos popopud wine ep,27,23,27,23,220,1.0,81.0,16.200000000000003,20.0,0,27,0.0,msd_target_prefix_v1,463.5,"{""anti_ocr"": {""profile"": ""off""}, ""cycle_hz"": 238.0952380954031, ""cycles"": 1, ""dropped_frame_rate"": 0, ""dropped_frames"": 0, ""frame_count"": 1, ""height"": 260, ""insert_inversion"": false, ""long_frame_intervals"": 0, ""max_frame_interval_ms"": 4.5, ""mean_frame_interval_ms"": 4.166624999999997, ""mode"": ""source_control"", ""n"": 1, ""observed_effective_cycle_hz"": 240.0024000240004, ""observed_full_cycle_hz"": 240.0024000240004, ""observed_refresh_hz"": 240.0024000240004, ""per_cycle_slots"": 1, ""refresh_hz"": 238.0952380954031, ""rendered_frames"": 4801, ""safe_flicker_hz"": 50, ""timing_intervals"": 4800, ""width"": 900}"
P037,46,masked,3,2,4,4,mask+noise+anti-ocr+inversion,dipowub itifip suzoz tapa wumane lazeva wuren wegapin iginu mase ukuvi nogiber uworuze ufume evapuwe doger tibi sisaw omavov urus isune usiko potagi lumawan urom okek gofoz ugobil diga wanef sunoper eses kawi unigad riki,dipowub itifip suzoz tapa w,27,23,27,23,220,1.0,81.0,16.200000000000003,20.0,0,27,0.0,msd_target_prefix_v1,566.7999999998137,"{""anti_ocr"": {""glyph_alpha"": 0.12, ""profile"": ""strong"", ""salient_pixels"": 34549, ""stripe_alpha"": 0.1, ""stripe_width"": 10}, ""completeness_ok"": true, ""counts"": [58583, 58612, 58321, 58484], ""cycle_hz"": 59.52380952385077, ""cycles"": 6, ""dropped_frame_rate"": 0, ""dropped_frames"": 0, ""epsilonPixels"": 8, ""frame_count"": 30, ""gamma"": 4.4, ""height"": 260, ""insert_inversion"": true, ""inversion_alpha"": 0.2, ""inversion_flicker_warn"": true, ""long_frame_intervals"": 0, ""max_frame_interval_ms"": 4.5, ""mean_frame_interval_ms"": 4.166625000000003, ""mode"": ""temporal"", ""n"": 4, ""noise_residual"": 0, ""observed_effective_cycle_hz"": 60.00060000600001, ""observed_full_cycle_hz"": 48.00048000480001, ""observed_refresh_hz"": 240.00240002400005, ""per_cycle_slots"": 5, ""permutation"": [2, 1, 0, 3], ""refresh_hz"": 238.0952380954031, ""rendered_frames"": 4801, ""safe_flicker_hz"": 50, ""timing_intervals"": 4800, ""width"": 900}"
P038,47,control,0,1,1,1,none,asosewa vawok bubiwo etaba nuva ipupugi sukefor peladol anum vigutuk odibed urir emelola afuf mewor itakaz enunow fesew okak vodiro sinupo awupuz agebapa unusuto fulovif ivuf epoder dokedol gubop uzaku vizen eborin apazi,asosewa vawok bubiwo etaba nuva ip,34,29,34,29,220,1.0,102.0,20.400000000000002,20.0,0,34,0.0,msd_target_prefix_v1,1479.6000000000931,"{""anti_ocr"": {""profile"": ""off""}, ""cycle_hz"": 238.0952380954031, ""cycles"": 1, ""dropped_frame_rate"": 0, ""dropped_frames"": 0, ""frame_count"": 1, ""height"": 260, ""insert_inversion"": false, ""long_frame_intervals"": 0, ""max_frame_interval_ms"": 4.600000000005821, ""mean_frame_interval_ms"": 4.1666388831006484, ""mode"": ""source_control"", ""n"": 1, ""observed_effective_cycle_hz"": 240.00160034407384, ""observed_full_cycle_hz"": 240.00160034407384, ""observed_refresh_hz"": 240.00160034407384, ""per_cycle_slots"": 1, ""refresh_hz"": 238.0952380954031, ""rendered_frames"": 4800, ""safe_flicker_hz"": 50, ""timing_intervals"": 4799, ""width"": 900}"
P038,47,masked,1,1,4,4,mask+noise+anti-ocr+inversion,eduvawe fowes riwav afusep mules afev komi fudit miwova ukef ikozow wefepeb akiwul iresel izif dovo sisi evab enovu ipotor osemami sewu atola merevu okoluw ifato ogefite ifimur etawa enor kalafi akubefa igupita idomi vus,eduvawe fowes riwav afusep mules a,34,29,34,29,220,1.0,102.0,20.400000000000002,20.0,0,34,0.0,msd_target_prefix_v1,1519.6000000000931,"{""anti_ocr"": {""glyph_alpha"": 0.12, ""profile"": ""strong"", ""salient_pixels"": 34241, ""stripe_alpha"": 0.1, ""stripe_width"": 10}, ""completeness_ok"": true, ""counts"": [58477, 58217, 58657, 58649], ""cycle_hz"": 59.52380952385077, ""cycles"": 6, ""dropped_frame_rate"": 0, ""dropped_frames"": 0, ""epsilonPixels"": 8, ""frame_count"": 30, ""gamma"": 4.4, ""height"": 260, ""insert_inversion"": true, ""inversion_alpha"": 0.2, ""inversion_flicker_warn"": true, ""long_frame_intervals"": 0, ""max_frame_interval_ms"": 4.5, ""mean_frame_interval_ms"": 4.1666388831006484, ""mode"": ""temporal"", ""n"": 4, ""noise_residual"": 0, ""observed_effective_cycle_hz"": 60.00040008601846, ""observed_full_cycle_hz"": 48.000320068814766, ""observed_refresh_hz"": 240.00160034407384, ""per_cycle_slots"": 5, ""permutation"": [2, 0, 1, 3], ""refresh_hz"": 238.0952380954031, ""rendered_frames"": 4800, ""safe_flicker_hz"": 50, ""timing_intervals"": 4799, ""width"": 900}"
P038,47,masked,2,2,4,4,mask+noise+anti-ocr+inversion,evati alirul odapo zema ulivad amopamu nimub afogid utin zoweg wutodur zafe vare ewebem adik mutonum uvanado fetalu tefa sovubu onutagu duno imeko iwar ekubi geta ilezat viwi afarad tisuwen uted irinuk zupuvob nigi molor,evati alirul odapo zema ulivad amopamu n,40,34,40,34,220,1.0,120.0,24.0,20.0,0,40,0.0,msd_target_prefix_v1,702.3999999999069,"{""anti_ocr"": {""glyph_alpha"": 0.12, ""profile"": ""strong"", ""salient_pixels"": 34524, ""stripe_alpha"": 0.1, ""stripe_width"": 10}, ""completeness_ok"": true, ""counts"": [58376, 58608, 58505, 58511], ""cycle_hz"": 59.52380952385077, ""cycles"": 6, ""dropped_frame_rate"": 0, ""dropped_frames"": 0, ""epsilonPixels"": 8, ""frame_count"": 30, ""gamma"": 4.4, ""height"": 260, ""insert_inversion"": true, ""inversion_alpha"": 0.2, ""inversion_flicker_warn"": true, ""long_frame_intervals"": 0, ""max_frame_interval_ms"": 4.300000000017462, ""mean_frame_interval_ms"": 4.166624999999997, ""mode"": ""temporal"", ""n"": 4, ""noise_residual"": 0, ""observed_effective_cycle_hz"": 60.0006000060001, ""observed_full_cycle_hz"": 48.00048000480008, ""observed_refresh_hz"": 240.0024000240004, ""per_cycle_slots"": 5, ""permutation"": [1, 0, 2, 3], ""refresh_hz"": 238.0952380954031, ""rendered_frames"": 4801, ""safe_flicker_hz"": 50, ""timing_intervals"": 4800, ""width"": 900}"
P038,47,control,3,2,1,1,none,wurog furifi ekonu gupe kiboze imefaw owaw ufinuno ewemor nuwamur unesuzi tekas elam gonas gezo nokutik ewomopi tagev opewide ateri efinavi udumifu ogup naro osum supomu werak emegipi emedefe nipeged fofip natur mufebo l,wurog furifi ekonu gupe kiboze imefa,36,31,36,31,220,1.0,108.0,21.6,20.0,0,36,0.0,msd_target_prefix_v1,358.39999999990687,"{""anti_ocr"": {""profile"": ""off""}, ""cycle_hz"": 238.0952380954031, ""cycles"": 1, ""dropped_frame_rate"": 0, ""dropped_frames"": 0, ""frame_count"": 1, ""height"": 260, ""insert_inversion"": false, ""long_frame_intervals"": 0, ""max_frame_interval_ms"": 4.699999999982538, ""mean_frame_interval_ms"": 4.1666388831006484, ""mode"": ""source_control"", ""n"": 1, ""observed_effective_cycle_hz"": 240.00160034407384, ""observed_full_cycle_hz"": 240.00160034407384, ""observed_refresh_hz"": 240.00160034407384, ""per_cycle_slots"": 1, ""refresh_hz"": 238.0952380954031, ""rendered_frames"": 4800, ""safe_flicker_hz"": 50, ""timing_intervals"": 4799, ""width"": 900}"
P039,49,control,0,1,1,1,none,rivog fezo lisade disifes zirusob uzuki zaruzo anevota etim isaker izufure bebemi fapata velefop dekis ureli uwitepi vivedi pumeb isiregu komota ovoror gafama tatufub utawop elanek egel osenuvu kezen nado umede ofigu vem,revog fezo lisable disfile zirusob,29,25,34,30,220,0.8235294117647058,87.0,17.400000000000002,20.0,6,33,0.17647058823529413,msd_target_prefix_v1,1014.9000000003725,"{""anti_ocr"": {""profile"": ""off""}, ""cycle_hz"": 238.0952380954031, ""cycles"": 1, ""dropped_frame_rate"": 0, ""dropped_frames"": 0, ""frame_count"": 1, ""height"": 260, ""insert_inversion"": false, ""long_frame_intervals"": 0, ""max_frame_interval_ms"": 4.5, ""mean_frame_interval_ms"": 4.166624999999997, ""mode"": ""source_control"", ""n"": 1, ""observed_effective_cycle_hz"": 240.0024000240004, ""observed_full_cycle_hz"": 240.0024000240004, ""observed_refresh_hz"": 240.0024000240004, ""per_cycle_slots"": 1, ""refresh_hz"": 238.0952380954031, ""rendered_frames"": 4801, ""safe_flicker_hz"": 50, ""timing_intervals"": 4800, ""width"": 900}"
P039,49,masked,1,1,4,4,mask+noise+anti-ocr+inversion,vowetem egibel porag bemu etati teselaf rififuw upirube avevuwi bufap akil fezib sozuvo mokow ipos puretis nure elod orutev oponik usiz uvona zener efulup zadi opovi iwaki mokulik sezo ifeko nikubod kopiw zuloli nagabev,vowetem egibel porag bewu etai,28,24,30,26,219,0.9333333333333333,84.0,16.8,20.0,2,30,0.06666666666666667,msd_target_prefix_v1,855.1000000005588,"{""anti_ocr"": {""glyph_alpha"": 0.12, ""profile"": ""strong"", ""salient_pixels"": 34528, ""stripe_alpha"": 0.1, ""stripe_width"": 10}, ""completeness_ok"": true, ""counts"": [58764, 58097, 58564, 58575], ""cycle_hz"": 59.52380952385077, ""cycles"": 6, ""dropped_frame_rate"": 0, ""dropped_frames"": 0, ""epsilonPixels"": 8, ""frame_count"": 30, ""gamma"": 4.4, ""height"": 260, ""insert_inversion"": true, ""inversion_alpha"": 0.2, ""inversion_flicker_warn"": true, ""long_frame_intervals"": 0, ""max_frame_interval_ms"": 4.5, ""mean_frame_interval_ms"": 4.166645833333332, ""mode"": ""temporal"", ""n"": 4, ""noise_residual"": 0, ""observed_effective_cycle_hz"": 60.00030000150002, ""observed_full_cycle_hz"": 48.00024000120002, ""observed_refresh_hz"": 240.0012000060001, ""per_cycle_slots"": 5, ""permutation"": [1, 0, 3, 2], ""refresh_hz"": 238.0952380954031, ""rendered_frames"": 4801, ""safe_flicker_hz"": 50, ""timing_intervals"": 4800, ""width"": 900}"
P039,49,masked,2,2,4,4,mask+noise+anti-ocr+inversion,ezoni pame ketuzok opelon ugiw povez oralor anabeku ovagit waze edot boguvo ruga odeda abuwi nagiwur walazep esigele ruduz tupu itor wival muwaf edivuto azabip telez kolasi wavita gokor upad woro ifaziba ibesi osut epile,ezoni pame ketuzok opelon wugiw oral,32,27,36,31,220,0.8611111111111112,96.0,19.200000000000003,20.0,5,36,0.1388888888888889,msd_target_prefix_v1,1071.5,"{""anti_ocr"": {""glyph_alpha"": 0.12, ""profile"": ""strong"", ""salient_pixels"": 34658, ""stripe_alpha"": 0.1, ""stripe_width"": 10}, ""completeness_ok"": true, ""counts"": [58332, 58519, 58704, 58445], ""cycle_hz"": 59.52380952385077, ""cycles"": 6, ""dropped_frame_rate"": 0, ""dropped_frames"": 0, ""epsilonPixels"": 8, ""frame_count"": 30, ""gamma"": 4.4, ""height"": 260, ""insert_inversion"": true, ""inversion_alpha"": 0.2, ""inversion_flicker_warn"": true, ""long_frame_intervals"": 0, ""max_frame_interval_ms"": 4.5, ""mean_frame_interval_ms"": 4.166659720775165, ""mode"": ""temporal"", ""n"": 4, ""noise_residual"": 0, ""observed_effective_cycle_hz"": 60.00010002100436, ""observed_full_cycle_hz"": 48.00008001680349, ""observed_refresh_hz"": 240.00040008401743, ""per_cycle_slots"": 5, ""permutation"": [3, 2, 1, 0], ""refresh_hz"": 238.0952380954031, ""rendered_frames"": 4800, ""safe_flicker_hz"": 50, ""timing_intervals"": 4799, ""width"": 900}"
P039,49,control,3,2,1,1,none,irola vatozi rawufig pitomuf kiwow fifabap razel avemuz odipewo morez dutomuv ebube vafi sitot iveka nivo ituzuwi rosuvo mina imuseva ezemawi mizis aminivi segilav tawisa rezati purenap pezaf inumog abew ifegeda rozo umi,irola vatozi rawufig pitomuf kiwow fifa,39,34,39,34,220,1.0,117.0,23.400000000000002,20.0,0,39,0.0,msd_target_prefix_v1,415.59999999962747,"{""anti_ocr"": {""profile"": ""off""}, ""cycle_hz"": 238.0952380954031, ""cycles"": 1, ""dropped_frame_rate"": 0, ""dropped_frames"": 0, ""frame_count"": 1, ""height"": 260, ""insert_inversion"": false, ""long_frame_intervals"": 0, ""max_frame_interval_ms"": 4.699999999982538, ""mean_frame_interval_ms"": 4.166645833333338, ""mode"": ""source_control"", ""n"": 1, ""observed_effective_cycle_hz"": 240.00120000599975, ""observed_full_cycle_hz"": 240.00120000599975, ""observed_refresh_hz"": 240.00120000599975, ""per_cycle_slots"": 1, ""refresh_hz"": 238.0952380954031, ""rendered_frames"": 4801, ""safe_flicker_hz"": 50, ""timing_intervals"": 4800, ""width"": 900}"
P040,50,masked,0,1,4,4,mask+noise+anti-ocr+inversion,vedeg atuwit nivik ilepe geba imanu kadir ababipu apuzeri vakup otamok luni omasivi modid romupe nawadi lobova isure fobez nuvar elopol dowez fanan dosup lasu sapufaf onolawu azozes orowimu atadafu adopop zugut gini kuzu,vedeg atuwit nivik ilepe gaba imanu kadir ababipu apuzer,55,47,56,48,220,0.9821428571428571,165.0,33.0,20.0,1,56,0.017857142857142856,msd_target_prefix_v1,463.3999999985099,"{""anti_ocr"": {""glyph_alpha"": 0.12, ""profile"": ""strong"", ""salient_pixels"": 34737, ""stripe_alpha"": 0.1, ""stripe_width"": 10}, ""completeness_ok"": true, ""counts"": [58260, 58071, 58921, 58748], ""cycle_hz"": 59.52380953436874, ""cycles"": 6, ""dropped_frame_rate"": 0, ""dropped_frames"": 0, ""epsilonPixels"": 8, ""frame_count"": 30, ""gamma"": 4.4, ""height"": 260, ""insert_inversion"": true, ""inversion_alpha"": 0.2, ""inversion_flicker_warn"": true, ""long_frame_intervals"": 0, ""max_frame_interval_ms"": 4.3999999994412065, ""mean_frame_interval_ms"": 4.1666180454262465, ""mode"": ""temporal"", ""n"": 4, ""noise_residual"": 0, ""observed_effective_cycle_hz"": 60.00070015403222, ""observed_full_cycle_hz"": 48.000560123225775, ""observed_refresh_hz"": 240.00280061612887, ""per_cycle_slots"": 5, ""permutation"": [1, 3, 2, 0], ""refresh_hz"": 238.09523813747495, ""rendered_frames"": 4800, ""safe_flicker_hz"": 50, ""timing_intervals"": 4799, ""width"": 900}"
P040,50,control,1,1,1,1,none,aravivi onasu inova ozafi iwom golorav namorid ugasube zalu elab rezema gugag ukedir fimafal ritiw kava bipete ekogod afoto mami erezune vomafa putaru utuveb ogababo tato sado opodup esiwon sivu tega asal vawugem botagag,aravivi onasu inova ozafi iwom golorav namorid ugasube alu,58,50,58,50,220,0.9830508474576272,174.0,34.800000000000004,20.0,1,59,0.01694915254237288,msd_target_prefix_v1,278.40000000037253,"{""anti_ocr"": {""profile"": ""off""}, ""cycle_hz"": 238.09523813747495, ""cycles"": 1, ""dropped_frame_rate"": 0, ""dropped_frames"": 0, ""frame_count"": 1, ""height"": 260, ""insert_inversion"": false, ""long_frame_intervals"": 0, ""max_frame_interval_ms"": 4.599999999627471, ""mean_frame_interval_ms"": 4.166659720775122, ""mode"": ""source_control"", ""n"": 1, ""observed_effective_cycle_hz"": 240.0004000840199, ""observed_full_cycle_hz"": 240.0004000840199, ""observed_refresh_hz"": 240.0004000840199, ""per_cycle_slots"": 1, ""refresh_hz"": 238.09523813747495, ""rendered_frames"": 4800, ""safe_flicker_hz"": 50, ""timing_intervals"": 4799, ""width"": 900}"
P040,50,control,2,2,1,1,none,ebesila tediva mozekob ibekuwo usuk evigati vitamad buwavur ogizutu oresut supeno eded nodi lawi leda vafit owapebo nesefa udoku debabit epugu fisomop midinu ozana udari fama vavotu rilufen roki nodise gavana anagela etu,ebesila tediva mozekob ibekuwo usuk evigati vitamad buwavur o,61,53,61,53,220,1.0,183.0,36.6,20.0,0,61,0.0,msd_target_prefix_v1,487.69999999925494,"{""anti_ocr"": {""profile"": ""off""}, ""cycle_hz"": 238.09523813747495, ""cycles"": 1, ""dropped_frame_rate"": 0, ""dropped_frames"": 0, ""frame_count"": 1, ""height"": 260, ""insert_inversion"": false, ""long_frame_intervals"": 0, ""max_frame_interval_ms"": 4.599999999627471, ""mean_frame_interval_ms"": 4.166638883100685, ""mode"": ""source_control"", ""n"": 1, ""observed_effective_cycle_hz"": 240.00160034407173, ""observed_full_cycle_hz"": 240.00160034407173, ""observed_refresh_hz"": 240.00160034407173, ""per_cycle_slots"": 1, ""refresh_hz"": 238.09523813747495, ""rendered_frames"": 4800, ""safe_flicker_hz"": 50, ""timing_intervals"": 4799, ""width"": 900}"
P040,50,masked,3,2,4,4,mask+noise+anti-ocr+inversion,rebak zazo zezep gigopi uzawanu pale ibina matudiv ediwa falotav onud irugiro otega uzirar duli fadalid obuz pavesob sasodo vamub popet namiko vasuru obed obibupa elol ezofupe ageguti tugov zokol omobu abama irupeke gofe,rebak zazo zezep gigopi uzawanu pale ibina matudi,49,42,49,42,220,1.0,147.0,29.400000000000002,20.0,0,49,0.0,msd_target_prefix_v1,638.5999999996275,"{""anti_ocr"": {""glyph_alpha"": 0.12, ""profile"": ""strong"", ""salient_pixels"": 35121, ""stripe_alpha"": 0.1, ""stripe_width"": 10}, ""completeness_ok"": true, ""counts"": [58384, 58417, 58736, 58463], ""cycle_hz"": 59.52380953436874, ""cycles"": 6, ""dropped_frame_rate"": 0, ""dropped_frames"": 0, ""epsilonPixels"": 8, ""frame_count"": 30, ""gamma"": 4.4, ""height"": 260, ""insert_inversion"": true, ""inversion_alpha"": 0.2, ""inversion_flicker_warn"": true, ""long_frame_intervals"": 0, ""max_frame_interval_ms"": 4.300000000745058, ""mean_frame_interval_ms"": 4.166638883100685, ""mode"": ""temporal"", ""n"": 4, ""noise_residual"": 0, ""observed_effective_cycle_hz"": 60.00040008601793, ""observed_full_cycle_hz"": 48.00032006881435, ""observed_refresh_hz"": 240.00160034407173, ""per_cycle_slots"": 5, ""permutation"": [0, 2, 3, 1], ""refresh_hz"": 238.09523813747495, ""rendered_frames"": 4800, ""safe_flicker_hz"": 50, ""timing_intervals"": 4799, ""width"": 900}"
P041,51,control,0,1,1,1,none,binu worelu firupa usub melo uvenomi noba usef peza mifaki igit umesuna upiso ukefopo zamise eluf abigade itonud iwes iberi tosobit awuzifu opami ugas inetuna azived akezoz azatuw zofo uwogobi wegi voko enevam kifenur uw,binu worelu firupa usub,24,20,24,20,220,1.0,72.0,14.4,20.0,0,24,0.0,msd_target_prefix_v1,694.5999999996275,"{""anti_ocr"": {""profile"": ""off""}, ""cycle_hz"": 238.0952380954031, ""cycles"": 1, ""dropped_frame_rate"": 0, ""dropped_frames"": 0, ""frame_count"": 1, ""height"": 260, ""insert_inversion"": false, ""long_frame_intervals"": 0, ""max_frame_interval_ms"": 4.600000000005821, ""mean_frame_interval_ms"": 4.166618045426126, ""mode"": ""source_control"", ""n"": 1, ""observed_effective_cycle_hz"": 240.00280061613583, ""observed_full_cycle_hz"": 240.00280061613583, ""observed_refresh_hz"": 240.00280061613583, ""per_cycle_slots"": 1, ""refresh_hz"": 238.0952380954031, ""rendered_frames"": 4800, ""safe_flicker_hz"": 50, ""timing_intervals"": 4799, ""width"": 900}"
P041,51,masked,1,1,4,4,mask+noise+anti-ocr+inversion,maki ewub esufagu kogom difero vefi muderub labasa dozin galibe widopi bukadi mabadas sadifel onok dogugil upunowi edolo okopom egob osabu vusiwew adipoda kezukor ruva osel urak isota puzew fuli adig peboma vuligi goman,maki ewub esufagu kogom difer,29,25,29,25,219,1.0,87.0,17.400000000000002,20.0,0,29,0.0,msd_target_prefix_v1,839.3000000007451,"{""anti_ocr"": {""glyph_alpha"": 0.12, ""profile"": ""strong"", ""salient_pixels"": 35469, ""stripe_alpha"": 0.1, ""stripe_width"": 10}, ""completeness_ok"": true, ""counts"": [58366, 58399, 58676, 58559], ""cycle_hz"": 59.52380952385077, ""cycles"": 6, ""dropped_frame_rate"": 0, ""dropped_frames"": 0, ""epsilonPixels"": 8, ""frame_count"": 30, ""gamma"": 4.4, ""height"": 260, ""insert_inversion"": true, ""inversion_alpha"": 0.2, ""inversion_flicker_warn"": true, ""long_frame_intervals"": 0, ""max_frame_interval_ms"": 4.600000000005821, ""mean_frame_interval_ms"": 4.166645833333338, ""mode"": ""temporal"", ""n"": 4, ""noise_residual"": 0, ""observed_effective_cycle_hz"": 60.00030000149994, ""observed_full_cycle_hz"": 48.00024000119995, ""observed_refresh_hz"": 240.00120000599975, ""per_cycle_slots"": 5, ""permutation"": [1, 0, 2, 3], ""refresh_hz"": 238.0952380954031, ""rendered_frames"": 4801, ""safe_flicker_hz"": 50, ""timing_intervals"": 4800, ""width"": 900}"
P041,51,masked,2,2,4,4,mask+noise+anti-ocr+inversion,toso tole timinu uzoneze fagu kigas owor atuk opeda guwil vedo busawu ozobi ipomab sikov ufipo nuwaza zasid tididil umawi widedod ludaw pogaraf zofiko avamat lamof kizu gagek egud ivusoz dopow bede razipe ewogul emavat u,toso tole timinu uzoneze fagu kig,33,28,33,28,220,1.0,99.0,19.8,20.0,0,33,0.0,msd_target_prefix_v1,351.0,"{""anti_ocr"": {""glyph_alpha"": 0.12, ""profile"": ""strong"", ""salient_pixels"": 34797, ""stripe_alpha"": 0.1, ""stripe_width"": 10}, ""completeness_ok"": true, ""counts"": [58496, 58643, 58403, 58458], ""cycle_hz"": 59.52380952385077, ""cycles"": 6, ""dropped_frame_rate"": 0, ""dropped_frames"": 0, ""epsilonPixels"": 8, ""frame_count"": 30, ""gamma"": 4.4, ""height"": 260, ""insert_inversion"": true, ""inversion_alpha"": 0.2, ""inversion_flicker_warn"": true, ""long_frame_intervals"": 0, ""max_frame_interval_ms"": 4.300000000017462, ""mean_frame_interval_ms"": 4.166666666666667, ""mode"": ""temporal"", ""n"": 4, ""noise_residual"": 0, ""observed_effective_cycle_hz"": 59.99999999999999, ""observed_full_cycle_hz"": 47.99999999999999, ""observed_refresh_hz"": 239.99999999999997, ""per_cycle_slots"": 5, ""permutation"": [3, 0, 1, 2], ""refresh_hz"": 238.0952380954031, ""rendered_frames"": 4801, ""safe_flicker_hz"": 50, ""timing_intervals"": 4800, ""width"": 900}"
P041,51,control,3,2,1,1,none,nafiviw usila abedape oruroge dulasov wetol loron nolo edob size iguv doga otak amod izat akat uguduma ulan isina ugara isukav tefiti edako osefowa anokim enari imig fakuba omarad igisa otakik okuver egezaf dizem guvib d,nafiviw usila abedape or,24,21,24,21,220,1.0,72.0,14.4,20.0,0,24,0.0,msd_target_prefix_v1,431.59999999962747,"{""anti_ocr"": {""profile"": ""off""}, ""cycle_hz"": 238.0952380954031, ""cycles"": 1, ""dropped_frame_rate"": 0, ""dropped_frames"": 0, ""frame_count"": 1, ""height"": 260, ""insert_inversion"": false, ""long_frame_intervals"": 0, ""max_frame_interval_ms"": 4.5, ""mean_frame_interval_ms"": 4.166659720775165, ""mode"": ""source_control"", ""n"": 1, ""observed_effective_cycle_hz"": 240.00040008401743, ""observed_full_cycle_hz"": 240.00040008401743, ""observed_refresh_hz"": 240.00040008401743, ""per_cycle_slots"": 1, ""refresh_hz"": 238.0952380954031, ""rendered_frames"": 4800, ""safe_flicker_hz"": 50, ""timing_intervals"": 4799, ""width"": 900}"
P042,52,masked,0,1,4,4,mask+noise+anti-ocr+inversion,ofiw itub epebuf wudaba rekaros ovizug solasob mude akugu rubobu uvutop ovazat amosanu parin okirof dopesu tetupol ovimep tidog awegef idebi timupe lasoda onemate otufi bune ezazaz lilutas opur dawekas idifi gabali gisuk,ofiw itub epebuf wudaba rekaros ovu,34,29,35,30,220,0.9714285714285714,102.0,20.400000000000002,20.0,1,35,0.02857142857142857,msd_target_prefix_v1,1749.699999999255,"{""anti_ocr"": {""glyph_alpha"": 0.12, ""profile"": ""strong"", ""salient_pixels"": 35140, ""stripe_alpha"": 0.1, ""stripe_width"": 10}, ""completeness_ok"": true, ""counts"": [57996, 58468, 58959, 58577], ""cycle_hz"": 59.523809523799216, ""cycles"": 6, ""dropped_frame_rate"": 0, ""dropped_frames"": 0, ""epsilonPixels"": 8, ""frame_count"": 30, ""gamma"": 4.4, ""height"": 260, ""insert_inversion"": true, ""inversion_alpha"": 0.2, ""inversion_flicker_warn"": true, ""long_frame_intervals"": 0, ""max_frame_interval_ms"": 4.600000000005821, ""mean_frame_interval_ms"": 4.166618045426132, ""mode"": ""temporal"", ""n"": 4, ""noise_residual"": 0, ""observed_effective_cycle_hz"": 60.000700154033865, ""observed_full_cycle_hz"": 48.00056012322709, ""observed_refresh_hz"": 240.00280061613546, ""per_cycle_slots"": 5, ""permutation"": [0, 1, 3, 2], ""refresh_hz"": 238.09523809519686, ""rendered_frames"": 4800, ""safe_flicker_hz"": 50, ""timing_intervals"": 4799, ""width"": 900}"
P042,52,control,1,1,1,1,none,ganemo ubakuve uvesek ozesena etonot potudit anag uzen esak akopuw eriwow suvo forak bafi alenita oworobu mipi poze ivefam ufedoz vilod bugedo nobofop dawuw iwok uliguz ovotom edav gadafe verap ladavug vuka ikavi sevamil,ganemo ubakuve uvesek ozesena etono,35,31,35,31,220,1.0,105.0,21.0,20.0,0,35,0.0,msd_target_prefix_v1,1791.9000000003725,"{""anti_ocr"": {""profile"": ""off""}, ""cycle_hz"": 238.09523809519686, ""cycles"": 1, ""dropped_frame_rate"": 0, ""dropped_frames"": 0, ""frame_count"": 1, ""height"": 260, ""insert_inversion"": false, ""long_frame_intervals"": 0, ""max_frame_interval_ms"": 4.600000000005821, ""mean_frame_interval_ms"": 4.1666388831006484, ""mode"": ""source_control"", ""n"": 1, ""observed_effective_cycle_hz"": 240.00160034407384, ""observed_full_cycle_hz"": 240.00160034407384, ""observed_refresh_hz"": 240.00160034407384, ""per_cycle_slots"": 1, ""refresh_hz"": 238.09523809519686, ""rendered_frames"": 4800, ""safe_flicker_hz"": 50, ""timing_intervals"": 4799, ""width"": 900}"
P042,52,control,2,2,1,1,none,buto owotode utero nugi udusako vedike rikozi agotu keran ovik uwama ilip itugeba asurezi mesu razowe urer denuril agupile salolo umev tumop mabo esoku nodifu nozi nofo wasu vazaseb nozoso ufurima apabo opisaz mufipo bid,buto owotode utero nugi udusako vedike,39,33,39,33,220,1.0,117.0,23.400000000000002,20.0,0,39,0.0,msd_target_prefix_v1,1703.4000000003725,"{""anti_ocr"": {""profile"": ""off""}, ""cycle_hz"": 238.09523809519686, ""cycles"": 1, ""dropped_frame_rate"": 0, ""dropped_frames"": 0, ""frame_count"": 1, ""height"": 260, ""insert_inversion"": false, ""long_frame_intervals"": 0, ""max_frame_interval_ms"": 4.600000000005821, ""mean_frame_interval_ms"": 4.166645833333332, ""mode"": ""source_control"", ""n"": 1, ""observed_effective_cycle_hz"": 240.0012000060001, ""observed_full_cycle_hz"": 240.0012000060001, ""observed_refresh_hz"": 240.0012000060001, ""per_cycle_slots"": 1, ""refresh_hz"": 238.09523809519686, ""rendered_frames"": 4801, ""safe_flicker_hz"": 50, ""timing_intervals"": 4800, ""width"": 900}"
P042,52,masked,3,2,4,4,mask+noise+anti-ocr+inversion,nedonof tatida gozozub owuf kotele ivil iwegego ikasuk iriz utoruto poban fiwe nizewag epipu nobad ududubu sufegut dizu omaw novuna wowo ikufepu porozat akidad rapa lawe ponimod esap umone ebebe damewal meri ubaz vekugag,nedonof tatida gozozub owuf kotele il,36,31,37,32,220,0.972972972972973,108.0,21.6,20.0,1,37,0.02702702702702703,msd_target_prefix_v1,1463.199999999255,"{""anti_ocr"": {""glyph_alpha"": 0.12, ""profile"": ""strong"", ""salient_pixels"": 35176, ""stripe_alpha"": 0.1, ""stripe_width"": 10}, ""completeness_ok"": true, ""counts"": [58392, 58811, 58453, 58344], ""cycle_hz"": 59.523809523799216, ""cycles"": 6, ""dropped_frame_rate"": 0, ""dropped_frames"": 0, ""epsilonPixels"": 8, ""frame_count"": 30, ""gamma"": 4.4, ""height"": 260, ""insert_inversion"": true, ""inversion_alpha"": 0.2, ""inversion_flicker_warn"": true, ""long_frame_intervals"": 0, ""max_frame_interval_ms"": 4.600000000005821, ""mean_frame_interval_ms"": 4.166659720775159, ""mode"": ""temporal"", ""n"": 4, ""noise_residual"": 0, ""observed_effective_cycle_hz"": 60.00010002100445, ""observed_full_cycle_hz"": 48.00008001680356, ""observed_refresh_hz"": 240.0004000840178, ""per_cycle_slots"": 5, ""permutation"": [3, 1, 2, 0], ""refresh_hz"": 238.09523809519686, ""rendered_frames"": 4800, ""safe_flicker_hz"": 50, ""timing_intervals"": 4799, ""width"": 900}"
P043,53,control,0,1,1,1,none,ikolow ovaw eveg gulob ureta enanili sivas odavidi zanu eziva uleveka filazat unovo lolabot fuvi edogi oloruza upamura elazigu dusawat zedofow zokuk sutaguv afogi repod utuketi kewuge okuwezu idudas morori obel iwew iwas,ikolow ovaw eveg gulob ureta enan,33,28,33,28,220,1.0,99.0,19.8,20.0,0,33,0.0,msd_target_prefix_v1,342.80000000074506,"{""anti_ocr"": {""profile"": ""off""}, ""cycle_hz"": 238.09523809529998, ""cycles"": 1, ""dropped_frame_rate"": 0, ""dropped_frames"": 0, ""frame_count"": 1, ""height"": 260, ""insert_inversion"": false, ""long_frame_intervals"": 0, ""max_frame_interval_ms"": 4.599999999991269, ""mean_frame_interval_ms"": 4.166618045426128, ""mode"": ""source_control"", ""n"": 1, ""observed_effective_cycle_hz"": 240.00280061613566, ""observed_full_cycle_hz"": 240.00280061613566, ""observed_refresh_hz"": 240.00280061613566, ""per_cycle_slots"": 1, ""refresh_hz"": 238.09523809529998, ""rendered_frames"": 4800, ""safe_flicker_hz"": 50, ""timing_intervals"": 4799, ""width"": 900}"
P043,53,masked,1,1,4,4,mask+noise+anti-ocr+inversion,bufa wuwasel oboza uzegel ubus nufu inov ekazil palara emuz efelovo adur kofu atupuvu benipaf wipoz utovuwe rerip wevuguw oniva apiluzi apegiz ebov afug repa opepob uguz nuwu inapeb igaler etako lupimur udotizi uzom ugas,bufa wuwasel oboza uzegel ubus,30,26,30,26,220,1.0,90.0,18.0,20.0,0,30,0.0,msd_target_prefix_v1,503.09999999962747,"{""anti_ocr"": {""glyph_alpha"": 0.12, ""profile"": ""strong"", ""salient_pixels"": 34596, ""stripe_alpha"": 0.1, ""stripe_width"": 10}, ""completeness_ok"": true, ""counts"": [58520, 58683, 58543, 58254], ""cycle_hz"": 59.523809523824994, ""cycles"": 6, ""dropped_frame_rate"": 0, ""dropped_frames"": 0, ""epsilonPixels"": 8, ""frame_count"": 30, ""gamma"": 4.4, ""height"": 260, ""insert_inversion"": true, ""inversion_alpha"": 0.2, ""inversion_flicker_warn"": true, ""long_frame_intervals"": 0, ""max_frame_interval_ms"": 4.600000000005821, ""mean_frame_interval_ms"": 4.166638883100646, ""mode"": ""temporal"", ""n"": 4, ""noise_residual"": 0, ""observed_effective_cycle_hz"": 60.000400086018495, ""observed_full_cycle_hz"": 48.000320068814794, ""observed_refresh_hz"": 240.00160034407398, ""per_cycle_slots"": 5, ""permutation"": [0, 2, 3, 1], ""refresh_hz"": 238.09523809529998, ""rendered_frames"": 4800, ""safe_flicker_hz"": 50, ""timing_intervals"": 4799, ""width"": 900}"
P043,53,masked,2,2,4,4,mask+noise+anti-ocr+inversion,unefik kewelas omirur mufop losek zapuzon egeraw garefi gutetib oreva lumigas edek owow tupuve oleti demuwe imunuzo vuwub emolof risa fupane ilugifu oture itowuru podefa adap ipova ipufid fevet bedam wugeva rifiki isef o,unefik keweles omirur mufop los,30,26,31,27,220,0.967741935483871,90.0,18.0,20.0,1,31,0.03225806451612903,msd_target_prefix_v1,390.69999999925494,"{""anti_ocr"": {""glyph_alpha"": 0.12, ""profile"": ""strong"", ""salient_pixels"": 34786, ""stripe_alpha"": 0.1, ""stripe_width"": 10}, ""completeness_ok"": true, ""counts"": [58669, 58398, 58306, 58627], ""cycle_hz"": 59.523809523824994, ""cycles"": 6, ""dropped_frame_rate"": 0, ""dropped_frames"": 0, ""epsilonPixels"": 8, ""frame_count"": 30, ""gamma"": 4.4, ""height"": 260, ""insert_inversion"": true, ""inversion_alpha"": 0.2, ""inversion_flicker_warn"": true, ""long_frame_intervals"": 0, ""max_frame_interval_ms"": 4.600000000005821, ""mean_frame_interval_ms"": 4.166618045426132, ""mode"": ""temporal"", ""n"": 4, ""noise_residual"": 0, ""observed_effective_cycle_hz"": 60.000700154033865, ""observed_full_cycle_hz"": 48.00056012322709, ""observed_refresh_hz"": 240.00280061613546, ""per_cycle_slots"": 5, ""permutation"": [2, 3, 0, 1], ""refresh_hz"": 238.09523809529998, ""rendered_frames"": 4800, ""safe_flicker_hz"": 50, ""timing_intervals"": 4799, ""width"": 900}"
P043,53,control,3,2,1,1,none,upiz falepeg apufur supepip sarili asib dowe afupoz ipakup ekuwada amasi utodes etama zewameb oweko ifofize momakel rapefis rete sezowad ebotomi tusar zewipew uwef inonoru onawuf ivin fabazi osugan deve linumir ikalagu f,uoiz falepeg apufur supepip sa,29,25,30,26,220,0.9666666666666667,87.0,17.400000000000002,20.0,1,30,0.03333333333333333,msd_target_prefix_v1,847.5,"{""anti_ocr"": {""profile"": ""off""}, ""cycle_hz"": 238.09523809529998, ""cycles"": 1, ""dropped_frame_rate"": 0, ""dropped_frames"": 0, ""frame_count"": 1, ""height"": 260, ""insert_inversion"": false, ""long_frame_intervals"": 0, ""max_frame_interval_ms"": 4.399999999994179, ""mean_frame_interval_ms"": 4.166659720775159, ""mode"": ""source_control"", ""n"": 1, ""observed_effective_cycle_hz"": 240.0004000840178, ""observed_full_cycle_hz"": 240.0004000840178, ""observed_refresh_hz"": 240.0004000840178, ""per_cycle_slots"": 1, ""refresh_hz"": 238.09523809529998, ""rendered_frames"": 4800, ""safe_flicker_hz"": 50, ""timing_intervals"": 4799, ""width"": 900}"
P044,54,masked,0,1,4,4,mask+noise+anti-ocr+inversion,vevup apeto wevok uged viba aluw dedol abim nanigus viwi nasesu ifesod zola igego givo mifas zimekup ogovoba galisat ilalaga igid fulosa ogedog mufekul lolu lagigin uwonune afutede ozunam sufaru fedode inodipe itup vebi,vevup apeto wevok uged viba aluw,33,27,33,27,219,1.0,99.0,19.8,20.0,0,33,0.0,msd_target_prefix_v1,1231.0,"{""anti_ocr"": {""glyph_alpha"": 0.12, ""profile"": ""strong"", ""salient_pixels"": 35428, ""stripe_alpha"": 0.1, ""stripe_width"": 10}, ""completeness_ok"": true, ""counts"": [58399, 58316, 58662, 58623], ""cycle_hz"": 59.52380952385077, ""cycles"": 6, ""dropped_frame_rate"": 0, ""dropped_frames"": 0, ""epsilonPixels"": 8, ""frame_count"": 30, ""gamma"": 4.4, ""height"": 260, ""insert_inversion"": true, ""inversion_alpha"": 0.2, ""inversion_flicker_warn"": true, ""long_frame_intervals"": 0, ""max_frame_interval_ms"": 4.600000000005821, ""mean_frame_interval_ms"": 4.1666388831006484, ""mode"": ""temporal"", ""n"": 4, ""noise_residual"": 0, ""observed_effective_cycle_hz"": 60.00040008601846, ""observed_full_cycle_hz"": 48.000320068814766, ""observed_refresh_hz"": 240.00160034407384, ""per_cycle_slots"": 5, ""permutation"": [3, 2, 1, 0], ""refresh_hz"": 238.0952380954031, ""rendered_frames"": 4800, ""safe_flicker_hz"": 50, ""timing_intervals"": 4799, ""width"": 900}"
P044,54,control,1,1,1,1,none,omuse iseduz vatake mola unes mukib ovug awuw odamu pepos efulev dudoni ebuwobe fases igesine levumap vonoga oketanu minu emital kalo odudipa botoni vifasid avav ukipo ewukola ibup efezu uvefit roliv tevarot adumik lunab,omuse iseduz vatake mola unes mukib ovu,39,33,39,33,220,1.0,117.0,23.400000000000002,20.0,0,39,0.0,msd_target_prefix_v1,1022.9000000003725,"{""anti_ocr"": {""profile"": ""off""}, ""cycle_hz"": 238.0952380954031, ""cycles"": 1, ""dropped_frame_rate"": 0, ""dropped_frames"": 0, ""frame_count"": 1, ""height"": 260, ""insert_inversion"": false, ""long_frame_intervals"": 0, ""max_frame_interval_ms"": 4.300000000017462, ""mean_frame_interval_ms"": 4.166625000000003, ""mode"": ""source_control"", ""n"": 1, ""observed_effective_cycle_hz"": 240.00240002400005, ""observed_full_cycle_hz"": 240.00240002400005, ""observed_refresh_hz"": 240.00240002400005, ""per_cycle_slots"": 1, ""refresh_hz"": 238.0952380954031, ""rendered_frames"": 4801, ""safe_flicker_hz"": 50, ""timing_intervals"": 4800, ""width"": 900}"
P044,54,control,2,2,1,1,none,ufos urilos ufemewo apakos ibuke edoga viregi ozuf furab ekigo tage isoma tudoti esak robop muta erag omotat epape ofezuva soner date dilupib pigoko umuku urozen egozudu wobimoz imetuf eviv vobipo fego ozido pumomag iket,ufos urilos ufemewo apakos ibuke edo,36,31,36,31,220,1.0,108.0,21.6,20.0,0,36,0.0,msd_target_prefix_v1,1014.9000000003725,"{""anti_ocr"": {""profile"": ""off""}, ""cycle_hz"": 238.0952380954031, ""cycles"": 1, ""dropped_frame_rate"": 0, ""dropped_frames"": 0, ""frame_count"": 1, ""height"": 260, ""insert_inversion"": false, ""long_frame_intervals"": 0, ""max_frame_interval_ms"": 4.600000000005821, ""mean_frame_interval_ms"": 4.166659720775159, ""mode"": ""source_control"", ""n"": 1, ""observed_effective_cycle_hz"": 240.0004000840178, ""observed_full_cycle_hz"": 240.0004000840178, ""observed_refresh_hz"": 240.0004000840178, ""per_cycle_slots"": 1, ""refresh_hz"": 238.0952380954031, ""rendered_frames"": 4800, ""safe_flicker_hz"": 50, ""timing_intervals"": 4799, ""width"": 900}"
P044,54,masked,3,2,4,4,mask+noise+anti-ocr+inversion,epipuk efove zawu vasi ibar usado erav bubuwel zamapu adaf ripezab abut gelo nolide anivota ikure apareg abatiki legav zigif volod sako nefesoz elad ukom upur enog fubama ubikaza kive odufum ipad alozu muluzek nufugu ofi,epipuk efove zawu vasi ibar usado,33,28,33,28,220,1.0,99.0,19.8,20.0,0,33,0.0,msd_target_prefix_v1,1359.3999999985099,"{""anti_ocr"": {""glyph_alpha"": 0.12, ""profile"": ""strong"", ""salient_pixels"": 34731, ""stripe_alpha"": 0.1, ""stripe_width"": 10}, ""completeness_ok"": true, ""counts"": [59016, 58350, 58254, 58380], ""cycle_hz"": 59.52380952385077, ""cycles"": 6, ""dropped_frame_rate"": 0, ""dropped_frames"": 0, ""epsilonPixels"": 8, ""frame_count"": 30, ""gamma"": 4.4, ""height"": 260, ""insert_inversion"": true, ""inversion_alpha"": 0.2, ""inversion_flicker_warn"": true, ""long_frame_intervals"": 0, ""max_frame_interval_ms"": 4.600000000005821, ""mean_frame_interval_ms"": 4.1666388831006484, ""mode"": ""temporal"", ""n"": 4, ""noise_residual"": 0, ""observed_effective_cycle_hz"": 60.00040008601846, ""observed_full_cycle_hz"": 48.000320068814766, ""observed_refresh_hz"": 240.00160034407384, ""per_cycle_slots"": 5, ""permutation"": [3, 2, 0, 1], ""refresh_hz"": 238.0952380954031, ""rendered_frames"": 4800, ""safe_flicker_hz"": 50, ""timing_intervals"": 4799, ""width"": 900}"
P045,55,control,0,1,1,1,none,nadi afalo luraw depoto nuderit aketu kositaz sebo mitiwu agomot ikesiw balemiw lanak edufa zisipi idokev owipuk irig akago rofugo otev wusure sonu lola wetovid fuvofin ireni ufan ebur avigad okivit awegizi reregub avafu,"nadi afalo luraw depoto nuderit aketu kositaz sebo ,i",52,44,53,45,220,0.9811320754716981,156.0,31.200000000000003,20.0,1,53,0.018867924528301886,msd_target_prefix_v1,1078.699999999255,"{""anti_ocr"": {""profile"": ""off""}, ""cycle_hz"": 238.0952380954031, ""cycles"": 1, ""dropped_frame_rate"": 0, ""dropped_frames"": 0, ""frame_count"": 1, ""height"": 260, ""insert_inversion"": false, ""long_frame_intervals"": 0, ""max_frame_interval_ms"": 5, ""mean_frame_interval_ms"": 4.166625000000001, ""mode"": ""source_control"", ""n"": 1, ""observed_effective_cycle_hz"": 240.0024000240002, ""observed_full_cycle_hz"": 240.0024000240002, ""observed_refresh_hz"": 240.0024000240002, ""per_cycle_slots"": 1, ""refresh_hz"": 238.0952380954031, ""rendered_frames"": 4801, ""safe_flicker_hz"": 50, ""timing_intervals"": 4800, ""width"": 900}"
P045,55,masked,1,1,4,4,mask+noise+anti-ocr+inversion,osisasu owab nonut sosu umezomi enan uwov ifun navu netupo giziraf kako efobuz akum uzemo mubinom obano vitemu enozom pakon gamu toguko ufise gupi unaba evatiru losil tuzov riru iretop eradip vuwepod meko gifit wumofuf o,osisasu owab nonut sosu unezomi enan uwon,39,33,41,35,220,0.9512195121951219,117.0,23.400000000000002,20.0,2,41,0.04878048780487805,msd_target_prefix_v1,806.0,"{""anti_ocr"": {""glyph_alpha"": 0.12, ""profile"": ""strong"", ""salient_pixels"": 34271, ""stripe_alpha"": 0.1, ""stripe_width"": 10}, ""completeness_ok"": true, ""counts"": [58280, 58996, 58441, 58283], ""cycle_hz"": 59.52380952385077, ""cycles"": 6, ""dropped_frame_rate"": 0, ""dropped_frames"": 0, ""epsilonPixels"": 8, ""frame_count"": 30, ""gamma"": 4.4, ""height"": 260, ""insert_inversion"": true, ""inversion_alpha"": 0.2, ""inversion_flicker_warn"": true, ""long_frame_intervals"": 0, ""max_frame_interval_ms"": 4.5, ""mean_frame_interval_ms"": 4.166645833333335, ""mode"": ""temporal"", ""n"": 4, ""noise_residual"": 0, ""observed_effective_cycle_hz"": 60.00030000149999, ""observed_full_cycle_hz"": 48.00024000119999, ""observed_refresh_hz"": 240.00120000599995, ""per_cycle_slots"": 5, ""permutation"": [1, 3, 0, 2], ""refresh_hz"": 238.0952380954031, ""rendered_frames"": 4801, ""safe_flicker_hz"": 50, ""timing_intervals"": 4800, ""width"": 900}"
P045,55,masked,2,2,4,4,mask+noise+anti-ocr+inversion,powinud vulen edup agowoku geto obil udoros lerum ogelol telini buvife delod nozu fiwe olotaga abus tugi teban abofura osekin awap sebu gemig nukew edolu netekam ofow asemoru zasafuf uwumu dufud ipono gufiza eguvego uzeb,powinud vulen edup agowoku geto obil udoros,43,37,43,37,220,1.0,129.0,25.8,20.0,0,43,0.0,msd_target_prefix_v1,1599.4000000003725,"{""anti_ocr"": {""glyph_alpha"": 0.12, ""profile"": ""strong"", ""salient_pixels"": 35108, ""stripe_alpha"": 0.1, ""stripe_width"": 10}, ""completeness_ok"": true, ""counts"": [58593, 58571, 58414, 58422], ""cycle_hz"": 59.52380952385077, ""cycles"": 6, ""dropped_frame_rate"": 0, ""dropped_frames"": 0, ""epsilonPixels"": 8, ""frame_count"": 30, ""gamma"": 4.4, ""height"": 260, ""insert_inversion"": true, ""inversion_alpha"": 0.2, ""inversion_flicker_warn"": true, ""long_frame_intervals"": 0, ""max_frame_interval_ms"": 4.600000000005821, ""mean_frame_interval_ms"": 4.166618045426132, ""mode"": ""temporal"", ""n"": 4, ""noise_residual"": 0, ""observed_effective_cycle_hz"": 60.000700154033865, ""observed_full_cycle_hz"": 48.00056012322709, ""observed_refresh_hz"": 240.00280061613546, ""per_cycle_slots"": 5, ""permutation"": [0, 2, 1, 3], ""refresh_hz"": 238.0952380954031, ""rendered_frames"": 4800, ""safe_flicker_hz"": 50, ""timing_intervals"": 4799, ""width"": 900}"
P045,55,control,3,2,1,1,none,bozunad uvuf late teko kote enusetu padu koninaz uvemubo kinavid ozibeme batomad netu isozow gezamu kapos sofe pelafuz izawu wuge uroduti ivuwe gusason ginetas zokirek udude levasov uwukuke volenok avosuk ofigiro upelaku,bozunad uvuf late teko kote enusetu padu koninaz uv,51,43,51,43,220,1.0,153.0,30.599999999999998,20.0,0,51,0.0,msd_target_prefix_v1,599.1999999992549,"{""anti_ocr"": {""profile"": ""off""}, ""cycle_hz"": 238.0952380954031, ""cycles"": 1, ""dropped_frame_rate"": 0, ""dropped_frames"": 0, ""frame_count"": 1, ""height"": 260, ""insert_inversion"": false, ""long_frame_intervals"": 0, ""max_frame_interval_ms"": 4.399999999994179, ""mean_frame_interval_ms"": 4.166638883100642, ""mode"": ""source_control"", ""n"": 1, ""observed_effective_cycle_hz"": 240.00160034407418, ""observed_full_cycle_hz"": 240.00160034407418, ""observed_refresh_hz"": 240.00160034407418, ""per_cycle_slots"": 1, ""refresh_hz"": 238.0952380954031, ""rendered_frames"": 4800, ""safe_flicker_hz"": 50, ""timing_intervals"": 4799, ""width"": 900}"
P046,56,masked,0,1,4,4,mask+noise+anti-ocr+inversion,lorowa ponem bawe lonape zazufep pizimiv ifekin tasewu nepoz lodobod onurive kutu uwafaw evirusa bavuwi dilop likume nididi zokag debada evemaf evibivo evim iribote lovonep iwufum ilefa gevuvi utema oseto aliv ifakeb iba,iorwa ponen bawe loape,21,17,23,19,220,0.84,63.0,12.600000000000001,20.0,4,25,0.16,msd_target_prefix_v1,1151.199999999255,"{""anti_ocr"": {""glyph_alpha"": 0.12, ""profile"": ""strong"", ""salient_pixels"": 34970, ""stripe_alpha"": 0.1, ""stripe_width"": 10}, ""completeness_ok"": true, ""counts"": [58125, 58657, 58680, 58538], ""cycle_hz"": 59.52380952385077, ""cycles"": 6, ""dropped_frame_rate"": 0, ""dropped_frames"": 0, ""epsilonPixels"": 8, ""frame_count"": 30, ""gamma"": 4.4, ""height"": 260, ""insert_inversion"": true, ""inversion_alpha"": 0.2, ""inversion_flicker_warn"": true, ""long_frame_intervals"": 0, ""max_frame_interval_ms"": 4.399999999994179, ""mean_frame_interval_ms"": 4.166638883100646, ""mode"": ""temporal"", ""n"": 4, ""noise_residual"": 0, ""observed_effective_cycle_hz"": 60.000400086018495, ""observed_full_cycle_hz"": 48.000320068814794, ""observed_refresh_hz"": 240.00160034407398, ""per_cycle_slots"": 5, ""permutation"": [0, 2, 1, 3], ""refresh_hz"": 238.0952380954031, ""rendered_frames"": 4800, ""safe_flicker_hz"": 50, ""timing_intervals"": 4799, ""width"": 900}"
P046,56,control,1,1,1,1,none,ubab vigosar buribit owufi nopomi siwo koza egal ubero tofe ulod wizo nivara gone belik imidof itagega awibi uwowada mito ivuzo inawi gomasok devoz rowovim toro eludiro waga bunoli gimub ubon kanog eviwa vetaf egula obiw,ubab vigosar buribit,20,18,20,18,220,1.0,60.0,12.0,20.0,0,20,0.0,msd_target_prefix_v1,591.0999999996275,"{""anti_ocr"": {""profile"": ""off""}, ""cycle_hz"": 238.0952380954031, ""cycles"": 1, ""dropped_frame_rate"": 0, ""dropped_frames"": 0, ""frame_count"": 1, ""height"": 260, ""insert_inversion"": false, ""long_frame_intervals"": 0, ""max_frame_interval_ms"": 4.5, ""mean_frame_interval_ms"": 4.1666388831006484, ""mode"": ""source_control"", ""n"": 1, ""observed_effective_cycle_hz"": 240.00160034407384, ""observed_full_cycle_hz"": 240.00160034407384, ""observed_refresh_hz"": 240.00160034407384, ""per_cycle_slots"": 1, ""refresh_hz"": 238.0952380954031, ""rendered_frames"": 4800, ""safe_flicker_hz"": 50, ""timing_intervals"": 4799, ""width"": 900}"
P046,56,control,2,2,1,1,none,uviza dosu edim opuguv lulukum osidoku tapob pidilab febazab esadi osovif irireba sezeter keza mane vemamam everig zutapi eboko okufu denono sazaku rubima etatu eloti lokuma ziri iwisite winig zefe ezug lufidi isiv kubi,uviza dosu edim opuguv,23,19,23,19,219,1.0,69.0,13.799999999999999,20.0,0,23,0.0,msd_target_prefix_v1,846.0999999996275,"{""anti_ocr"": {""profile"": ""off""}, ""cycle_hz"": 238.0952380954031, ""cycles"": 1, ""dropped_frame_rate"": 0, ""dropped_frames"": 0, ""frame_count"": 1, ""height"": 260, ""insert_inversion"": false, ""long_frame_intervals"": 0, ""max_frame_interval_ms"": 4.300000000017462, ""mean_frame_interval_ms"": 4.166624999999997, ""mode"": ""source_control"", ""n"": 1, ""observed_effective_cycle_hz"": 240.0024000240004, ""observed_full_cycle_hz"": 240.0024000240004, ""observed_refresh_hz"": 240.0024000240004, ""per_cycle_slots"": 1, ""refresh_hz"": 238.0952380954031, ""rendered_frames"": 4801, ""safe_flicker_hz"": 50, ""timing_intervals"": 4800, ""width"": 900}"
P046,56,masked,3,2,4,4,mask+noise+anti-ocr+inversion,puwizu fugos okewiva ezubufi wizo itib oliwir migezi ofage igawer ewufud inowiku awuzeni itaniwu uboso duwosa kedoguw anirede godim ofilon powuz ogut ilinuda tutin verat afezam efun inafowe apinu arigid dozate elebag ife,puwizu fugos okewiva,21,18,21,18,220,1.0,63.0,12.600000000000001,20.0,0,21,0.0,msd_target_prefix_v1,1335.5999999996275,"{""anti_ocr"": {""glyph_alpha"": 0.12, ""profile"": ""strong"", ""salient_pixels"": 35225, ""stripe_alpha"": 0.1, ""stripe_width"": 10}, ""completeness_ok"": true, ""counts"": [58534, 58191, 58866, 58409], ""cycle_hz"": 59.52380952385077, ""cycles"": 6, ""dropped_frame_rate"": 0, ""dropped_frames"": 0, ""epsilonPixels"": 8, ""frame_count"": 30, ""gamma"": 4.4, ""height"": 260, ""insert_inversion"": true, ""inversion_alpha"": 0.2, ""inversion_flicker_warn"": true, ""long_frame_intervals"": 0, ""max_frame_interval_ms"": 4.600000000005821, ""mean_frame_interval_ms"": 4.1666388831006484, ""mode"": ""temporal"", ""n"": 4, ""noise_residual"": 0, ""observed_effective_cycle_hz"": 60.00040008601846, ""observed_full_cycle_hz"": 48.000320068814766, ""observed_refresh_hz"": 240.00160034407384, ""per_cycle_slots"": 5, ""permutation"": [1, 2, 3, 0], ""refresh_hz"": 238.0952380954031, ""rendered_frames"": 4800, ""safe_flicker_hz"": 50, ""timing_intervals"": 4799, ""width"": 900}"
P047,57,control,0,1,1,1,none,zobudu ganeb dazade favo veledug umovo ukoper uwini kure ametu vawe ivawe ipega iliduz ogurobu iduvaz erotafe kaba otofag vale onofuf bobo weledef uwona gemi tipot evorel urituk avelof efipel egemik kewide kiwiru anonite,zobudu ganeb dazade favo veledug umobo ukoper,44,38,45,39,220,0.9777777777777777,132.0,26.400000000000002,20.0,1,45,0.022222222222222223,msd_target_prefix_v1,343.59999999962747,"{""anti_ocr"": {""profile"": ""off""}, ""cycle_hz"": 238.09523809529998, ""cycles"": 1, ""dropped_frame_rate"": 0, ""dropped_frames"": 0, ""frame_count"": 1, ""height"": 260, ""insert_inversion"": false, ""long_frame_intervals"": 0, ""max_frame_interval_ms"": 4.400000000008731, ""mean_frame_interval_ms"": 4.166638883100646, ""mode"": ""source_control"", ""n"": 1, ""observed_effective_cycle_hz"": 240.00160034407398, ""observed_full_cycle_hz"": 240.00160034407398, ""observed_refresh_hz"": 240.00160034407398, ""per_cycle_slots"": 1, ""refresh_hz"": 238.09523809529998, ""rendered_frames"": 4800, ""safe_flicker_hz"": 50, ""timing_intervals"": 4799, ""width"": 900}"
P047,57,masked,1,1,4,4,mask+noise+anti-ocr+inversion,zalev esow usorog ozutav anubidu biwu ililela nabuniz abaz budum gotobo ofel aguto numuf ralaf obuzis wofira lawuga zudabi nedu bemal ekezazi evura usifimu anat wulevus evumoga kiguvi nolovus zufe wagen nuzetod uluna ufe,zalev esow usorog ozutav anubidu biwu ililela,46,39,46,39,220,1.0,138.0,27.599999999999998,20.0,0,46,0.0,msd_target_prefix_v1,366.8999999985099,"{""anti_ocr"": {""glyph_alpha"": 0.12, ""profile"": ""strong"", ""salient_pixels"": 34673, ""stripe_alpha"": 0.1, ""stripe_width"": 10}, ""completeness_ok"": true, ""counts"": [58425, 58589, 58610, 58376], ""cycle_hz"": 59.523809523824994, ""cycles"": 6, ""dropped_frame_rate"": 0, ""dropped_frames"": 0, ""epsilonPixels"": 8, ""frame_count"": 30, ""gamma"": 4.4, ""height"": 260, ""insert_inversion"": true, ""inversion_alpha"": 0.2, ""inversion_flicker_warn"": true, ""long_frame_intervals"": 0, ""max_frame_interval_ms"": 4.5, ""mean_frame_interval_ms"": 4.166625000000001, ""mode"": ""temporal"", ""n"": 4, ""noise_residual"": 0, ""observed_effective_cycle_hz"": 60.00060000600005, ""observed_full_cycle_hz"": 48.00048000480004, ""observed_refresh_hz"": 240.0024000240002, ""per_cycle_slots"": 5, ""permutation"": [1, 2, 3, 0], ""refresh_hz"": 238.09523809529998, ""rendered_frames"": 4801, ""safe_flicker_hz"": 50, ""timing_intervals"": 4800, ""width"": 900}"
P047,57,masked,2,2,4,4,mask+noise+anti-ocr+inversion,gokusez iwube wepin gira gavos isopa rapo giba zataw vuligas kukur riravid egav erolu afup zigedaf semopir bero neraf ovadar aretepo azepa nifa fetovu duvigup azegero agub fopegi imeki pebem alaruno sofe legubev asew los,gokusez iwube wepin gita gavos isopa rapo,40,34,41,35,220,0.975609756097561,120.0,24.0,20.0,1,41,0.024390243902439025,msd_target_prefix_v1,391.6000000014901,"{""anti_ocr"": {""glyph_alpha"": 0.12, ""profile"": ""strong"", ""salient_pixels"": 34719, ""stripe_alpha"": 0.1, ""stripe_width"": 10}, ""completeness_ok"": true, ""counts"": [58731, 58272, 58598, 58399], ""cycle_hz"": 59.523809523824994, ""cycles"": 6, ""dropped_frame_rate"": 0, ""dropped_frames"": 0, ""epsilonPixels"": 8, ""frame_count"": 30, ""gamma"": 4.4, ""height"": 260, ""insert_inversion"": true, ""inversion_alpha"": 0.2, ""inversion_flicker_warn"": true, ""long_frame_intervals"": 0, ""max_frame_interval_ms"": 4.5, ""mean_frame_interval_ms"": 4.166624999999997, ""mode"": ""temporal"", ""n"": 4, ""noise_residual"": 0, ""observed_effective_cycle_hz"": 60.0006000060001, ""observed_full_cycle_hz"": 48.00048000480008, ""observed_refresh_hz"": 240.0024000240004, ""per_cycle_slots"": 5, ""permutation"": [0, 1, 2, 3], ""refresh_hz"": 238.09523809529998, ""rendered_frames"": 4801, ""safe_flicker_hz"": 50, ""timing_intervals"": 4800, ""width"": 900}"
P047,57,control,3,2,1,1,none,vopola afor ezavar natuzi mukurez upuliru umatofa tigu rizulef ifit otis opilu sore ozabow pumel vinabeb abawuve sowep etitir nawo irutu ofar upoveka bowudo razaz noro anibar bupid iradu uvosez fedo obeduv mokam lavo lun,vopola afor ezavar natuzi mukurez,34,29,34,29,220,1.0,102.0,20.400000000000002,20.0,0,34,0.0,msd_target_prefix_v1,367.09999999962747,"{""anti_ocr"": {""profile"": ""off""}, ""cycle_hz"": 238.09523809529998, ""cycles"": 1, ""dropped_frame_rate"": 0, ""dropped_frames"": 0, ""frame_count"": 1, ""height"": 260, ""insert_inversion"": false, ""long_frame_intervals"": 0, ""max_frame_interval_ms"": 4.600000000005821, ""mean_frame_interval_ms"": 4.166618045426126, ""mode"": ""source_control"", ""n"": 1, ""observed_effective_cycle_hz"": 240.00280061613583, ""observed_full_cycle_hz"": 240.00280061613583, ""observed_refresh_hz"": 240.00280061613583, ""per_cycle_slots"": 1, ""refresh_hz"": 238.09523809529998, ""rendered_frames"": 4800, ""safe_flicker_hz"": 50, ""timing_intervals"": 4799, ""width"": 900}"
P048,58,masked,0,1,4,4,mask+noise+anti-ocr+inversion,ibuwin padi otife idiwog epumifo uwug ipenebe wobomav goma evapewi odeti dulul bovali tokem elom kufov awepofo ronagu urimem meni orobik bokenu igel koziz ozud wefan idoze odokifi mane vume tifi zanel upofopi obara segaw,ibuwin padi otife idiwog epumifo uwug ipenebe wob,49,42,49,42,220,1.0,147.0,29.400000000000002,20.0,0,49,0.0,msd_target_prefix_v1,407.6000000014901,"{""anti_ocr"": {""glyph_alpha"": 0.12, ""profile"": ""strong"", ""salient_pixels"": 34982, ""stripe_alpha"": 0.1, ""stripe_width"": 10}, ""completeness_ok"": true, ""counts"": [58524, 58384, 58773, 58319], ""cycle_hz"": 59.52380952405701, ""cycles"": 6, ""dropped_frame_rate"": 0, ""dropped_frames"": 0, ""epsilonPixels"": 8, ""frame_count"": 30, ""gamma"": 4.4, ""height"": 260, ""insert_inversion"": true, ""inversion_alpha"": 0.2, ""inversion_flicker_warn"": true, ""long_frame_intervals"": 0, ""max_frame_interval_ms"": 4.399999999965075, ""mean_frame_interval_ms"": 4.166659720775159, ""mode"": ""temporal"", ""n"": 4, ""noise_residual"": 0, ""observed_effective_cycle_hz"": 60.00010002100445, ""observed_full_cycle_hz"": 48.00008001680356, ""observed_refresh_hz"": 240.0004000840178, ""per_cycle_slots"": 5, ""permutation"": [0, 2, 1, 3], ""refresh_hz"": 238.09523809622803, ""rendered_frames"": 4800, ""safe_flicker_hz"": 50, ""timing_intervals"": 4799, ""width"": 900}"
P048,58,control,1,1,1,1,none,onuda pusuku osiz medokaz fizef vararu odogi nalagez evapeda besos fugifik zivo utino ekifera vekeno mofune udilok polefe ibibi uwig tibu ulet epulum imorur izegugi otefa ibiwono letor zasisew bivo videfu ilorot obusa us,onuda pusuku osiz medokaz fizef vararu odoi nalagez evapeda,60,51,60,51,220,0.9836065573770492,180.0,36.0,20.0,1,61,0.01639344262295082,msd_target_prefix_v1,223.5,"{""anti_ocr"": {""profile"": ""off""}, ""cycle_hz"": 238.09523809622803, ""cycles"": 1, ""dropped_frame_rate"": 0, ""dropped_frames"": 0, ""frame_count"": 1, ""height"": 260, ""insert_inversion"": false, ""long_frame_intervals"": 0, ""max_frame_interval_ms"": 4.400000000023283, ""mean_frame_interval_ms"": 4.166645833333326, ""mode"": ""source_control"", ""n"": 1, ""observed_effective_cycle_hz"": 240.00120000600046, ""observed_full_cycle_hz"": 240.00120000600046, ""observed_refresh_hz"": 240.00120000600046, ""per_cycle_slots"": 1, ""refresh_hz"": 238.09523809622803, ""rendered_frames"": 4801, ""safe_flicker_hz"": 50, ""timing_intervals"": 4800, ""width"": 900}"
P048,58,control,2,2,1,1,none,fomo basinu ukud nirun orase ofiref fada nigef udul uzame isobene utezuzu pifavi kabola vise ufebo lusi uniwip masol okadit panogor imer ikamugi owadel guviwob okadu inobola ibonufu akop atulew zurepe digi akiv binuve ip,fomo basinu ukud nirun orase ofifrf fada nigrf uf,45,37,49,41,220,0.9183673469387755,135.0,27.0,20.0,4,49,0.08163265306122448,msd_target_prefix_v1,343.0,"{""anti_ocr"": {""profile"": ""off""}, ""cycle_hz"": 238.09523809622803, ""cycles"": 1, ""dropped_frame_rate"": 0, ""dropped_frames"": 0, ""frame_count"": 1, ""height"": 260, ""insert_inversion"": false, ""long_frame_intervals"": 0, ""max_frame_interval_ms"": 4.400000000023283, ""mean_frame_interval_ms"": 4.16662500000001, ""mode"": ""source_control"", ""n"": 1, ""observed_effective_cycle_hz"": 240.00240002399968, ""observed_full_cycle_hz"": 240.00240002399968, ""observed_refresh_hz"": 240.00240002399968, ""per_cycle_slots"": 1, ""refresh_hz"": 238.09523809622803, ""rendered_frames"": 4801, ""safe_flicker_hz"": 50, ""timing_intervals"": 4800, ""width"": 900}"
P048,58,masked,3,2,4,4,mask+noise+anti-ocr+inversion,pemom onete giwone zebilu vuzorek inagoso olewipo zeteb arepupa nituvov elikasu ebitobo abivil ugoka irame olimo tuzufo obetot repag eduga ubim urulag ukisisa nile tosewo povir obokup tovarob kizob iguse kizon dazir ofak,pemom onetu giwone zebilu vuzerek inagoso olewipo,48,41,50,43,220,0.96,144.0,28.8,20.0,2,50,0.04,msd_target_prefix_v1,598.8000000007451,"{""anti_ocr"": {""glyph_alpha"": 0.12, ""profile"": ""strong"", ""salient_pixels"": 35118, ""stripe_alpha"": 0.1, ""stripe_width"": 10}, ""completeness_ok"": true, ""counts"": [58556, 58369, 58857, 58218], ""cycle_hz"": 59.52380952405701, ""cycles"": 6, ""dropped_frame_rate"": 0, ""dropped_frames"": 0, ""epsilonPixels"": 8, ""frame_count"": 30, ""gamma"": 4.4, ""height"": 260, ""insert_inversion"": true, ""inversion_alpha"": 0.2, ""inversion_flicker_warn"": true, ""long_frame_intervals"": 0, ""max_frame_interval_ms"": 4.599999999976717, ""mean_frame_interval_ms"": 4.166618045426126, ""mode"": ""temporal"", ""n"": 4, ""noise_residual"": 0, ""observed_effective_cycle_hz"": 60.00070015403396, ""observed_full_cycle_hz"": 48.00056012322717, ""observed_refresh_hz"": 240.00280061613583, ""per_cycle_slots"": 5, ""permutation"": [1, 0, 3, 2], ""refresh_hz"": 238.09523809622803, ""rendered_frames"": 4800, ""safe_flicker_hz"": 50, ""timing_intervals"": 4799, ""width"": 900}"
P049,59,control,0,1,1,1,none,segowap popewu uvapowe kugo esag edetida egoza esuz awato obife wuside utunak fekozi legoz rumiti azifak kovozo vodumoz ukuvafa ibala irobir bumubu opad emuped ugelas guwe pumaf ufem pofogog iziro waral afima dose iref l,segowap popewu uvapowe kugo esag edetida,41,35,41,35,220,1.0,123.0,24.599999999999998,20.0,0,41,0.0,msd_target_prefix_v1,327.3999999985099,"{""anti_ocr"": {""profile"": ""off""}, ""cycle_hz"": 238.0952380954031, ""cycles"": 1, ""dropped_frame_rate"": 0, ""dropped_frames"": 0, ""frame_count"": 1, ""height"": 260, ""insert_inversion"": false, ""long_frame_intervals"": 0, ""max_frame_interval_ms"": 4.599999999976717, ""mean_frame_interval_ms"": 4.166638883100642, ""mode"": ""source_control"", ""n"": 1, ""observed_effective_cycle_hz"": 240.00160034407418, ""observed_full_cycle_hz"": 240.00160034407418, ""observed_refresh_hz"": 240.00160034407418, ""per_cycle_slots"": 1, ""refresh_hz"": 238.0952380954031, ""rendered_frames"": 4800, ""safe_flicker_hz"": 50, ""timing_intervals"": 4799, ""width"": 900}"
P049,59,masked,1,1,4,4,mask+noise+anti-ocr+inversion,keminu idod amipo inot wurev unemako otewov wadet tebo odagu akitoz lola enamu bapiwuz zowotuk dilewel ipazad rubokub gaguso akob fidigof gufiwan lenu bedat bali desib lovode ibev pulep ruwa watife ufad usil uliwer zonog,keminu idod amipo inot wurev unenak,34,29,35,30,220,0.9714285714285714,102.0,20.400000000000002,20.0,1,35,0.02857142857142857,msd_target_prefix_v1,2926.699999999255,"{""anti_ocr"": {""glyph_alpha"": 0.12, ""profile"": ""strong"", ""salient_pixels"": 35046, ""stripe_alpha"": 0.1, ""stripe_width"": 10}, ""completeness_ok"": true, ""counts"": [58577, 58307, 58195, 58921], ""cycle_hz"": 59.52380952385077, ""cycles"": 6, ""dropped_frame_rate"": 0, ""dropped_frames"": 0, ""epsilonPixels"": 8, ""frame_count"": 30, ""gamma"": 4.4, ""height"": 260, ""insert_inversion"": true, ""inversion_alpha"": 0.2, ""inversion_flicker_warn"": true, ""long_frame_intervals"": 0, ""max_frame_interval_ms"": 4.5, ""mean_frame_interval_ms"": 4.166624999999997, ""mode"": ""temporal"", ""n"": 4, ""noise_residual"": 0, ""observed_effective_cycle_hz"": 60.0006000060001, ""observed_full_cycle_hz"": 48.00048000480008, ""observed_refresh_hz"": 240.0024000240004, ""per_cycle_slots"": 5, ""permutation"": [1, 0, 2, 3], ""refresh_hz"": 238.0952380954031, ""rendered_frames"": 4801, ""safe_flicker_hz"": 50, ""timing_intervals"": 4800, ""width"": 900}"
P049,59,masked,2,2,4,4,mask+noise+anti-ocr+inversion,azanevo uval sozaveg nedapo mimatob redok idel azovelu ifar ubabas moni pati susenak ipufo epipu zuderer ozidu fegis ganepus nudet ewibi ipumete agapu iwewezo voguse ekated afub tonip biva apom iwigub ugofa ipim setov ef,azanevo uval sazaneg nedapo minatob,32,28,35,31,220,0.9142857142857143,96.0,19.200000000000003,20.0,3,35,0.08571428571428572,msd_target_prefix_v1,287.5,"{""anti_ocr"": {""glyph_alpha"": 0.12, ""profile"": ""strong"", ""salient_pixels"": 34965, ""stripe_alpha"": 0.1, ""stripe_width"": 10}, ""completeness_ok"": true, ""counts"": [58058, 58535, 58928, 58479], ""cycle_hz"": 59.52380952385077, ""cycles"": 6, ""dropped_frame_rate"": 0, ""dropped_frames"": 0, ""epsilonPixels"": 8, ""frame_count"": 30, ""gamma"": 4.4, ""height"": 260, ""insert_inversion"": true, ""inversion_alpha"": 0.2, ""inversion_flicker_warn"": true, ""long_frame_intervals"": 0, ""max_frame_interval_ms"": 4.400000000023283, ""mean_frame_interval_ms"": 4.166624999999997, ""mode"": ""temporal"", ""n"": 4, ""noise_residual"": 0, ""observed_effective_cycle_hz"": 60.0006000060001, ""observed_full_cycle_hz"": 48.00048000480008, ""observed_refresh_hz"": 240.0024000240004, ""per_cycle_slots"": 5, ""permutation"": [3, 1, 0, 2], ""refresh_hz"": 238.0952380954031, ""rendered_frames"": 4801, ""safe_flicker_hz"": 50, ""timing_intervals"": 4800, ""width"": 900}"
P049,59,control,3,2,1,1,none,obezol urugu kida leko vikid beduti odid noliv uber urekode felo olire tusem awiwapa ozipope sukiput pudob opoges iruwoge inen vatoli ivemes wovi nudemis bene kubawu napewa likudov iwape utawuse ipeda olalid sazatad kaza,obezo; urugu kida leko vikid beduti,35,29,36,30,220,0.9722222222222222,105.0,21.0,20.0,1,36,0.027777777777777776,msd_target_prefix_v1,447.0,"{""anti_ocr"": {""profile"": ""off""}, ""cycle_hz"": 238.0952380954031, ""cycles"": 1, ""dropped_frame_rate"": 0, ""dropped_frames"": 0, ""frame_count"": 1, ""height"": 260, ""insert_inversion"": false, ""long_frame_intervals"": 0, ""max_frame_interval_ms"": 4.5, ""mean_frame_interval_ms"": 4.16662500000001, ""mode"": ""source_control"", ""n"": 1, ""observed_effective_cycle_hz"": 240.00240002399968, ""observed_full_cycle_hz"": 240.00240002399968, ""observed_refresh_hz"": 240.00240002399968, ""per_cycle_slots"": 1, ""refresh_hz"": 238.0952380954031, ""rendered_frames"": 4801, ""safe_flicker_hz"": 50, ""timing_intervals"": 4800, ""width"": 900}"
P050,60,masked,0,1,4,4,mask+noise+anti-ocr+inversion,zele agupaz tetav epib givokow soliwo imel gevun bifagow sulisol evis alupoze ikipise remo tiga arefom onuvidu fogul pukirer refawi zupo evogiv epog nafi vofido zizawo uwefet abupav ebin bipe edogiro pogive ukadi ekolal,zele agupaz tettav fgfkf,18,15,24,21,219,0.75,54.0,10.8,20.0,6,23,0.25,msd_target_prefix_v1,1375.2999999988824,"{""anti_ocr"": {""glyph_alpha"": 0.12, ""profile"": ""strong"", ""salient_pixels"": 34919, ""stripe_alpha"": 0.1, ""stripe_width"": 10}, ""completeness_ok"": true, ""counts"": [58432, 58353, 58487, 58728], ""cycle_hz"": 59.52380952385077, ""cycles"": 6, ""dropped_frame_rate"": 0, ""dropped_frames"": 0, ""epsilonPixels"": 8, ""frame_count"": 30, ""gamma"": 4.4, ""height"": 260, ""insert_inversion"": true, ""inversion_alpha"": 0.2, ""inversion_flicker_warn"": true, ""long_frame_intervals"": 0, ""max_frame_interval_ms"": 4.399999999994179, ""mean_frame_interval_ms"": 4.166638883100642, ""mode"": ""temporal"", ""n"": 4, ""noise_residual"": 0, ""observed_effective_cycle_hz"": 60.000400086018544, ""observed_full_cycle_hz"": 48.00032006881484, ""observed_refresh_hz"": 240.00160034407418, ""per_cycle_slots"": 5, ""permutation"": [2, 0, 1, 3], ""refresh_hz"": 238.0952380954031, ""rendered_frames"": 4800, ""safe_flicker_hz"": 50, ""timing_intervals"": 4799, ""width"": 900}"
P050,60,control,1,1,1,1,none,wagatuv oraw pusewe osolol warida ewane wovofed mudi bofe obidok abar museko egoleku tugewi edek romi sipisu etafa upago masizam ofetun wipe pila afog apekaza utifo epewum emum life lomufa tupobut kime imem ogud wulolif,wagatuv oraw pusewe o,21,18,21,18,219,1.0,63.0,12.600000000000001,20.0,0,21,0.0,msd_target_prefix_v1,1662.699999999255,"{""anti_ocr"": {""profile"": ""off""}, ""cycle_hz"": 238.0952380954031, ""cycles"": 1, ""dropped_frame_rate"": 0, ""dropped_frames"": 0, ""frame_count"": 1, ""height"": 260, ""insert_inversion"": false, ""long_frame_intervals"": 0, ""max_frame_interval_ms"": 4.699999999982538, ""mean_frame_interval_ms"": 4.1666388831006484, ""mode"": ""source_control"", ""n"": 1, ""observed_effective_cycle_hz"": 240.00160034407384, ""observed_full_cycle_hz"": 240.00160034407384, ""observed_refresh_hz"": 240.00160034407384, ""per_cycle_slots"": 1, ""refresh_hz"": 238.0952380954031, ""rendered_frames"": 4800, ""safe_flicker_hz"": 50, ""timing_intervals"": 4799, ""width"": 900}"
P050,60,control,2,2,1,1,none,pudu ovifo afene ruwe ativega keketu elaza inaba ufalero mati ubomad giweso ivelif ezosonu wuzirov egise robatik irose enuw avirewe evenuf dopuv efonab gudaraf otiva epitu ikoge befit izuwof odob olam ovupelu mesiz irov,pudu ovifo afence ruwe adffjifvh,25,21,32,28,219,0.78125,75.0,15.0,20.0,7,27,0.21875,msd_target_prefix_v1,1078.0,"{""anti_ocr"": {""profile"": ""off""}, ""cycle_hz"": 238.0952380954031, ""cycles"": 1, ""dropped_frame_rate"": 0, ""dropped_frames"": 0, ""frame_count"": 1, ""height"": 260, ""insert_inversion"": false, ""long_frame_intervals"": 0, ""max_frame_interval_ms"": 4.400000000023283, ""mean_frame_interval_ms"": 4.166625000000003, ""mode"": ""source_control"", ""n"": 1, ""observed_effective_cycle_hz"": 240.00240002400005, ""observed_full_cycle_hz"": 240.00240002400005, ""observed_refresh_hz"": 240.00240002400005, ""per_cycle_slots"": 1, ""refresh_hz"": 238.0952380954031, ""rendered_frames"": 4801, ""safe_flicker_hz"": 50, ""timing_intervals"": 4800, ""width"": 900}"
P050,60,masked,3,2,4,4,mask+noise+anti-ocr+inversion,avam utesino muwa wove okofaw danar wipuz tado talam enul nivis movi oduzu wukem wumol viwonuw upet berig eruzuwi emodeb komifiz foris lubure ketefog nuvaz mopisen kibe ladusiw akipod kopif lolag evegiv eped ufud ekuware,avam utesino muwa okofaw,19,16,24,21,220,0.7916666666666666,57.0,11.4,20.0,5,23,0.20833333333333334,msd_target_prefix_v1,830.5,"{""anti_ocr"": {""glyph_alpha"": 0.12, ""profile"": ""strong"", ""salient_pixels"": 34771, ""stripe_alpha"": 0.1, ""stripe_width"": 10}, ""completeness_ok"": true, ""counts"": [58495, 58427, 58376, 58702], ""cycle_hz"": 59.52380952385077, ""cycles"": 6, ""dropped_frame_rate"": 0, ""dropped_frames"": 0, ""epsilonPixels"": 8, ""frame_count"": 30, ""gamma"": 4.4, ""height"": 260, ""insert_inversion"": true, ""inversion_alpha"": 0.2, ""inversion_flicker_warn"": true, ""long_frame_intervals"": 0, ""max_frame_interval_ms"": 4.5, ""mean_frame_interval_ms"": 4.166624999999997, ""mode"": ""temporal"", ""n"": 4, ""noise_residual"": 0, ""observed_effective_cycle_hz"": 60.0006000060001, ""observed_full_cycle_hz"": 48.00048000480008, ""observed_refresh_hz"": 240.0024000240004, ""per_cycle_slots"": 5, ""permutation"": [1, 0, 3, 2], ""refresh_hz"": 238.0952380954031, ""rendered_frames"": 4801, ""safe_flicker_hz"": 50, ""timing_intervals"": 4800, ""width"": 900}"
P051,61,control,0,1,1,1,none,imifage evopun imop dukof kemabav abibiso ugodoki fuba ifoko pitu gura enurip eniziro gifozaf ofuzep rorun pelif afiwi wusivo ovibuf mege isilavu omonof melol ariwade nivev kefod esudoku roke dusut damit uvaf sobekor kir,imifage evopun imop dukof kemabav av,35,30,36,31,220,0.9722222222222222,105.0,21.0,20.0,1,36,0.027777777777777776,msd_target_prefix_v1,351.2999999988824,"{""anti_ocr"": {""profile"": ""off""}, ""cycle_hz"": 238.0952380954031, ""cycles"": 1, ""dropped_frame_rate"": 0, ""dropped_frames"": 0, ""frame_count"": 1, ""height"": 260, ""insert_inversion"": false, ""long_frame_intervals"": 0, ""max_frame_interval_ms"": 4.300000000017462, ""mean_frame_interval_ms"": 4.166659720775159, ""mode"": ""source_control"", ""n"": 1, ""observed_effective_cycle_hz"": 240.0004000840178, ""observed_full_cycle_hz"": 240.0004000840178, ""observed_refresh_hz"": 240.0004000840178, ""per_cycle_slots"": 1, ""refresh_hz"": 238.0952380954031, ""rendered_frames"": 4800, ""safe_flicker_hz"": 50, ""timing_intervals"": 4799, ""width"": 900}"
P051,61,masked,1,1,4,4,mask+noise+anti-ocr+inversion,iduke utol iwevipi amevor ulag lukosum zufe pivi pitu itima ulowo imiro udofiv zaduk direw umera ofud sapovun iwaf lokeliz zutozev ifisu limi obepebi keru iwus tuwuf ifizup vutuf etito onabu duzut fevi iruwab zora abezaf,iduke utol iwevipi amevor ulag luko,35,30,35,30,220,1.0,105.0,21.0,20.0,0,35,0.0,msd_target_prefix_v1,807.5999999996275,"{""anti_ocr"": {""glyph_alpha"": 0.12, ""profile"": ""strong"", ""salient_pixels"": 34148, ""stripe_alpha"": 0.1, ""stripe_width"": 10}, ""completeness_ok"": true, ""counts"": [58554, 58361, 58524, 58561], ""cycle_hz"": 59.52380952385077, ""cycles"": 6, ""dropped_frame_rate"": 0, ""dropped_frames"": 0, ""epsilonPixels"": 8, ""frame_count"": 30, ""gamma"": 4.4, ""height"": 260, ""insert_inversion"": true, ""inversion_alpha"": 0.2, ""inversion_flicker_warn"": true, ""long_frame_intervals"": 0, ""max_frame_interval_ms"": 4.600000000005821, ""mean_frame_interval_ms"": 4.166618045426132, ""mode"": ""temporal"", ""n"": 4, ""noise_residual"": 0, ""observed_effective_cycle_hz"": 60.000700154033865, ""observed_full_cycle_hz"": 48.00056012322709, ""observed_refresh_hz"": 240.00280061613546, ""per_cycle_slots"": 5, ""permutation"": [1, 3, 0, 2], ""refresh_hz"": 238.0952380954031, ""rendered_frames"": 4800, ""safe_flicker_hz"": 50, ""timing_intervals"": 4799, ""width"": 900}"
P051,61,masked,2,2,4,4,mask+noise+anti-ocr+inversion,lamuw tedo gizo zuzev ifumuw ogepuf kibime uvafi zarefef anitiw ifogav lapib wabe sekepof femupo nobuf wonower opuzeve fudo etitobi ometep kesapoz ufivawi vazit omuwigo vida erebeku vede tinipo omabazo zezul zegapu kewot,lanuw tedo gizo zuzev ifumuw o,29,24,30,25,220,0.9666666666666667,87.0,17.400000000000002,20.0,1,30,0.03333333333333333,msd_target_prefix_v1,487.09999999962747,"{""anti_ocr"": {""glyph_alpha"": 0.12, ""profile"": ""strong"", ""salient_pixels"": 34993, ""stripe_alpha"": 0.1, ""stripe_width"": 10}, ""completeness_ok"": true, ""counts"": [58729, 58193, 58922, 58156], ""cycle_hz"": 59.52380952385077, ""cycles"": 6, ""dropped_frame_rate"": 0, ""dropped_frames"": 0, ""epsilonPixels"": 8, ""frame_count"": 30, ""gamma"": 4.4, ""height"": 260, ""insert_inversion"": true, ""inversion_alpha"": 0.2, ""inversion_flicker_warn"": true, ""long_frame_intervals"": 0, ""max_frame_interval_ms"": 4.600000000005821, ""mean_frame_interval_ms"": 4.166645833333332, ""mode"": ""temporal"", ""n"": 4, ""noise_residual"": 0, ""observed_effective_cycle_hz"": 60.00030000150002, ""observed_full_cycle_hz"": 48.00024000120002, ""observed_refresh_hz"": 240.0012000060001, ""per_cycle_slots"": 5, ""permutation"": [0, 3, 2, 1], ""refresh_hz"": 238.0952380954031, ""rendered_frames"": 4801, ""safe_flicker_hz"": 50, ""timing_intervals"": 4800, ""width"": 900}"
P051,61,control,3,2,1,1,none,wiletin ofifete pafa natol sifupu ilala ulel alet wisufu tugufaw uvosir edopar duziweb daka seto upeweg radas bobinu upupadi apuf miso orut ipik odav ivozupi notem tulo pote bameve iloge ubozo eposipo kofe ofedigo imetit,wiletin ofifete pafa natol sifupu ilal,38,33,38,33,220,1.0,114.0,22.8,20.0,0,38,0.0,msd_target_prefix_v1,351.8999999985099,"{""anti_ocr"": {""profile"": ""off""}, ""cycle_hz"": 238.0952380954031, ""cycles"": 1, ""dropped_frame_rate"": 0, ""dropped_frames"": 0, ""frame_count"": 1, ""height"": 260, ""insert_inversion"": false, ""long_frame_intervals"": 0, ""max_frame_interval_ms"": 4.7000000000116415, ""mean_frame_interval_ms"": 4.166618045426126, ""mode"": ""source_control"", ""n"": 1, ""observed_effective_cycle_hz"": 240.00280061613583, ""observed_full_cycle_hz"": 240.00280061613583, ""observed_refresh_hz"": 240.00280061613583, ""per_cycle_slots"": 1, ""refresh_hz"": 238.0952380954031, ""rendered_frames"": 4800, ""safe_flicker_hz"": 50, ""timing_intervals"": 4799, ""width"": 900}"
P052,62,masked,0,1,4,4,mask+noise+anti-ocr+inversion,odak ulomatu ulis imepe fukagum wilo erimu akoponu kiva fitusar ibonu rala obale apenupe alafe wimip iviz punifu sare ekek zunera omob utifo zofusu ozozobo ilege rilisod orim womiv owafab zebaf enikoz tadiw kedanuv opowa,odak ulomatu ulis imepe,23,20,23,20,220,1.0,69.0,13.799999999999999,20.0,0,23,0.0,msd_target_prefix_v1,1751.7999999988824,"{""anti_ocr"": {""glyph_alpha"": 0.12, ""profile"": ""strong"", ""salient_pixels"": 34609, ""stripe_alpha"": 0.1, ""stripe_width"": 10}, ""completeness_ok"": true, ""counts"": [58502, 58401, 58601, 58496], ""cycle_hz"": 59.52380952385077, ""cycles"": 6, ""dropped_frame_rate"": 0, ""dropped_frames"": 0, ""epsilonPixels"": 8, ""frame_count"": 30, ""gamma"": 4.4, ""height"": 260, ""insert_inversion"": true, ""inversion_alpha"": 0.2, ""inversion_flicker_warn"": true, ""long_frame_intervals"": 0, ""max_frame_interval_ms"": 4.600000000005821, ""mean_frame_interval_ms"": 4.1666388831006484, ""mode"": ""temporal"", ""n"": 4, ""noise_residual"": 0, ""observed_effective_cycle_hz"": 60.00040008601846, ""observed_full_cycle_hz"": 48.000320068814766, ""observed_refresh_hz"": 240.00160034407384, ""per_cycle_slots"": 5, ""permutation"": [2, 3, 0, 1], ""refresh_hz"": 238.0952380954031, ""rendered_frames"": 4800, ""safe_flicker_hz"": 50, ""timing_intervals"": 4799, ""width"": 900}"
P052,62,control,1,1,1,1,none,orupewo ipopiki galisi ipifew urafuw ugor bevom umidibu tofaral selugam oweru zilum wokadib ziremo lagufew obefu ibutul ifomu iwinufa igudof upib sazo fawugeg ikaribo ridaruv pipu opapa emaza bupuge oromab vatuli pesugaf,orupewo ipopiki galisi ipifew,29,26,29,26,220,1.0,87.0,17.400000000000002,20.0,0,29,0.0,msd_target_prefix_v1,1391.0999999996275,"{""anti_ocr"": {""profile"": ""off""}, ""cycle_hz"": 238.0952380954031, ""cycles"": 1, ""dropped_frame_rate"": 0, ""dropped_frames"": 0, ""frame_count"": 1, ""height"": 260, ""insert_inversion"": false, ""long_frame_intervals"": 0, ""max_frame_interval_ms"": 4.599999999976717, ""mean_frame_interval_ms"": 4.166659720775165, ""mode"": ""source_control"", ""n"": 1, ""observed_effective_cycle_hz"": 240.00040008401743, ""observed_full_cycle_hz"": 240.00040008401743, ""observed_refresh_hz"": 240.00040008401743, ""per_cycle_slots"": 1, ""refresh_hz"": 238.0952380954031, ""rendered_frames"": 4800, ""safe_flicker_hz"": 50, ""timing_intervals"": 4799, ""width"": 900}"
P052,62,control,2,2,1,1,none,purozos pugot esoluz oferele onefofo fiko aropabu ekipu omali dusopiv owiva abifi bugad okeg keru usidu varilo usus imowos ribal gigaz putu nidodus apalep pifobek nepuso iminif ufuso igenas poditom gupovad sukipiz ulefi,purozos pugot esoluz oferele one,32,28,32,28,219,1.0,96.0,19.200000000000003,20.0,0,32,0.0,msd_target_prefix_v1,1551.2999999988824,"{""anti_ocr"": {""profile"": ""off""}, ""cycle_hz"": 238.0952380954031, ""cycles"": 1, ""dropped_frame_rate"": 0, ""dropped_frames"": 0, ""frame_count"": 1, ""height"": 260, ""insert_inversion"": false, ""long_frame_intervals"": 0, ""max_frame_interval_ms"": 4.600000000034925, ""mean_frame_interval_ms"": 4.166618045426132, ""mode"": ""source_control"", ""n"": 1, ""observed_effective_cycle_hz"": 240.00280061613546, ""observed_full_cycle_hz"": 240.00280061613546, ""observed_refresh_hz"": 240.00280061613546, ""per_cycle_slots"": 1, ""refresh_hz"": 238.0952380954031, ""rendered_frames"": 4800, ""safe_flicker_hz"": 50, ""timing_intervals"": 4799, ""width"": 900}"
P052,62,masked,3,2,4,4,mask+noise+anti-ocr+inversion,lanipo poper nedu nideno loke upoz ruvukal utudo vagu bawi segipup ekum agebibi nika rugud kivu idobofa nakul vuwor levare peluka tutup kitim ewot zupir dutime ovuruze onazesa etup epopis bonig bipubur okives gurovu abav,lanipo poper nedu nideno loke upoz,34,29,34,29,220,1.0,102.0,20.400000000000002,20.0,0,34,0.0,msd_target_prefix_v1,1847.2999999988824,"{""anti_ocr"": {""glyph_alpha"": 0.12, ""profile"": ""strong"", ""salient_pixels"": 34948, ""stripe_alpha"": 0.1, ""stripe_width"": 10}, ""completeness_ok"": true, ""counts"": [58711, 58085, 58553, 58651], ""cycle_hz"": 59.52380952385077, ""cycles"": 6, ""dropped_frame_rate"": 0, ""dropped_frames"": 0, ""epsilonPixels"": 8, ""frame_count"": 30, ""gamma"": 4.4, ""height"": 260, ""insert_inversion"": true, ""inversion_alpha"": 0.2, ""inversion_flicker_warn"": true, ""long_frame_intervals"": 0, ""max_frame_interval_ms"": 4.5, ""mean_frame_interval_ms"": 4.166618045426126, ""mode"": ""temporal"", ""n"": 4, ""noise_residual"": 0, ""observed_effective_cycle_hz"": 60.00070015403396, ""observed_full_cycle_hz"": 48.00056012322717, ""observed_refresh_hz"": 240.00280061613583, ""per_cycle_slots"": 5, ""permutation"": [1, 0, 3, 2], ""refresh_hz"": 238.0952380954031, ""rendered_frames"": 4800, ""safe_flicker_hz"": 50, ""timing_intervals"": 4799, ""width"": 900}"
P053,63,control,0,1,1,1,none,lolo okuno owes rose zuruk ubag vuvim losozi abipiz owuri vatale ewimomi ginu linozik witefe onakuli rane woreru anematu woba zurag okag usozu owepol nidasu alefegu awite sapu barila afumeki ewasese redome ofizav osov ak,lololkunoowes rose zuruk u,25,22,26,23,220,0.8928571428571429,75.0,15.0,20.0,3,28,0.10714285714285714,msd_target_prefix_v1,295.69999999925494,"{""anti_ocr"": {""profile"": ""off""}, ""cycle_hz"": 238.09523809622803, ""cycles"": 1, ""dropped_frame_rate"": 0, ""dropped_frames"": 0, ""frame_count"": 1, ""height"": 260, ""insert_inversion"": false, ""long_frame_intervals"": 0, ""max_frame_interval_ms"": 4.400000000023283, ""mean_frame_interval_ms"": 4.1666388831006484, ""mode"": ""source_control"", ""n"": 1, ""observed_effective_cycle_hz"": 240.00160034407384, ""observed_full_cycle_hz"": 240.00160034407384, ""observed_refresh_hz"": 240.00160034407384, ""per_cycle_slots"": 1, ""refresh_hz"": 238.09523809622803, ""rendered_frames"": 4800, ""safe_flicker_hz"": 50, ""timing_intervals"": 4799, ""width"": 900}"
P053,63,masked,1,1,4,4,mask+noise+anti-ocr+inversion,iriv beluv evowigu mabovos rugome epetoz masalis kitut bator dakuz depubu aweti fole kagu kebese lirunat ewela duro zarib pofanil vonev vukud afegu epeku sidumez zusovoz sigez dita imiguv kegipo idum tinuwo ebufo nizi zi,iriv beluv evowigu na,20,17,21,18,220,0.9523809523809523,60.0,12.0,20.0,1,21,0.047619047619047616,msd_target_prefix_v1,335.80000000074506,"{""anti_ocr"": {""glyph_alpha"": 0.12, ""profile"": ""strong"", ""salient_pixels"": 34751, ""stripe_alpha"": 0.1, ""stripe_width"": 10}, ""completeness_ok"": true, ""counts"": [58478, 58701, 58257, 58564], ""cycle_hz"": 59.52380952405701, ""cycles"": 6, ""dropped_frame_rate"": 0, ""dropped_frames"": 0, ""epsilonPixels"": 8, ""frame_count"": 30, ""gamma"": 4.4, ""height"": 260, ""insert_inversion"": true, ""inversion_alpha"": 0.2, ""inversion_flicker_warn"": true, ""long_frame_intervals"": 0, ""max_frame_interval_ms"": 4.5, ""mean_frame_interval_ms"": 4.166645833333338, ""mode"": ""temporal"", ""n"": 4, ""noise_residual"": 0, ""observed_effective_cycle_hz"": 60.00030000149994, ""observed_full_cycle_hz"": 48.00024000119995, ""observed_refresh_hz"": 240.00120000599975, ""per_cycle_slots"": 5, ""permutation"": [3, 1, 0, 2], ""refresh_hz"": 238.09523809622803, ""rendered_frames"": 4801, ""safe_flicker_hz"": 50, ""timing_intervals"": 4800, ""width"": 900}"
P053,63,masked,2,2,4,4,mask+noise+anti-ocr+inversion,vebufug wegizu opebo evak zawoda ufeto diva diredil ikifo dekapik omom kumiv koleta iresil itow evutapi zisa omer funo eridi urovilo evezu zito olokeri movu ebom pade atuw uzigin inaz edupaku owaf abimi osif goziva galuw,vebufug wegizu opebo evak,25,22,25,22,220,1.0,75.0,15.0,20.0,0,25,0.0,msd_target_prefix_v1,255.19999999925494,"{""anti_ocr"": {""glyph_alpha"": 0.12, ""profile"": ""strong"", ""salient_pixels"": 34527, ""stripe_alpha"": 0.1, ""stripe_width"": 10}, ""completeness_ok"": true, ""counts"": [58753, 58222, 58386, 58639], ""cycle_hz"": 59.52380952405701, ""cycles"": 6, ""dropped_frame_rate"": 0, ""dropped_frames"": 0, ""epsilonPixels"": 8, ""frame_count"": 30, ""gamma"": 4.4, ""height"": 260, ""insert_inversion"": true, ""inversion_alpha"": 0.2, ""inversion_flicker_warn"": true, ""long_frame_intervals"": 0, ""max_frame_interval_ms"": 4.599999999976717, ""mean_frame_interval_ms"": 4.1666388831006484, ""mode"": ""temporal"", ""n"": 4, ""noise_residual"": 0, ""observed_effective_cycle_hz"": 60.00040008601846, ""observed_full_cycle_hz"": 48.000320068814766, ""observed_refresh_hz"": 240.00160034407384, ""per_cycle_slots"": 5, ""permutation"": [0, 3, 2, 1], ""refresh_hz"": 238.09523809622803, ""rendered_frames"": 4800, ""safe_flicker_hz"": 50, ""timing_intervals"": 4799, ""width"": 900}"
P053,63,control,3,2,1,1,none,elif iraboda bewodez idusob asimaz tivo ikisad gusat kumep dugov tidodi powab zogamo budura oduno igitunu kufovu izukuf tedit vole nasuz uwer livudu omiwito raran bikel kivoz dazipi nunin nuneruw rine tezis evul finir na,elif iraboda bewodez idus,25,22,25,22,220,1.0,75.0,15.0,20.0,0,25,0.0,msd_target_prefix_v1,359.6000000014901,"{""anti_ocr"": {""profile"": ""off""}, ""cycle_hz"": 238.09523809622803, ""cycles"": 1, ""dropped_frame_rate"": 0, ""dropped_frames"": 0, ""frame_count"": 1, ""height"": 260, ""insert_inversion"": false, ""long_frame_intervals"": 0, ""max_frame_interval_ms"": 4.5, ""mean_frame_interval_ms"": 4.166645833333338, ""mode"": ""source_control"", ""n"": 1, ""observed_effective_cycle_hz"": 240.00120000599975, ""observed_full_cycle_hz"": 240.00120000599975, ""observed_refresh_hz"": 240.00120000599975, ""per_cycle_slots"": 1, ""refresh_hz"": 238.09523809622803, ""rendered_frames"": 4801, ""safe_flicker_hz"": 50, ""timing_intervals"": 4800, ""width"": 900}"
P054,64,masked,0,1,4,4,mask+noise+anti-ocr+inversion,isetul anefu ikigaz emez deluvas olurute igaz zolu arusuga dunepog ekobora bipizur sema alada osefut kowimaz inarita ovun newul erude palaf woburop odawiti vibogut dimize ruwubiw wazun felelu idalik lekaw akepewa ivid aw,isetul anefu ikigaz emez deluvas oluru,38,33,38,33,220,1.0,114.0,22.8,20.0,0,38,0.0,msd_target_prefix_v1,1215.699999999255,"{""anti_ocr"": {""glyph_alpha"": 0.12, ""profile"": ""strong"", ""salient_pixels"": 34969, ""stripe_alpha"": 0.1, ""stripe_width"": 10}, ""completeness_ok"": true, ""counts"": [58385, 58438, 58561, 58616], ""cycle_hz"": 59.52380952405701, ""cycles"": 6, ""dropped_frame_rate"": 0, ""dropped_frames"": 0, ""epsilonPixels"": 8, ""frame_count"": 30, ""gamma"": 4.4, ""height"": 260, ""insert_inversion"": true, ""inversion_alpha"": 0.2, ""inversion_flicker_warn"": true, ""long_frame_intervals"": 0, ""max_frame_interval_ms"": 4.5, ""mean_frame_interval_ms"": 4.1666388831006484, ""mode"": ""temporal"", ""n"": 4, ""noise_residual"": 0, ""observed_effective_cycle_hz"": 60.00040008601846, ""observed_full_cycle_hz"": 48.000320068814766, ""observed_refresh_hz"": 240.00160034407384, ""per_cycle_slots"": 5, ""permutation"": [1, 3, 2, 0], ""refresh_hz"": 238.09523809622803, ""rendered_frames"": 4800, ""safe_flicker_hz"": 50, ""timing_intervals"": 4799, ""width"": 900}"
P054,64,control,1,1,1,1,none,ikub edope imogop gonad eteka olofaga koma ezewino upuwa vapob vidap umidepa elawe vubideb ebig zozuwo obaz gugo efanobe opepol agef emode tusezes unami agimusi igas bofiva orekaz vokop nibedug udela apuw ipuv akur ubiga,ikub edope imogop gonad eteka olofaga,38,32,38,32,220,1.0,114.0,22.8,20.0,0,38,0.0,msd_target_prefix_v1,831.6000000014901,"{""anti_ocr"": {""profile"": ""off""}, ""cycle_hz"": 238.09523809622803, ""cycles"": 1, ""dropped_frame_rate"": 0, ""dropped_frames"": 0, ""frame_count"": 1, ""height"": 260, ""insert_inversion"": false, ""long_frame_intervals"": 0, ""max_frame_interval_ms"": 4.400000000023283, ""mean_frame_interval_ms"": 4.1666388831006484, ""mode"": ""source_control"", ""n"": 1, ""observed_effective_cycle_hz"": 240.00160034407384, ""observed_full_cycle_hz"": 240.00160034407384, ""observed_refresh_hz"": 240.00160034407384, ""per_cycle_slots"": 1, ""refresh_hz"": 238.09523809622803, ""rendered_frames"": 4800, ""safe_flicker_hz"": 50, ""timing_intervals"": 4799, ""width"": 900}"
P054,64,control,2,2,1,1,none,karev netem egif razusi onokave gapofi ofepu esowuv opewifi ekipi agita memik vesef uzisupi awokem witi wetusa esom iret ofug adutup rani suro uraro ekos eviv imevatu mikek wetot unor gewe batok totiko lowokor ubavada be,karev netem egif razusi onokave gapofi,39,33,39,33,220,1.0,117.0,23.400000000000002,20.0,0,39,0.0,msd_target_prefix_v1,655.6999999992549,"{""anti_ocr"": {""profile"": ""off""}, ""cycle_hz"": 238.09523809622803, ""cycles"": 1, ""dropped_frame_rate"": 0, ""dropped_frames"": 0, ""frame_count"": 1, ""height"": 260, ""insert_inversion"": false, ""long_frame_intervals"": 0, ""max_frame_interval_ms"": 4.600000000034925, ""mean_frame_interval_ms"": 4.1666388831006484, ""mode"": ""source_control"", ""n"": 1, ""observed_effective_cycle_hz"": 240.00160034407384, ""observed_full_cycle_hz"": 240.00160034407384, ""observed_refresh_hz"": 240.00160034407384, ""per_cycle_slots"": 1, ""refresh_hz"": 238.09523809622803, ""rendered_frames"": 4800, ""safe_flicker_hz"": 50, ""timing_intervals"": 4799, ""width"": 900}"
P054,64,masked,3,2,4,4,mask+noise+anti-ocr+inversion,naza inepiw vadaf ibofebu pabu wedu neka egosif alibawa rufikov kevok bakabob sedob fetazuf leveri enudiso enogaso ranad kolidod inozi zoboker gakem pewiz wuri amomowa regupi mopez rebivo erimoz umive zanu fepewe fivarod,naza inepiw vadaf ibofebu pabu wedu neka,40,34,40,34,220,1.0,120.0,24.0,20.0,0,40,0.0,msd_target_prefix_v1,367.6000000014901,"{""anti_ocr"": {""glyph_alpha"": 0.12, ""profile"": ""strong"", ""salient_pixels"": 34878, ""stripe_alpha"": 0.1, ""stripe_width"": 10}, ""completeness_ok"": true, ""counts"": [58462, 58598, 58261, 58679], ""cycle_hz"": 59.52380952405701, ""cycles"": 6, ""dropped_frame_rate"": 0, ""dropped_frames"": 0, ""epsilonPixels"": 8, ""frame_count"": 30, ""gamma"": 4.4, ""height"": 260, ""insert_inversion"": true, ""inversion_alpha"": 0.2, ""inversion_flicker_warn"": true, ""long_frame_intervals"": 0, ""max_frame_interval_ms"": 4.599999999976717, ""mean_frame_interval_ms"": 4.166659720775159, ""mode"": ""temporal"", ""n"": 4, ""noise_residual"": 0, ""observed_effective_cycle_hz"": 60.00010002100445, ""observed_full_cycle_hz"": 48.00008001680356, ""observed_refresh_hz"": 240.0004000840178, ""per_cycle_slots"": 5, ""permutation"": [2, 0, 1, 3], ""refresh_hz"": 238.09523809622803, ""rendered_frames"": 4800, ""safe_flicker_hz"": 50, ""timing_intervals"": 4799, ""width"": 900}"
P055,65,control,0,1,1,1,none,ibat didu adew isud idanor opivid isopog repomi domi falom pedoru ikar vife nuse etedu usawewo ubor idurew alaziz sisuvo avimuf alovowa manilig sirun nigo ukogo uzavuwa odegori ules gazem afipas zinini wokeren ofomuro at,ibat didu adew isud opivid re,22,18,29,24,220,0.7586206896551724,66.0,13.200000000000001,20.0,7,27,0.2413793103448276,msd_target_prefix_v1,391.30000000074506,"{""anti_ocr"": {""profile"": ""off""}, ""cycle_hz"": 238.0952380954031, ""cycles"": 1, ""dropped_frame_rate"": 0, ""dropped_frames"": 0, ""frame_count"": 1, ""height"": 260, ""insert_inversion"": false, ""long_frame_intervals"": 0, ""max_frame_interval_ms"": 4.399999999994179, ""mean_frame_interval_ms"": 4.1666388831006484, ""mode"": ""source_control"", ""n"": 1, ""observed_effective_cycle_hz"": 240.00160034407384, ""observed_full_cycle_hz"": 240.00160034407384, ""observed_refresh_hz"": 240.00160034407384, ""per_cycle_slots"": 1, ""refresh_hz"": 238.0952380954031, ""rendered_frames"": 4800, ""safe_flicker_hz"": 50, ""timing_intervals"": 4799, ""width"": 900}"
P055,65,masked,1,1,4,4,mask+noise+anti-ocr+inversion,ikove basuf afud isov aniv ketal uzol lekovad rikima zebufu imowev imib temuz fumaloz eliba ilag odida vizulo tigevav girafed ofomap fozul alipe bolup fegup amad lidefo siput aves urupun sizo agotu etupuze inekin sowaku,ikove basuf afud isov aniv ke,29,24,29,24,219,1.0,87.0,17.400000000000002,20.0,0,29,0.0,msd_target_prefix_v1,431.30000000074506,"{""anti_ocr"": {""glyph_alpha"": 0.12, ""profile"": ""strong"", ""salient_pixels"": 34648, ""stripe_alpha"": 0.1, ""stripe_width"": 10}, ""completeness_ok"": true, ""counts"": [58521, 58633, 58357, 58489], ""cycle_hz"": 59.52380952385077, ""cycles"": 6, ""dropped_frame_rate"": 0, ""dropped_frames"": 0, ""epsilonPixels"": 8, ""frame_count"": 30, ""gamma"": 4.4, ""height"": 260, ""insert_inversion"": true, ""inversion_alpha"": 0.2, ""inversion_flicker_warn"": true, ""long_frame_intervals"": 0, ""max_frame_interval_ms"": 4.5, ""mean_frame_interval_ms"": 4.166659720775159, ""mode"": ""temporal"", ""n"": 4, ""noise_residual"": 0, ""observed_effective_cycle_hz"": 60.00010002100445, ""observed_full_cycle_hz"": 48.00008001680356, ""observed_refresh_hz"": 240.0004000840178, ""per_cycle_slots"": 5, ""permutation"": [2, 3, 1, 0], ""refresh_hz"": 238.0952380954031, ""rendered_frames"": 4800, ""safe_flicker_hz"": 50, ""timing_intervals"": 4799, ""width"": 900}"
P055,65,masked,2,2,4,4,mask+noise+anti-ocr+inversion,veruw uzologu adod adufo bulemid igan ozoz wefe owegip ovake pomil idot awikaf kemosu onudib wegol umafo ipolib witule wefibi bavo bepad ulumabe rizetet neni okud ogogu ugatu omudon iluti lusimu give gadiki amuwelu itisi,veruw uzo;ogu adod adufo bu,26,22,27,23,220,0.962962962962963,78.0,15.600000000000001,20.0,1,27,0.037037037037037035,msd_target_prefix_v1,374.5,"{""anti_ocr"": {""glyph_alpha"": 0.12, ""profile"": ""strong"", ""salient_pixels"": 35275, ""stripe_alpha"": 0.1, ""stripe_width"": 10}, ""completeness_ok"": true, ""counts"": [58429, 58618, 58232, 58721], ""cycle_hz"": 59.52380952385077, ""cycles"": 6, ""dropped_frame_rate"": 0, ""dropped_frames"": 0, ""epsilonPixels"": 8, ""frame_count"": 30, ""gamma"": 4.4, ""height"": 260, ""insert_inversion"": true, ""inversion_alpha"": 0.2, ""inversion_flicker_warn"": true, ""long_frame_intervals"": 0, ""max_frame_interval_ms"": 4.7000000000116415, ""mean_frame_interval_ms"": 4.166618045426126, ""mode"": ""temporal"", ""n"": 4, ""noise_residual"": 0, ""observed_effective_cycle_hz"": 60.00070015403396, ""observed_full_cycle_hz"": 48.00056012322717, ""observed_refresh_hz"": 240.00280061613583, ""per_cycle_slots"": 5, ""permutation"": [2, 1, 3, 0], ""refresh_hz"": 238.0952380954031, ""rendered_frames"": 4800, ""safe_flicker_hz"": 50, ""timing_intervals"": 4799, ""width"": 900}"
P055,65,control,3,2,1,1,none,anigefo utida irut ekoka ivoror alas agan upagun livebas etuni zatoba apote uleg nugud nadoled erez azes elobuki esig elaner oloke zatibod tasa udosemu ipup inum nilus gudaneg wevifu umat ogupi alosemo ifunu iwonilu init,anigefo uyida iruy ekoka ivoror a,31,26,33,28,220,0.9393939393939394,93.0,18.6,20.0,2,33,0.06060606060606061,msd_target_prefix_v1,551.5999999977648,"{""anti_ocr"": {""profile"": ""off""}, ""cycle_hz"": 238.0952380954031, ""cycles"": 1, ""dropped_frame_rate"": 0, ""dropped_frames"": 0, ""frame_count"": 1, ""height"": 260, ""insert_inversion"": false, ""long_frame_intervals"": 0, ""max_frame_interval_ms"": 4.599999999976717, ""mean_frame_interval_ms"": 4.166659720775159, ""mode"": ""source_control"", ""n"": 1, ""observed_effective_cycle_hz"": 240.0004000840178, ""observed_full_cycle_hz"": 240.0004000840178, ""observed_refresh_hz"": 240.0004000840178, ""per_cycle_slots"": 1, ""refresh_hz"": 238.0952380954031, ""rendered_frames"": 4800, ""safe_flicker_hz"": 50, ""timing_intervals"": 4799, ""width"": 900}"
P056,66,masked,0,1,4,4,mask+noise+anti-ocr+inversion,ukigi eloni dazus ogef lirub ubalas apevo egotefi gotevir edigazo igama mara iran lofapeg ilab efuzopo ugeg ilosa patewe tedeb unir letufo romo ezubef napug dibim ivabe vapetef wowada gafuz upawapu zuwi bopufuw ifetod go,ukigi eloni dazus ogef lirub ubalas a,37,31,37,31,220,1.0,111.0,22.200000000000003,20.0,0,37,0.0,msd_target_prefix_v1,2062.89999999851,"{""anti_ocr"": {""glyph_alpha"": 0.12, ""profile"": ""strong"", ""salient_pixels"": 35209, ""stripe_alpha"": 0.1, ""stripe_width"": 10}, ""completeness_ok"": true, ""counts"": [58695, 58426, 58216, 58663], ""cycle_hz"": 59.52380952385077, ""cycles"": 6, ""dropped_frame_rate"": 0, ""dropped_frames"": 0, ""epsilonPixels"": 8, ""frame_count"": 30, ""gamma"": 4.4, ""height"": 260, ""insert_inversion"": true, ""inversion_alpha"": 0.2, ""inversion_flicker_warn"": true, ""long_frame_intervals"": 0, ""max_frame_interval_ms"": 4.600000000005821, ""mean_frame_interval_ms"": 4.1666388831006484, ""mode"": ""temporal"", ""n"": 4, ""noise_residual"": 0, ""observed_effective_cycle_hz"": 60.00040008601846, ""observed_full_cycle_hz"": 48.000320068814766, ""observed_refresh_hz"": 240.00160034407384, ""per_cycle_slots"": 5, ""permutation"": [2, 1, 0, 3], ""refresh_hz"": 238.0952380954031, ""rendered_frames"": 4800, ""safe_flicker_hz"": 50, ""timing_intervals"": 4799, ""width"": 900}"
P056,66,control,1,1,1,1,none,selalu renid bawavuk epule ewuluno usos sikod mure ovinit eramodi emir kete ivez kafa gozogo sopude eves ufitumi kuloz uzew eketus digop uwig bomi isusaz ekelefu edome ibefoke punef bazule nosamut atip ezupoku togule afu,salalurenid bawavuk epule ewulu,30,27,31,28,220,0.9375,90.0,18.0,20.0,2,32,0.0625,msd_target_prefix_v1,1015.1000000014901,"{""anti_ocr"": {""profile"": ""off""}, ""cycle_hz"": 238.0952380954031, ""cycles"": 1, ""dropped_frame_rate"": 0, ""dropped_frames"": 0, ""frame_count"": 1, ""height"": 260, ""insert_inversion"": false, ""long_frame_intervals"": 0, ""max_frame_interval_ms"": 4.5, ""mean_frame_interval_ms"": 4.1666388831006484, ""mode"": ""source_control"", ""n"": 1, ""observed_effective_cycle_hz"": 240.00160034407384, ""observed_full_cycle_hz"": 240.00160034407384, ""observed_refresh_hz"": 240.00160034407384, ""per_cycle_slots"": 1, ""refresh_hz"": 238.0952380954031, ""rendered_frames"": 4800, ""safe_flicker_hz"": 50, ""timing_intervals"": 4799, ""width"": 900}"
P056,66,control,2,2,1,1,none,arodavu tesowo gomus over nowik tukapuf umalalu vumod userefo akipu sawev lufev itedi nawo apukipa kolof afise pebi irupomi avaber irasazi abos itopiwa izek wibaku awokat ilewu imafe gefufu kolufar olawedo edob aviv lofo,arodavu tesowo gomusover nowik tuap,35,31,35,31,220,0.9459459459459459,105.0,21.0,20.0,2,37,0.05405405405405406,msd_target_prefix_v1,1199.4000000022352,"{""anti_ocr"": {""profile"": ""off""}, ""cycle_hz"": 238.0952380954031, ""cycles"": 1, ""dropped_frame_rate"": 0, ""dropped_frames"": 0, ""frame_count"": 1, ""height"": 260, ""insert_inversion"": false, ""long_frame_intervals"": 0, ""max_frame_interval_ms"": 4.5, ""mean_frame_interval_ms"": 4.166659720775159, ""mode"": ""source_control"", ""n"": 1, ""observed_effective_cycle_hz"": 240.0004000840178, ""observed_full_cycle_hz"": 240.0004000840178, ""observed_refresh_hz"": 240.0004000840178, ""per_cycle_slots"": 1, ""refresh_hz"": 238.0952380954031, ""rendered_frames"": 4800, ""safe_flicker_hz"": 50, ""timing_intervals"": 4799, ""width"": 900}"
P056,66,masked,3,2,4,4,mask+noise+anti-ocr+inversion,omeloni osuz urerus utev girek five metiko igerano iposute wugal woruveb kemepaf ogonaz uzife getov puki weledu zagosuf enefole zakigok ipama dubad ivefadu vobo gepatu polono unef amanip parafon arozoka ekinoko savu favu,omeloni osuz urerus utev girek fiv,34,29,34,29,220,1.0,102.0,20.400000000000002,20.0,0,34,0.0,msd_target_prefix_v1,1023.3000000007451,"{""anti_ocr"": {""glyph_alpha"": 0.12, ""profile"": ""strong"", ""salient_pixels"": 35136, ""stripe_alpha"": 0.1, ""stripe_width"": 10}, ""completeness_ok"": true, ""counts"": [58589, 58400, 58702, 58309], ""cycle_hz"": 59.52380952385077, ""cycles"": 6, ""dropped_frame_rate"": 0, ""dropped_frames"": 0, ""epsilonPixels"": 8, ""frame_count"": 30, ""gamma"": 4.4, ""height"": 260, ""insert_inversion"": true, ""inversion_alpha"": 0.2, ""inversion_flicker_warn"": true, ""long_frame_intervals"": 0, ""max_frame_interval_ms"": 4.7000000000116415, ""mean_frame_interval_ms"": 4.166645833333338, ""mode"": ""temporal"", ""n"": 4, ""noise_residual"": 0, ""observed_effective_cycle_hz"": 60.00030000149994, ""observed_full_cycle_hz"": 48.00024000119995, ""observed_refresh_hz"": 240.00120000599975, ""per_cycle_slots"": 5, ""permutation"": [1, 3, 0, 2], ""refresh_hz"": 238.0952380954031, ""rendered_frames"": 4801, ""safe_flicker_hz"": 50, ""timing_intervals"": 4800, ""width"": 900}"
