participant_code,participant_id,condition_label,display_label,n,requested_n,components,stimulus_text,readability,flicker,fatigue,privacy,order_index,view_duration_ms,view_started_at,view_submitted_at,mask_meta_json
P001,6,n3_mask_noise,层数 3，遮罩 + 噪声,3,3,mask+noise,ubusu kalowew rama kanu uvobo ralo afesit avoba awekemu ibefot sulid esara wike izar ugiwav emok unalig edad ezezit ezipi avub atan uworive nana mumifog finifip kezosa et,4,3,3,,0,25180,2026-07-08T01:23:36.799Z,2026-07-08T01:24:01.979Z,"{""anti_ocr"": {""profile"": ""off""}, ""completeness_ok"": true, ""counts"": [69271, 68628, 69101], ""cycle_hz"": 79.3650793659593, ""cycles"": 1, ""dropped_frame_rate"": 0.015000815261699005, ""dropped_frames"": 92, ""epsilonPixels"": 8, ""frame_count"": 3, ""gamma"": 3.3000000000000003, ""height"": 230, ""insert_inversion"": false, ""inversion_alpha"": null, ""inversion_flicker_warn"": false, ""long_frame_intervals"": 2, ""max_frame_interval_ms"": 383.29999999993015, ""mean_frame_interval_ms"": 4.23078960437013, ""mode"": ""temporal"", ""n"": 3, ""noise_residual"": 0, ""observed_effective_cycle_hz"": 78.78749938049903, ""observed_full_cycle_hz"": 78.78749938049903, ""observed_refresh_hz"": 236.3624981414971, ""per_cycle_slots"": 3, ""permutation"": [1, 0, 2], ""refresh_hz"": 238.0952380978779, ""rendered_frames"": 6042, ""safe_flicker_hz"": 50, ""timing_intervals"": 6041, ""width"": 900}"
P001,6,n4_mask_noise,层数 4，遮罩 + 噪声,4,4,mask+noise,efupi suwipif rosi usuwo utotop uputu gopolor weki weba gagiruw medib fife wevin igabopi womuda inebo urone itipup kononun imur igavaro letit vozabu ukulak vadike ivir go,4,4,3,,1,16599,2026-07-08T01:24:02.405Z,2026-07-08T01:24:19.003Z,"{""anti_ocr"": {""profile"": ""off""}, ""completeness_ok"": true, ""counts"": [52124, 51584, 51599, 51693], ""cycle_hz"": 59.52380952446948, ""cycles"": 1, ""dropped_frame_rate"": 0.0242409402546523, ""dropped_frames"": 99, ""epsilonPixels"": 8, ""frame_count"": 4, ""gamma"": 4.4, ""height"": 230, ""insert_inversion"": false, ""inversion_alpha"": null, ""inversion_flicker_warn"": false, ""long_frame_intervals"": 1, ""max_frame_interval_ms"": 420.9000000000233, ""mean_frame_interval_ms"": 4.271191969887094, ""mode"": ""temporal"", ""n"": 4, ""noise_residual"": 0, ""observed_effective_cycle_hz"": 58.531670260329825, ""observed_full_cycle_hz"": 58.531670260329825, ""observed_refresh_hz"": 234.1266810413193, ""per_cycle_slots"": 4, ""permutation"": [0, 1, 2, 3], ""refresh_hz"": 238.0952380978779, ""rendered_frames"": 3986, ""safe_flicker_hz"": 50, ""timing_intervals"": 3985, ""width"": 900}"
P001,6,n2_mask_noise,层数 2，遮罩 + 噪声,2,2,mask+noise,luwe vurudo ugovo firapav aval arev bedel ewito unigir emat neriven anetani kesevi ibesu lurum ikali galeta felusu opokanu ozudu egatan arupoti buwir evovu ebeta gawuru u,5,5,4,,2,15113,2026-07-08T01:24:19.299Z,2026-07-08T01:24:34.411Z,"{""anti_ocr"": {""profile"": ""off""}, ""completeness_ok"": true, ""counts"": [103598, 103402], ""cycle_hz"": 119.04761904893896, ""cycles"": 1, ""dropped_frame_rate"": 0.0183982683982684, ""dropped_frames"": 68, ""epsilonPixels"": 8, ""frame_count"": 2, ""gamma"": 2.2, ""height"": 230, ""insert_inversion"": false, ""inversion_alpha"": null, ""inversion_flicker_warn"": false, ""long_frame_intervals"": 1, ""max_frame_interval_ms"": 291.60000000009313, ""mean_frame_interval_ms"": 4.245865490628446, ""mode"": ""temporal"", ""n"": 2, ""noise_residual"": 0, ""observed_effective_cycle_hz"": 117.76162035834848, ""observed_full_cycle_hz"": 117.76162035834848, ""observed_refresh_hz"": 235.52324071669696, ""per_cycle_slots"": 2, ""permutation"": [0, 1], ""refresh_hz"": 238.0952380978779, ""rendered_frames"": 3629, ""safe_flicker_hz"": 50, ""timing_intervals"": 3628, ""width"": 900}"
P001,6,n4_mask_only,层数 4，仅遮罩,4,4,mask-only,emiga ibiw irisizu kolak muzi nafar fanur ugobovo awebag zaka areki evagive umesinu bawu agisul widofal ibuk posuwu minig agizok ubef lapokef inevus dariroz godawe valiro,2,3,2,,3,15351,2026-07-08T01:24:34.572Z,2026-07-08T01:24:49.923Z,"{""anti_ocr"": {""profile"": ""off""}, ""completeness_ok"": true, ""counts"": [51592, 51845, 51801, 51762], ""cycle_hz"": 59.52380952446948, ""cycles"": 1, ""dropped_frame_rate"": 0.009940891993551854, ""dropped_frames"": 37, ""epsilonPixels"": 8, ""frame_count"": 4, ""gamma"": 4.4, ""height"": 230, ""insert_inversion"": false, ""inversion_alpha"": null, ""inversion_flicker_warn"": false, ""long_frame_intervals"": 1, ""max_frame_interval_ms"": 158.30000000004657, ""mean_frame_interval_ms"": 4.208439620081436, ""mode"": ""temporal"", ""n"": 4, ""noise_residual"": 0, ""observed_effective_cycle_hz"": 59.40444026025074, ""observed_full_cycle_hz"": 59.40444026025074, ""observed_refresh_hz"": 237.61776104100295, ""per_cycle_slots"": 4, ""permutation"": [3, 0, 2, 1], ""refresh_hz"": 238.0952380978779, ""rendered_frames"": 3686, ""safe_flicker_hz"": 50, ""timing_intervals"": 3685, ""width"": 900}"
P001,6,control_anchor,未遮罩原文（量表锚点）,1,1,none,butesa egigota onupo komola rade wawi gezodu azite usosi obot egol elupul tatetin fezeru imude uwev unuputi ubefusu zudiz arovep emiv idogo baki erutiz itone igidaze mese,5,5,5,,4,10814,2026-07-08T01:24:49.925Z,2026-07-08T01:25:00.739Z,"{""anti_ocr"": {""profile"": ""off""}, ""cycle_hz"": 238.0952380978779, ""cycles"": 1, ""dropped_frame_rate"": 0, ""dropped_frames"": 0, ""frame_count"": 1, ""height"": 230, ""insert_inversion"": false, ""long_frame_intervals"": 0, ""max_frame_interval_ms"": 4.5, ""mean_frame_interval_ms"": 4.16661526599844, ""mode"": ""source_control"", ""n"": 1, ""observed_effective_cycle_hz"": 240.0029607150137, ""observed_full_cycle_hz"": 240.0029607150137, ""observed_refresh_hz"": 240.0029607150137, ""per_cycle_slots"": 1, ""refresh_hz"": 238.0952380978779, ""rendered_frames"": 2595, ""safe_flicker_hz"": 50, ""timing_intervals"": 2594, ""width"": 900}"
P001,6,deployed_full,实际部署完整配置,4,4,mask+noise+anti-ocr+inversion,edok oredovi onub odez esedof oworif avusu gekuw nuzala eravaf udutimo ulifu asapu ufir ipata mepe eliwu telewo esefata okagapo dupiv isesa takego udepi ufubes evuvabo ru,2,1,1,,5,11278,2026-07-08T01:25:03.830Z,2026-07-08T01:25:15.107Z,"{""anti_ocr"": {""glyph_alpha"": 0.12, ""profile"": ""strong"", ""salient_pixels"": 25442, ""stripe_alpha"": 0.1, ""stripe_width"": 10}, ""completeness_ok"": true, ""counts"": [52074, 51758, 51390, 51778], ""cycle_hz"": 59.52380952446948, ""cycles"": 6, ""dropped_frame_rate"": 0.2138291690877397, ""dropped_frames"": 736, ""epsilonPixels"": 8, ""frame_count"": 30, ""gamma"": 4.4, ""height"": 230, ""insert_inversion"": true, ""inversion_alpha"": 0.2, ""inversion_flicker_warn"": true, ""long_frame_intervals"": 2, ""max_frame_interval_ms"": 3091.600000000093, ""mean_frame_interval_ms"": 5.309127864005913, ""mode"": ""temporal"", ""n"": 4, ""noise_residual"": 0, ""observed_effective_cycle_hz"": 47.08871332614067, ""observed_full_cycle_hz"": 37.67097066091254, ""observed_refresh_hz"": 188.35485330456268, ""per_cycle_slots"": 5, ""permutation"": [3, 1, 0, 2], ""refresh_hz"": 238.0952380978779, ""rendered_frames"": 2707, ""safe_flicker_hz"": 50, ""timing_intervals"": 2706, ""width"": 900}"
P002,7,n4_mask_noise,层数 4，遮罩 + 噪声,4,4,mask+noise,umat pededaw lifesi larid gefob bofuzar tamus kuke dunozor pizu upup ekagofa ufaki obese obelab tefidus emora owebasu ibopafo vudo apik ofefa ivisiku upabife vesepif wibe,4,4,5,,0,17397,2026-07-08T01:30:05.998Z,2026-07-08T01:30:23.395Z,"{""anti_ocr"": {""profile"": ""off""}, ""completeness_ok"": true, ""counts"": [51588, 52226, 51817, 51369], ""cycle_hz"": 59.52380952385077, ""cycles"": 1, ""dropped_frame_rate"": 0.005243088655862726, ""dropped_frames"": 22, ""epsilonPixels"": 8, ""frame_count"": 4, ""gamma"": 4.4, ""height"": 230, ""insert_inversion"": false, ""inversion_alpha"": null, ""inversion_flicker_warn"": false, ""long_frame_intervals"": 2, ""max_frame_interval_ms"": 91.70000000001164, ""mean_frame_interval_ms"": 4.188596070915192, ""mode"": ""temporal"", ""n"": 4, ""noise_residual"": 0, ""observed_effective_cycle_hz"": 59.68586986364048, ""observed_full_cycle_hz"": 59.68586986364048, ""observed_refresh_hz"": 238.7434794545619, ""per_cycle_slots"": 4, ""permutation"": [0, 3, 2, 1], ""refresh_hz"": 238.0952380954031, ""rendered_frames"": 4175, ""safe_flicker_hz"": 50, ""timing_intervals"": 4174, ""width"": 900}"
P002,7,n4_mask_only,层数 4，仅遮罩,4,4,mask-only,remin ugekemu ibuz tuse ogezipu gokiv vafon tadel iviwez wafu zowapup upugu ipub kati peride ematik side sikin uwanupe uvoleku udetov uluvedi ozaki povilu ivozumu ozilob,5,3,4,,1,13983,2026-07-08T01:30:23.419Z,2026-07-08T01:30:37.403Z,"{""anti_ocr"": {""profile"": ""off""}, ""completeness_ok"": true, ""counts"": [51655, 51939, 51680, 51726], ""cycle_hz"": 59.52380952385077, ""cycles"": 1, ""dropped_frame_rate"": 0.001487652484379649, ""dropped_frames"": 5, ""epsilonPixels"": 8, ""frame_count"": 4, ""gamma"": 4.4, ""height"": 230, ""insert_inversion"": false, ""inversion_alpha"": null, ""inversion_flicker_warn"": false, ""long_frame_intervals"": 1, ""max_frame_interval_ms"": 25.099999999976717, ""mean_frame_interval_ms"": 4.172854588796179, ""mode"": ""temporal"", ""n"": 4, ""noise_residual"": 0, ""observed_effective_cycle_hz"": 59.91102605665494, ""observed_full_cycle_hz"": 59.91102605665494, ""observed_refresh_hz"": 239.64410422661976, ""per_cycle_slots"": 4, ""permutation"": [1, 3, 2, 0], ""refresh_hz"": 238.0952380954031, ""rendered_frames"": 3357, ""safe_flicker_hz"": 50, ""timing_intervals"": 3356, ""width"": 900}"
P002,7,n3_mask_noise,层数 3，遮罩 + 噪声,3,3,mask+noise,uvuberu tolo mukik dukaf ibuwo vefegu nakol bezi erolamu ukew toba davowud ererop pase elifo onamoba upis bifare mubig izirori ebase molelak tidivok dewan refupek esivov,5,5,4,,2,11794,2026-07-08T01:30:37.465Z,2026-07-08T01:30:49.259Z,"{""anti_ocr"": {""profile"": ""off""}, ""completeness_ok"": true, ""counts"": [69198, 68729, 69073], ""cycle_hz"": 79.36507936513436, ""cycles"": 1, ""dropped_frame_rate"": 0.00492091388400703, ""dropped_frames"": 14, ""epsilonPixels"": 8, ""frame_count"": 3, ""gamma"": 3.3000000000000003, ""height"": 230, ""insert_inversion"": false, ""inversion_alpha"": null, ""inversion_flicker_warn"": false, ""long_frame_intervals"": 1, ""max_frame_interval_ms"": 62.600000000034925, ""mean_frame_interval_ms"": 4.1872483221476635, ""mode"": ""temporal"", ""n"": 3, ""noise_residual"": 0, ""observed_effective_cycle_hz"": 79.60677458994473, ""observed_full_cycle_hz"": 79.60677458994473, ""observed_refresh_hz"": 238.8203237698342, ""per_cycle_slots"": 3, ""permutation"": [0, 1, 2], ""refresh_hz"": 238.0952380954031, ""rendered_frames"": 2832, ""safe_flicker_hz"": 50, ""timing_intervals"": 2831, ""width"": 900}"
P002,7,deployed_full,实际部署完整配置,4,4,mask+noise+anti-ocr+inversion,pebok agik doroler rezoge gomir ifar omatez dosezot duvoz buzaro iniro pefaso alaf asek oside dodi mebeli dabebe omemiwo uzez ekunuro ofip fafere emod amamem kino obiwuf,4,3,4,,3,12166,2026-07-08T01:30:49.637Z,2026-07-08T01:31:01.803Z,"{""anti_ocr"": {""glyph_alpha"": 0.12, ""profile"": ""strong"", ""salient_pixels"": 25252, ""stripe_alpha"": 0.1, ""stripe_width"": 10}, ""completeness_ok"": true, ""counts"": [51971, 51767, 51574, 51688], ""cycle_hz"": 59.52380952385077, ""cycles"": 6, ""dropped_frame_rate"": 0.029587765957446808, ""dropped_frames"": 89, ""epsilonPixels"": 8, ""frame_count"": 30, ""gamma"": 4.4, ""height"": 230, ""insert_inversion"": true, ""inversion_alpha"": 0.2, ""inversion_flicker_warn"": true, ""long_frame_intervals"": 2, ""max_frame_interval_ms"": 375, ""mean_frame_interval_ms"": 4.295066803699894, ""mode"": ""temporal"", ""n"": 4, ""noise_residual"": 0, ""observed_effective_cycle_hz"": 58.20631236390615, ""observed_full_cycle_hz"": 46.56504989112492, ""observed_refresh_hz"": 232.8252494556246, ""per_cycle_slots"": 5, ""permutation"": [0, 1, 2, 3], ""refresh_hz"": 238.0952380954031, ""rendered_frames"": 2920, ""safe_flicker_hz"": 50, ""timing_intervals"": 2919, ""width"": 900}"
P002,7,n2_mask_noise,层数 2，遮罩 + 噪声,2,2,mask+noise,nidegam agiwizo imiso gazila abogib tape itefozi lutamus muson irutego vazur olewumi etipuw rupive kowoz paruges esati adozo elal rivu igovane edonege miga ugebaze olef z,5,5,5,,4,11002,2026-07-08T01:31:01.833Z,2026-07-08T01:31:12.835Z,"{""anti_ocr"": {""profile"": ""off""}, ""completeness_ok"": true, ""counts"": [103502, 103498], ""cycle_hz"": 119.04761904770155, ""cycles"": 1, ""dropped_frame_rate"": 0.0022667170381564035, ""dropped_frames"": 6, ""epsilonPixels"": 8, ""frame_count"": 2, ""gamma"": 2.2, ""height"": 230, ""insert_inversion"": false, ""inversion_alpha"": null, ""inversion_flicker_warn"": false, ""long_frame_intervals"": 1, ""max_frame_interval_ms"": 29.199999999953434, ""mean_frame_interval_ms"": 4.17614539946988, ""mode"": ""temporal"", ""n"": 2, ""noise_residual"": 0, ""observed_effective_cycle_hz"": 119.72763210387023, ""observed_full_cycle_hz"": 119.72763210387023, ""observed_refresh_hz"": 239.45526420774047, ""per_cycle_slots"": 2, ""permutation"": [1, 0], ""refresh_hz"": 238.0952380954031, ""rendered_frames"": 2642, ""safe_flicker_hz"": 50, ""timing_intervals"": 2641, ""width"": 900}"
P002,7,control_anchor,未遮罩原文（量表锚点）,1,1,none,goze idota abafen tomepos olimeg aregil epadem vasisab sewuboz rurofu vaguw bepuror pago egata mupopo likele udomu obuzaba urunimi simufiv izus omuzobi pugepi mifiva anop,5,5,5,,5,10871,2026-07-08T01:31:12.837Z,2026-07-08T01:31:23.707Z,"{""anti_ocr"": {""profile"": ""off""}, ""cycle_hz"": 238.0952380954031, ""cycles"": 1, ""dropped_frame_rate"": 0, ""dropped_frames"": 0, ""frame_count"": 1, ""height"": 230, ""insert_inversion"": false, ""long_frame_intervals"": 0, ""max_frame_interval_ms"": 4.300000000046566, ""mean_frame_interval_ms"": 4.166615561517827, ""mode"": ""source_control"", ""n"": 1, ""observed_effective_cycle_hz"": 240.00294369267826, ""observed_full_cycle_hz"": 240.00294369267826, ""observed_refresh_hz"": 240.00294369267826, ""per_cycle_slots"": 1, ""refresh_hz"": 238.0952380954031, ""rendered_frames"": 2610, ""safe_flicker_hz"": 50, ""timing_intervals"": 2609, ""width"": 900}"
P003,8,n4_mask_noise,层数 4，遮罩 + 噪声,4,4,mask+noise,mufuku opusumo evaten pitud uvanena pinovo kafode efasuzo wuwir ewunin umufol asipup riti fafase unomi lopi esazif vole ganiko ekudi vewuz posa ulerov tokako kofawut kesu,5,2,4,,0,15193,2026-07-08T01:35:56.250Z,2026-07-08T01:36:11.443Z,"{""anti_ocr"": {""profile"": ""off""}, ""completeness_ok"": true, ""counts"": [51412, 51895, 51847, 51846], ""cycle_hz"": 59.523809523799216, ""cycles"": 1, ""dropped_frame_rate"": 0.00545404963185165, ""dropped_frames"": 20, ""epsilonPixels"": 8, ""frame_count"": 4, ""gamma"": 4.4, ""height"": 230, ""insert_inversion"": false, ""inversion_alpha"": null, ""inversion_flicker_warn"": false, ""long_frame_intervals"": 1, ""max_frame_interval_ms"": 87.60000000000582, ""mean_frame_interval_ms"": 4.18949821771319, ""mode"": ""temporal"", ""n"": 4, ""noise_residual"": 0, ""observed_effective_cycle_hz"": 59.67301738976771, ""observed_full_cycle_hz"": 59.67301738976771, ""observed_refresh_hz"": 238.69206955907083, ""per_cycle_slots"": 4, ""permutation"": [1, 0, 2, 3], ""refresh_hz"": 238.09523809519686, ""rendered_frames"": 3648, ""safe_flicker_hz"": 50, ""timing_intervals"": 3647, ""width"": 900}"
P003,8,n4_mask_only,层数 4，仅遮罩,4,4,mask-only,inefi vegovoz surekel esogu sivi farof enisa gobofu nebet ikegus oked tepikem piva gipal wakarap wagetuv tamel gidef olima ipuwu eledoga kobaz lunek pimipo numo rave lade,5,4,4,,1,28047,2026-07-08T01:36:11.468Z,2026-07-08T01:36:39.515Z,"{""anti_ocr"": {""profile"": ""off""}, ""completeness_ok"": true, ""counts"": [51827, 51515, 51855, 51803], ""cycle_hz"": 59.523809523799216, ""cycles"": 1, ""dropped_frame_rate"": 0.0005938242280285036, ""dropped_frames"": 4, ""epsilonPixels"": 8, ""frame_count"": 4, ""gamma"": 4.4, ""height"": 230, ""insert_inversion"": false, ""inversion_alpha"": null, ""inversion_flicker_warn"": false, ""long_frame_intervals"": 1, ""max_frame_interval_ms"": 20.79999999998836, ""mean_frame_interval_ms"": 4.169117647058823, ""mode"": ""temporal"", ""n"": 4, ""noise_residual"": 0, ""observed_effective_cycle_hz"": 59.9647266313933, ""observed_full_cycle_hz"": 59.9647266313933, ""observed_refresh_hz"": 239.8589065255732, ""per_cycle_slots"": 4, ""permutation"": [1, 3, 0, 2], ""refresh_hz"": 238.09523809519686, ""rendered_frames"": 6733, ""safe_flicker_hz"": 50, ""timing_intervals"": 6732, ""width"": 900}"
P003,8,n3_mask_noise,层数 3，遮罩 + 噪声,3,3,mask+noise,pebuv zodalud amobiw efumew buro likit erakaza dome obinizo vigoses tobo oniw tiwenut igikur aboda ikop onibudo nede zuviso duvep imet isurim korobif wuteva wegiko urop p,5,5,5,,2,14387,2026-07-08T01:36:39.576Z,2026-07-08T01:36:53.963Z,"{""anti_ocr"": {""profile"": ""off""}, ""completeness_ok"": true, ""counts"": [69058, 69162, 68780], ""cycle_hz"": 79.36507936506563, ""cycles"": 1, ""dropped_frame_rate"": 0.0037496394577444477, ""dropped_frames"": 13, ""epsilonPixels"": 8, ""frame_count"": 3, ""gamma"": 3.3000000000000003, ""height"": 230, ""insert_inversion"": false, ""inversion_alpha"": null, ""inversion_flicker_warn"": false, ""long_frame_intervals"": 1, ""max_frame_interval_ms"": 58.40000000002328, ""mean_frame_interval_ms"": 4.182310364794445, ""mode"": ""temporal"", ""n"": 3, ""noise_residual"": 0, ""observed_effective_cycle_hz"": 79.70076447201122, ""observed_full_cycle_hz"": 79.70076447201122, ""observed_refresh_hz"": 239.10229341603363, ""per_cycle_slots"": 3, ""permutation"": [0, 1, 2], ""refresh_hz"": 238.09523809519686, ""rendered_frames"": 3455, ""safe_flicker_hz"": 50, ""timing_intervals"": 3454, ""width"": 900}"
P003,8,deployed_full,实际部署完整配置,4,4,mask+noise+anti-ocr+inversion,itepog ogata debetun ukinep enisozo ulemote divel rerini ozus ozigak nipoz kulut tolitu guvan povizur nudu isesek avow adolam ukoge ozebisu emovebi uwusage balak roba tos,5,3,4,,3,15009,2026-07-08T01:36:54.346Z,2026-07-08T01:37:09.355Z,"{""anti_ocr"": {""glyph_alpha"": 0.12, ""profile"": ""strong"", ""salient_pixels"": 25741, ""stripe_alpha"": 0.1, ""stripe_width"": 10}, ""completeness_ok"": true, ""counts"": [51966, 51840, 51609, 51585], ""cycle_hz"": 59.523809523799216, ""cycles"": 6, ""dropped_frame_rate"": 0.02437703141928494, ""dropped_frames"": 90, ""epsilonPixels"": 8, ""frame_count"": 30, ""gamma"": 4.4, ""height"": 230, ""insert_inversion"": true, ""inversion_alpha"": 0.2, ""inversion_flicker_warn"": true, ""long_frame_intervals"": 2, ""max_frame_interval_ms"": 379.20000000001164, ""mean_frame_interval_ms"": 4.271932259855636, ""mode"": ""temporal"", ""n"": 4, ""noise_residual"": 0, ""observed_effective_cycle_hz"": 58.52152721364744, ""observed_full_cycle_hz"": 46.81722177091795, ""observed_refresh_hz"": 234.08610885458975, ""per_cycle_slots"": 5, ""permutation"": [1, 2, 3, 0], ""refresh_hz"": 238.09523809519686, ""rendered_frames"": 3603, ""safe_flicker_hz"": 50, ""timing_intervals"": 3602, ""width"": 900}"
P003,8,n2_mask_noise,层数 2，遮罩 + 噪声,2,2,mask+noise,moramam lifugu okap olotide wigiva migomuz bokamog kuvu upavuw fezeko wiren eboru mifaf agupo faki ozero vosa tulape aboti odideku bureze sisut itazame dozep omilev uluro,5,5,5,,4,10370,2026-07-08T01:37:09.385Z,2026-07-08T01:37:19.755Z,"{""anti_ocr"": {""profile"": ""off""}, ""completeness_ok"": true, ""counts"": [103740, 103260], ""cycle_hz"": 119.04761904759843, ""cycles"": 1, ""dropped_frame_rate"": 0.002004008016032064, ""dropped_frames"": 5, ""epsilonPixels"": 8, ""frame_count"": 2, ""gamma"": 2.2, ""height"": 230, ""insert_inversion"": false, ""inversion_alpha"": null, ""inversion_flicker_warn"": false, ""long_frame_intervals"": 1, ""max_frame_interval_ms"": 25.099999999976717, ""mean_frame_interval_ms"": 4.17502008032128, ""mode"": ""temporal"", ""n"": 2, ""noise_residual"": 0, ""observed_effective_cycle_hz"": 119.7599030377654, ""observed_full_cycle_hz"": 119.7599030377654, ""observed_refresh_hz"": 239.5198060755308, ""per_cycle_slots"": 2, ""permutation"": [1, 0], ""refresh_hz"": 238.09523809519686, ""rendered_frames"": 2491, ""safe_flicker_hz"": 50, ""timing_intervals"": 2490, ""width"": 900}"
P003,8,control_anchor,未遮罩原文（量表锚点）,1,1,none,ezagufi efon fafopo obavuw uweketa aret fita apelo unata lesi besu umebep ruvinuv sozenan berib ukapu vira afakuro rawida dikeso ukatebu regalub rokeraf gakusiw amebip pe,5,5,5,,5,10582,2026-07-08T01:37:19.756Z,2026-07-08T01:37:30.339Z,"{""anti_ocr"": {""profile"": ""off""}, ""cycle_hz"": 238.09523809519686, ""cycles"": 1, ""dropped_frame_rate"": 0, ""dropped_frames"": 0, ""frame_count"": 1, ""height"": 230, ""insert_inversion"": false, ""long_frame_intervals"": 0, ""max_frame_interval_ms"": 4.400000000023283, ""mean_frame_interval_ms"": 4.166601024025207, ""mode"": ""source_control"", ""n"": 1, ""observed_effective_cycle_hz"": 240.00378107571603, ""observed_full_cycle_hz"": 240.00378107571603, ""observed_refresh_hz"": 240.00378107571603, ""per_cycle_slots"": 1, ""refresh_hz"": 238.09523809519686, ""rendered_frames"": 2540, ""safe_flicker_hz"": 50, ""timing_intervals"": 2539, ""width"": 900}"
P004,9,n4_mask_only,层数 4，仅遮罩,4,4,mask-only,efafog okozo rabap ofekiwu bida zodakug tabavan enukud bidat idan egewik upate ogiwi visate misu mame taber basa opum umilol odog inufa ezulole eguro lelake punulo efadoz,5,4,4,,0,12906,2026-07-08T01:41:59.593Z,2026-07-08T01:42:12.499Z,"{""anti_ocr"": {""profile"": ""off""}, ""completeness_ok"": true, ""counts"": [51856, 52027, 51729, 51388], ""cycle_hz"": 59.52380952385077, ""cycles"": 1, ""dropped_frame_rate"": 0.0038585209003215433, ""dropped_frames"": 12, ""epsilonPixels"": 8, ""frame_count"": 4, ""gamma"": 4.4, ""height"": 230, ""insert_inversion"": false, ""inversion_alpha"": null, ""inversion_flicker_warn"": false, ""long_frame_intervals"": 1, ""max_frame_interval_ms"": 54.19999999998254, ""mean_frame_interval_ms"": 4.182795351839893, ""mode"": ""temporal"", ""n"": 4, ""noise_residual"": 0, ""observed_effective_cycle_hz"": 59.76864249168492, ""observed_full_cycle_hz"": 59.76864249168492, ""observed_refresh_hz"": 239.0745699667397, ""per_cycle_slots"": 4, ""permutation"": [3, 2, 1, 0], ""refresh_hz"": 238.0952380954031, ""rendered_frames"": 3099, ""safe_flicker_hz"": 50, ""timing_intervals"": 3098, ""width"": 900}"
P004,9,deployed_full,实际部署完整配置,4,4,mask+noise+anti-ocr+inversion,dolig ataden lebop uzefif borov zeriv egan dili dasek ogilavi anofeke adezav mili adebo ipolop ubos opiwolu leziva depar wuzava okifog dosulag ofifi ovalumu uvot parugas,5,4,4,,1,10748,2026-07-08T01:42:12.855Z,2026-07-08T01:42:23.603Z,"{""anti_ocr"": {""glyph_alpha"": 0.12, ""profile"": ""strong"", ""salient_pixels"": 25730, ""stripe_alpha"": 0.1, ""stripe_width"": 10}, ""completeness_ok"": true, ""counts"": [51852, 51746, 51855, 51547], ""cycle_hz"": 59.52380952385077, ""cycles"": 6, ""dropped_frame_rate"": 0.031167855801727377, ""dropped_frames"": 83, ""epsilonPixels"": 8, ""frame_count"": 30, ""gamma"": 4.4, ""height"": 230, ""insert_inversion"": true, ""inversion_alpha"": 0.2, ""inversion_flicker_warn"": true, ""long_frame_intervals"": 1, ""max_frame_interval_ms"": 354.0999999999767, ""mean_frame_interval_ms"": 4.302286821705413, ""mode"": ""temporal"", ""n"": 4, ""noise_residual"": 0, ""observed_effective_cycle_hz"": 58.108631609293965, ""observed_full_cycle_hz"": 46.48690528743517, ""observed_refresh_hz"": 232.43452643717586, ""per_cycle_slots"": 5, ""permutation"": [0, 1, 2, 3], ""refresh_hz"": 238.0952380954031, ""rendered_frames"": 2581, ""safe_flicker_hz"": 50, ""timing_intervals"": 2580, ""width"": 900}"
P004,9,n4_mask_noise,层数 4，遮罩 + 噪声,4,4,mask+noise,ibedado favabup pilofun mogaro kemid sune iwage sesebe omete enoto rurise etute umuru ozodabe ebavuti rowid potuva gorobal ofav fatatos irizi wimaf ovop nazit enoposi nis,5,5,5,,2,11229,2026-07-08T01:42:23.646Z,2026-07-08T01:42:34.875Z,"{""anti_ocr"": {""profile"": ""off""}, ""completeness_ok"": true, ""counts"": [51901, 52004, 51707, 51388], ""cycle_hz"": 59.52380952385077, ""cycles"": 1, ""dropped_frame_rate"": 0.0033284023668639054, ""dropped_frames"": 9, ""epsilonPixels"": 8, ""frame_count"": 4, ""gamma"": 4.4, ""height"": 230, ""insert_inversion"": false, ""inversion_alpha"": null, ""inversion_flicker_warn"": false, ""long_frame_intervals"": 1, ""max_frame_interval_ms"": 41.600000000034925, ""mean_frame_interval_ms"": 4.1805194805194805, ""mode"": ""temporal"", ""n"": 4, ""noise_residual"": 0, ""observed_effective_cycle_hz"": 59.80118049083566, ""observed_full_cycle_hz"": 59.80118049083566, ""observed_refresh_hz"": 239.20472196334265, ""per_cycle_slots"": 4, ""permutation"": [1, 3, 2, 0], ""refresh_hz"": 238.0952380954031, ""rendered_frames"": 2696, ""safe_flicker_hz"": 50, ""timing_intervals"": 2695, ""width"": 900}"
P004,9,control_anchor,未遮罩原文（量表锚点）,1,1,none,igup zepebaf enem emir pedu arireru ited vazo sususav sopomow nupa oreka wofug dasuw isor agim ezuzit dari ovodela katot amemur efeda napusaz ugizu orose woropas wugufeg,5,4,5,,3,10575,2026-07-08T01:42:34.876Z,2026-07-08T01:42:45.451Z,"{""anti_ocr"": {""profile"": ""off""}, ""cycle_hz"": 238.0952380954031, ""cycles"": 1, ""dropped_frame_rate"": 0, ""dropped_frames"": 0, ""frame_count"": 1, ""height"": 230, ""insert_inversion"": false, ""long_frame_intervals"": 0, ""max_frame_interval_ms"": 4.600000000034925, ""mean_frame_interval_ms"": 4.166614111154912, ""mode"": ""source_control"", ""n"": 1, ""observed_effective_cycle_hz"": 240.00302723566057, ""observed_full_cycle_hz"": 240.00302723566057, ""observed_refresh_hz"": 240.00302723566057, ""per_cycle_slots"": 1, ""refresh_hz"": 238.0952380954031, ""rendered_frames"": 2538, ""safe_flicker_hz"": 50, ""timing_intervals"": 2537, ""width"": 900}"
P004,9,n3_mask_noise,层数 3，遮罩 + 噪声,3,3,mask+noise,aguso mugesu ewivut folazu akural zebulo zegura salem uzizi zelatip fewu ebeb osipu dolisa ezobe vorino ivaf fegopaz kiwov redipa ofasefa lefid umonopi fatezol ilama dewa,5,5,5,,4,10641,2026-07-08T01:42:45.514Z,2026-07-08T01:42:56.155Z,"{""anti_ocr"": {""profile"": ""off""}, ""completeness_ok"": true, ""counts"": [68739, 69175, 69086], ""cycle_hz"": 79.36507936513436, ""cycles"": 1, ""dropped_frame_rate"": 0.005451713395638629, ""dropped_frames"": 14, ""epsilonPixels"": 8, ""frame_count"": 3, ""gamma"": 3.3000000000000003, ""height"": 230, ""insert_inversion"": false, ""inversion_alpha"": null, ""inversion_flicker_warn"": false, ""long_frame_intervals"": 1, ""max_frame_interval_ms"": 62.5, ""mean_frame_interval_ms"": 4.1894675019577, ""mode"": ""temporal"", ""n"": 3, ""noise_residual"": 0, ""observed_effective_cycle_hz"": 79.56460652280265, ""observed_full_cycle_hz"": 79.56460652280265, ""observed_refresh_hz"": 238.69381956840795, ""per_cycle_slots"": 3, ""permutation"": [2, 0, 1], ""refresh_hz"": 238.0952380954031, ""rendered_frames"": 2555, ""safe_flicker_hz"": 50, ""timing_intervals"": 2554, ""width"": 900}"
P004,9,n2_mask_noise,层数 2，遮罩 + 噪声,2,2,mask+noise,binul azaru vibibe arifilu ebaba tilib uwuf kigunub ukikeno etireb foguvum wupe kodofa nufu wipu unamame onawir reku matup ekomu edazik evezuzu donadad etusiva aputir iro,5,4,5,,5,11073,2026-07-08T01:42:56.241Z,2026-07-08T01:43:07.315Z,"{""anti_ocr"": {""profile"": ""off""}, ""completeness_ok"": true, ""counts"": [103925, 103075], ""cycle_hz"": 119.04761904770155, ""cycles"": 1, ""dropped_frame_rate"": 0.0074682598954443615, ""dropped_frames"": 20, ""epsilonPixels"": 8, ""frame_count"": 2, ""gamma"": 2.2, ""height"": 230, ""insert_inversion"": false, ""inversion_alpha"": null, ""inversion_flicker_warn"": false, ""long_frame_intervals"": 1, ""max_frame_interval_ms"": 87.5, ""mean_frame_interval_ms"": 4.198006019563577, ""mode"": ""temporal"", ""n"": 2, ""noise_residual"": 0, ""observed_effective_cycle_hz"": 119.10416461288919, ""observed_full_cycle_hz"": 119.10416461288919, ""observed_refresh_hz"": 238.20832922577839, ""per_cycle_slots"": 2, ""permutation"": [0, 1], ""refresh_hz"": 238.0952380954031, ""rendered_frames"": 2659, ""safe_flicker_hz"": 50, ""timing_intervals"": 2658, ""width"": 900}"
P005,10,n4_mask_only,层数 4，仅遮罩,4,4,mask-only,igego ilis amenene ifow zomofas iluv zuwap gepufov uwikiv ekow enaku rupaz rafum mate unif keve zanimil sezegi nekemi otiwel asulugu telon upikel pokawed atawi idawuzi ro,4,5,4,,0,18961,2026-07-08T01:51:18.506Z,2026-07-08T01:51:37.467Z,"{""anti_ocr"": {""profile"": ""off""}, ""completeness_ok"": true, ""counts"": [51694, 51709, 51916, 51681], ""cycle_hz"": 59.52380952446948, ""cycles"": 1, ""dropped_frame_rate"": 0.0026298487836949377, ""dropped_frames"": 12, ""epsilonPixels"": 8, ""frame_count"": 4, ""gamma"": 4.4, ""height"": 230, ""insert_inversion"": false, ""inversion_alpha"": null, ""inversion_flicker_warn"": false, ""long_frame_intervals"": 1, ""max_frame_interval_ms"": 54.100000000034925, ""mean_frame_interval_ms"": 4.1776093166337045, ""mode"": ""temporal"", ""n"": 4, ""noise_residual"": 0, ""observed_effective_cycle_hz"": 59.84283858344338, ""observed_full_cycle_hz"": 59.84283858344338, ""observed_refresh_hz"": 239.37135433377352, ""per_cycle_slots"": 4, ""permutation"": [2, 1, 3, 0], ""refresh_hz"": 238.0952380978779, ""rendered_frames"": 4552, ""safe_flicker_hz"": 50, ""timing_intervals"": 4551, ""width"": 900}"
P005,10,deployed_full,实际部署完整配置,4,4,mask+noise+anti-ocr+inversion,ginab ekatibu ebome lona ubefif azaw wowi aropok etom avoso defoti owowetu ulevi kakodat megiz etekep itele nirut asiwoge ofitob sumo utumazi lezuv ipuz epositi opoko owe,4,2,3,,1,16646,2026-07-08T01:51:37.821Z,2026-07-08T01:51:54.467Z,"{""anti_ocr"": {""glyph_alpha"": 0.12, ""profile"": ""strong"", ""salient_pixels"": 25526, ""stripe_alpha"": 0.1, ""stripe_width"": 10}, ""completeness_ok"": true, ""counts"": [51868, 51871, 51527, 51734], ""cycle_hz"": 59.52380952446948, ""cycles"": 6, ""dropped_frame_rate"": 0.020353114271701816, ""dropped_frames"": 83, ""epsilonPixels"": 8, ""frame_count"": 30, ""gamma"": 4.4, ""height"": 230, ""insert_inversion"": true, ""inversion_alpha"": 0.2, ""inversion_flicker_warn"": true, ""long_frame_intervals"": 1, ""max_frame_interval_ms"": 354.20000000001164, ""mean_frame_interval_ms"": 4.254267834793489, ""mode"": ""temporal"", ""n"": 4, ""noise_residual"": 0, ""observed_effective_cycle_hz"": 58.76451829275472, ""observed_full_cycle_hz"": 47.01161463420378, ""observed_refresh_hz"": 235.0580731710189, ""per_cycle_slots"": 5, ""permutation"": [2, 0, 3, 1], ""refresh_hz"": 238.0952380978779, ""rendered_frames"": 3996, ""safe_flicker_hz"": 50, ""timing_intervals"": 3995, ""width"": 900}"
P005,10,n4_mask_noise,层数 4，遮罩 + 噪声,4,4,mask+noise,aguw navune odop atuz naposo ugisa sobewa okatom odesizu nawu rose ozozofo ivide ovopob nibov pupo elar iwopenu olanisu kagu zeganu ivim ogak begibip mawo vevi awala olav,4,5,3,,2,15393,2026-07-08T01:51:54.522Z,2026-07-08T01:52:09.915Z,"{""anti_ocr"": {""profile"": ""off""}, ""completeness_ok"": true, ""counts"": [51826, 51650, 51984, 51540], ""cycle_hz"": 59.52380952446948, ""cycles"": 1, ""dropped_frame_rate"": 0.0032371189641219314, ""dropped_frames"": 12, ""epsilonPixels"": 8, ""frame_count"": 4, ""gamma"": 4.4, ""height"": 230, ""insert_inversion"": false, ""inversion_alpha"": null, ""inversion_flicker_warn"": false, ""long_frame_intervals"": 1, ""max_frame_interval_ms"": 54.20000000001164, ""mean_frame_interval_ms"": 4.180162381596771, ""mode"": ""temporal"", ""n"": 4, ""noise_residual"": 0, ""observed_effective_cycle_hz"": 59.80628912901298, ""observed_full_cycle_hz"": 59.80628912901298, ""observed_refresh_hz"": 239.22515651605192, ""per_cycle_slots"": 4, ""permutation"": [3, 1, 2, 0], ""refresh_hz"": 238.0952380978779, ""rendered_frames"": 3696, ""safe_flicker_hz"": 50, ""timing_intervals"": 3695, ""width"": 900}"
P005,10,control_anchor,未遮罩原文（量表锚点）,1,1,none,sunoge nugavu osar votokug pawab dupulen uroz sozib edovi kawetow bopug lave veze amepo itat irupew avupu aseb ezavo etof dutelu lado igokaza ubuz inigis owona itaki ugis,5,5,5,,3,10599,2026-07-08T01:52:09.916Z,2026-07-08T01:52:20.515Z,"{""anti_ocr"": {""profile"": ""off""}, ""cycle_hz"": 238.0952380978779, ""cycles"": 1, ""dropped_frame_rate"": 0, ""dropped_frames"": 0, ""frame_count"": 1, ""height"": 230, ""insert_inversion"": false, ""long_frame_intervals"": 0, ""max_frame_interval_ms"": 4.5, ""mean_frame_interval_ms"": 4.16661423515531, ""mode"": ""source_control"", ""n"": 1, ""observed_effective_cycle_hz"": 240.00302009305764, ""observed_full_cycle_hz"": 240.00302009305764, ""observed_refresh_hz"": 240.00302009305764, ""per_cycle_slots"": 1, ""refresh_hz"": 238.0952380978779, ""rendered_frames"": 2544, ""safe_flicker_hz"": 50, ""timing_intervals"": 2543, ""width"": 900}"
P005,10,n3_mask_noise,层数 3，遮罩 + 噪声,3,3,mask+noise,dune pibi atabopu arumu omagat winawe sazab uvigi ikuwo ogun arewiz okif efedab ipeso eluten wutidog pukog manatow vasa kevebu onose vimud ufagol mowoza birume karumur ug,3,5,3,,4,16148,2026-07-08T01:52:20.607Z,2026-07-08T01:52:36.755Z,"{""anti_ocr"": {""profile"": ""off""}, ""completeness_ok"": true, ""counts"": [69217, 68997, 68786], ""cycle_hz"": 79.3650793659593, ""cycles"": 1, ""dropped_frame_rate"": 0.005388760585065435, ""dropped_frames"": 21, ""epsilonPixels"": 8, ""frame_count"": 3, ""gamma"": 3.3000000000000003, ""height"": 230, ""insert_inversion"": false, ""inversion_alpha"": null, ""inversion_flicker_warn"": false, ""long_frame_intervals"": 1, ""max_frame_interval_ms"": 91.59999999997672, ""mean_frame_interval_ms"": 4.18918988648089, ""mode"": ""temporal"", ""n"": 3, ""noise_residual"": 0, ""observed_effective_cycle_hz"": 79.56987922868984, ""observed_full_cycle_hz"": 79.56987922868984, ""observed_refresh_hz"": 238.70963768606953, ""per_cycle_slots"": 3, ""permutation"": [0, 2, 1], ""refresh_hz"": 238.0952380978779, ""rendered_frames"": 3877, ""safe_flicker_hz"": 50, ""timing_intervals"": 3876, ""width"": 900}"
P005,10,n2_mask_noise,层数 2，遮罩 + 噪声,2,2,mask+noise,ugeda noberu firiga owob nipul agufe vavu rikufos farin egol oguv egis lepab azipeg kipewa revumag gizawoz sidegod ukakav osavovu bobe odosoli agimuze zugabum wisalo bifu,4,5,3,,5,11328,2026-07-08T01:52:36.803Z,2026-07-08T01:52:48.131Z,"{""anti_ocr"": {""profile"": ""off""}, ""completeness_ok"": true, ""counts"": [103339, 103661], ""cycle_hz"": 119.04761904893896, ""cycles"": 1, ""dropped_frame_rate"": 0.003664345914254306, ""dropped_frames"": 10, ""epsilonPixels"": 8, ""frame_count"": 2, ""gamma"": 2.2, ""height"": 230, ""insert_inversion"": false, ""inversion_alpha"": null, ""inversion_flicker_warn"": false, ""long_frame_intervals"": 1, ""max_frame_interval_ms"": 45.90000000002328, ""mean_frame_interval_ms"": 4.181941890400865, ""mode"": ""temporal"", ""n"": 2, ""noise_residual"": 0, ""observed_effective_cycle_hz"": 119.56168045942692, ""observed_full_cycle_hz"": 119.56168045942692, ""observed_refresh_hz"": 239.12336091885385, ""per_cycle_slots"": 2, ""permutation"": [1, 0], ""refresh_hz"": 238.0952380978779, ""rendered_frames"": 2720, ""safe_flicker_hz"": 50, ""timing_intervals"": 2719, ""width"": 900}"
P006,11,deployed_full,实际部署完整配置,4,4,mask+noise+anti-ocr+inversion,erowil emareb inido ezof vubemar inina wosi onal bazuge kofazo zose idom utavi bizak sumoz ozeb pesedo kupe fimur zaruvu ikite konenap bevar veda kina rudukog ofofow ugiv,5,3,5,,0,16203,2026-07-08T02:02:16.152Z,2026-07-08T02:02:32.355Z,"{""anti_ocr"": {""glyph_alpha"": 0.12, ""profile"": ""strong"", ""salient_pixels"": 25198, ""stripe_alpha"": 0.1, ""stripe_width"": 10}, ""completeness_ok"": true, ""counts"": [51583, 51570, 52014, 51833], ""cycle_hz"": 59.52380952446948, ""cycles"": 6, ""dropped_frame_rate"": 0.023606228026117528, ""dropped_frames"": 94, ""epsilonPixels"": 8, ""frame_count"": 30, ""gamma"": 4.4, ""height"": 230, ""insert_inversion"": true, ""inversion_alpha"": 0.2, ""inversion_flicker_warn"": true, ""long_frame_intervals"": 2, ""max_frame_interval_ms"": 395.89999999990687, ""mean_frame_interval_ms"": 4.268441358024679, ""mode"": ""temporal"", ""n"": 4, ""noise_residual"": 0, ""observed_effective_cycle_hz"": 58.569388456046006, ""observed_full_cycle_hz"": 46.85551076483681, ""observed_refresh_hz"": 234.27755382418403, ""per_cycle_slots"": 5, ""permutation"": [3, 1, 2, 0], ""refresh_hz"": 238.0952380978779, ""rendered_frames"": 3889, ""safe_flicker_hz"": 50, ""timing_intervals"": 3888, ""width"": 900}"
P006,11,control_anchor,未遮罩原文（量表锚点）,1,1,none,toninin nogosir fitiw wanidu wadip zomopi lumu omipugi fozose uvisil venidav tono dubaron kuzi vefefov igib ofafun zuved isakuso abepaw atiwa wovego pikugal zopifis utaka,5,5,5,,1,10543,2026-07-08T02:02:32.356Z,2026-07-08T02:02:42.898Z,"{""anti_ocr"": {""profile"": ""off""}, ""cycle_hz"": 238.0952380978779, ""cycles"": 1, ""dropped_frame_rate"": 0, ""dropped_frames"": 0, ""frame_count"": 1, ""height"": 230, ""insert_inversion"": false, ""long_frame_intervals"": 0, ""max_frame_interval_ms"": 4.300000000046566, ""mean_frame_interval_ms"": 4.166627125345996, ""mode"": ""source_control"", ""n"": 1, ""observed_effective_cycle_hz"": 240.00227760168488, ""observed_full_cycle_hz"": 240.00227760168488, ""observed_refresh_hz"": 240.00227760168488, ""per_cycle_slots"": 1, ""refresh_hz"": 238.0952380978779, ""rendered_frames"": 2530, ""safe_flicker_hz"": 50, ""timing_intervals"": 2529, ""width"": 900}"
P006,11,n4_mask_only,层数 4，仅遮罩,4,4,mask-only,bumumu atabedu vubazu ofek erekube ewiwi iwezak omum ebegora zeze nebozav kolapu uwir kusagu zinu ibavu otuvo iziluw wusopo uwitamo ovelet umopusi upupim ivupi tinupun go,5,5,4,,2,12302,2026-07-08T02:02:42.924Z,2026-07-08T02:02:55.227Z,"{""anti_ocr"": {""profile"": ""off""}, ""completeness_ok"": true, ""counts"": [51702, 51872, 51592, 51834], ""cycle_hz"": 59.52380952446948, ""cycles"": 1, ""dropped_frame_rate"": 0.0016903313049357674, ""dropped_frames"": 5, ""epsilonPixels"": 8, ""frame_count"": 4, ""gamma"": 4.4, ""height"": 230, ""insert_inversion"": false, ""inversion_alpha"": null, ""inversion_flicker_warn"": false, ""long_frame_intervals"": 1, ""max_frame_interval_ms"": 25.100000000093132, ""mean_frame_interval_ms"": 4.17368777514393, ""mode"": ""temporal"", ""n"": 4, ""noise_residual"": 0, ""observed_effective_cycle_hz"": 59.8990661181834, ""observed_full_cycle_hz"": 59.8990661181834, ""observed_refresh_hz"": 239.5962644727336, ""per_cycle_slots"": 4, ""permutation"": [3, 2, 0, 1], ""refresh_hz"": 238.0952380978779, ""rendered_frames"": 2954, ""safe_flicker_hz"": 50, ""timing_intervals"": 2953, ""width"": 900}"
P006,11,n2_mask_noise,层数 2，遮罩 + 噪声,2,2,mask+noise,etezav erikev udobud kipum ekeg etiz goge biwiro obezake kuleru elab ekawem garupu ekogi bovugum felut kakal iwun opaneka lowe iwedet awaw omato rubob gisove idiwa egebu,5,5,5,,3,10957,2026-07-08T02:02:55.302Z,2026-07-08T02:03:06.258Z,"{""anti_ocr"": {""profile"": ""off""}, ""completeness_ok"": true, ""counts"": [103358, 103642], ""cycle_hz"": 119.04761904893896, ""cycles"": 1, ""dropped_frame_rate"": 0.006422364941443143, ""dropped_frames"": 17, ""epsilonPixels"": 8, ""frame_count"": 2, ""gamma"": 2.2, ""height"": 230, ""insert_inversion"": false, ""inversion_alpha"": null, ""inversion_flicker_warn"": false, ""long_frame_intervals"": 1, ""max_frame_interval_ms"": 74.90000000002328, ""mean_frame_interval_ms"": 4.193536121673004, ""mode"": ""temporal"", ""n"": 2, ""noise_residual"": 0, ""observed_effective_cycle_hz"": 119.23111796173723, ""observed_full_cycle_hz"": 119.23111796173723, ""observed_refresh_hz"": 238.46223592347445, ""per_cycle_slots"": 2, ""permutation"": [0, 1], ""refresh_hz"": 238.0952380978779, ""rendered_frames"": 2631, ""safe_flicker_hz"": 50, ""timing_intervals"": 2630, ""width"": 900}"
P006,11,n4_mask_noise,层数 4，遮罩 + 噪声,4,4,mask+noise,idula lina itibudu edewuwu basuw ubuvow sopov milupi nebafo tiwaru ipisum uwemu uvefave lasul iduse akiku odub ikega upav uzenaku apefunu lipo sewa dezi isekago tapiso ud,5,5,5,,4,10471,2026-07-08T02:03:06.315Z,2026-07-08T02:03:16.787Z,"{""anti_ocr"": {""profile"": ""off""}, ""completeness_ok"": true, ""counts"": [51568, 51631, 51749, 52052], ""cycle_hz"": 59.52380952446948, ""cycles"": 1, ""dropped_frame_rate"": 0.004750593824228029, ""dropped_frames"": 12, ""epsilonPixels"": 8, ""frame_count"": 4, ""gamma"": 4.4, ""height"": 230, ""insert_inversion"": false, ""inversion_alpha"": null, ""inversion_flicker_warn"": false, ""long_frame_intervals"": 1, ""max_frame_interval_ms"": 54.09999999997672, ""mean_frame_interval_ms"": 4.186475735879096, ""mode"": ""temporal"", ""n"": 4, ""noise_residual"": 0, ""observed_effective_cycle_hz"": 59.71609911827276, ""observed_full_cycle_hz"": 59.71609911827276, ""observed_refresh_hz"": 238.86439647309103, ""per_cycle_slots"": 4, ""permutation"": [3, 2, 1, 0], ""refresh_hz"": 238.0952380978779, ""rendered_frames"": 2515, ""safe_flicker_hz"": 50, ""timing_intervals"": 2514, ""width"": 900}"
P006,11,n3_mask_noise,层数 3，遮罩 + 噪声,3,3,mask+noise,evunim tapifab dezor anogamo vegoma izelol tibu ewewi urilosu zunel arat atibub tuwap ununolo unadek nunesa sezude udema pelimup ugukoro omewu ruzo apod odinevi wivikuf v,5,5,5,,5,13255,2026-07-08T02:03:16.900Z,2026-07-08T02:03:30.155Z,"{""anti_ocr"": {""profile"": ""off""}, ""completeness_ok"": true, ""counts"": [68749, 69319, 68932], ""cycle_hz"": 79.3650793659593, ""cycles"": 1, ""dropped_frame_rate"": 0.0077954474586841285, ""dropped_frames"": 25, ""epsilonPixels"": 8, ""frame_count"": 3, ""gamma"": 3.3000000000000003, ""height"": 230, ""insert_inversion"": false, ""inversion_alpha"": null, ""inversion_flicker_warn"": false, ""long_frame_intervals"": 1, ""max_frame_interval_ms"": 108.30000000004657, ""mean_frame_interval_ms"": 4.199340037712146, ""mode"": ""temporal"", ""n"": 3, ""noise_residual"": 0, ""observed_effective_cycle_hz"": 79.37755226769814, ""observed_full_cycle_hz"": 79.37755226769814, ""observed_refresh_hz"": 238.13265680309442, ""per_cycle_slots"": 3, ""permutation"": [1, 2, 0], ""refresh_hz"": 238.0952380978779, ""rendered_frames"": 3183, ""safe_flicker_hz"": 50, ""timing_intervals"": 3182, ""width"": 900}"
P007,12,deployed_full,实际部署完整配置,4,4,mask+noise+anti-ocr+inversion,onadut itikuwu epir wonene kilozi uneweve apem usip nawisub posop ufutuz okukavu ivanopa iwade zifibu novega avivofe eret kenobum vowazur losa ofirida unap osop nedo kewo,4,4,4,,0,33343,2026-07-08T02:17:01.188Z,2026-07-08T02:17:34.530Z,"{""anti_ocr"": {""glyph_alpha"": 0.12, ""profile"": ""strong"", ""salient_pixels"": 25518, ""stripe_alpha"": 0.1, ""stripe_width"": 10}, ""completeness_ok"": true, ""counts"": [51649, 51868, 51557, 51926], ""cycle_hz"": 59.52380952385077, ""cycles"": 6, ""dropped_frame_rate"": 0.011488573193329216, ""dropped_frames"": 93, ""epsilonPixels"": 8, ""frame_count"": 30, ""gamma"": 4.4, ""height"": 230, ""insert_inversion"": true, ""inversion_alpha"": 0.2, ""inversion_flicker_warn"": true, ""long_frame_intervals"": 2, ""max_frame_interval_ms"": 391.6000000000058, ""mean_frame_interval_ms"": 4.215571107223198, ""mode"": ""temporal"", ""n"": 4, ""noise_residual"": 0, ""observed_effective_cycle_hz"": 59.3039456911629, ""observed_full_cycle_hz"": 47.44315655293032, ""observed_refresh_hz"": 237.2157827646516, ""per_cycle_slots"": 5, ""permutation"": [3, 0, 1, 2], ""refresh_hz"": 238.0952380954031, ""rendered_frames"": 8003, ""safe_flicker_hz"": 50, ""timing_intervals"": 8002, ""width"": 900}"
P007,12,control_anchor,未遮罩原文（量表锚点）,1,1,none,detadul zapiwu ukigig uzeg zezukar rumiz luvum tigo ukigip pirez tapezo olunom sevafa awuvadi inop ferabem ogoda kidu niluvur niwofen atowa doto irebena ufipono wikiru fa,5,5,5,,1,10983,2026-07-08T02:17:34.532Z,2026-07-08T02:17:45.514Z,"{""anti_ocr"": {""profile"": ""off""}, ""cycle_hz"": 238.0952380954031, ""cycles"": 1, ""dropped_frame_rate"": 0, ""dropped_frames"": 0, ""frame_count"": 1, ""height"": 230, ""insert_inversion"": false, ""long_frame_intervals"": 0, ""max_frame_interval_ms"": 4.5, ""mean_frame_interval_ms"": 4.166603415559773, ""mode"": ""source_control"", ""n"": 1, ""observed_effective_cycle_hz"": 240.00364331906366, ""observed_full_cycle_hz"": 240.00364331906366, ""observed_refresh_hz"": 240.00364331906366, ""per_cycle_slots"": 1, ""refresh_hz"": 238.0952380954031, ""rendered_frames"": 2636, ""safe_flicker_hz"": 50, ""timing_intervals"": 2635, ""width"": 900}"
P007,12,n4_mask_only,层数 4，仅遮罩,4,4,mask-only,ukodas obiru ruvubi asuwege esoke onug abovun dadip akifati uwudopi mepe zamov uniret gabu pezapav umalam budefa wururik osomoz ovosubu gufad wogu feda pemor akop ozuzeg,3,5,4,,2,19430,2026-07-08T02:17:45.540Z,2026-07-08T02:18:04.970Z,"{""anti_ocr"": {""profile"": ""off""}, ""completeness_ok"": true, ""counts"": [51675, 51733, 51952, 51640], ""cycle_hz"": 59.52380952385077, ""cycles"": 1, ""dropped_frame_rate"": 0.0010711225364181663, ""dropped_frames"": 5, ""epsilonPixels"": 8, ""frame_count"": 4, ""gamma"": 4.4, ""height"": 230, ""insert_inversion"": false, ""inversion_alpha"": null, ""inversion_flicker_warn"": false, ""long_frame_intervals"": 1, ""max_frame_interval_ms"": 25, ""mean_frame_interval_ms"": 4.171091571949386, ""mode"": ""temporal"", ""n"": 4, ""noise_residual"": 0, ""observed_effective_cycle_hz"": 59.936348959886516, ""observed_full_cycle_hz"": 59.936348959886516, ""observed_refresh_hz"": 239.74539583954606, ""per_cycle_slots"": 4, ""permutation"": [3, 0, 1, 2], ""refresh_hz"": 238.0952380954031, ""rendered_frames"": 4664, ""safe_flicker_hz"": 50, ""timing_intervals"": 4663, ""width"": 900}"
P007,12,n2_mask_noise,层数 2，遮罩 + 噪声,2,2,mask+noise,amini asumavi wezerer udunuva ivufes ewotu opetaku zekikew zisima onivel varibu ezaw ugosala ataru anar wenu asudi bamenet zuribem besufol ovuvi vazeki avutaf ubav omavif,4,5,4,,3,12471,2026-07-08T02:18:05.044Z,2026-07-08T02:18:17.514Z,"{""anti_ocr"": {""profile"": ""off""}, ""completeness_ok"": true, ""counts"": [103415, 103585], ""cycle_hz"": 119.04761904770155, ""cycles"": 1, ""dropped_frame_rate"": 0.005647840531561462, ""dropped_frames"": 17, ""epsilonPixels"": 8, ""frame_count"": 2, ""gamma"": 2.2, ""height"": 230, ""insert_inversion"": false, ""inversion_alpha"": null, ""inversion_flicker_warn"": false, ""long_frame_intervals"": 1, ""max_frame_interval_ms"": 74.89999999996508, ""mean_frame_interval_ms"": 4.190277313732041, ""mode"": ""temporal"", ""n"": 2, ""noise_residual"": 0, ""observed_effective_cycle_hz"": 119.32384483514731, ""observed_full_cycle_hz"": 119.32384483514731, ""observed_refresh_hz"": 238.64768967029462, ""per_cycle_slots"": 2, ""permutation"": [0, 1], ""refresh_hz"": 238.0952380954031, ""rendered_frames"": 2994, ""safe_flicker_hz"": 50, ""timing_intervals"": 2993, ""width"": 900}"
P007,12,n4_mask_noise,层数 4，遮罩 + 噪声,4,4,mask+noise,wefurun mezuduz usaw abes sasi oleg watotum opiki bopovo owuzif azolu girud rawe maziwi ivugavu pagevo akirike datav kodaviw uvifawo etizud evamen piwit ubiker ifiwik vat,3,5,3,,4,14311,2026-07-08T02:18:17.571Z,2026-07-08T02:18:31.882Z,"{""anti_ocr"": {""profile"": ""off""}, ""completeness_ok"": true, ""counts"": [51335, 51806, 52236, 51623], ""cycle_hz"": 59.52380952385077, ""cycles"": 1, ""dropped_frame_rate"": 0.0034812880765883376, ""dropped_frames"": 12, ""epsilonPixels"": 8, ""frame_count"": 4, ""gamma"": 4.4, ""height"": 230, ""insert_inversion"": false, ""inversion_alpha"": null, ""inversion_flicker_warn"": false, ""long_frame_intervals"": 1, ""max_frame_interval_ms"": 54.100000000034925, ""mean_frame_interval_ms"": 4.1811644832605666, ""mode"": ""temporal"", ""n"": 4, ""noise_residual"": 0, ""observed_effective_cycle_hz"": 59.791955327489134, ""observed_full_cycle_hz"": 59.791955327489134, ""observed_refresh_hz"": 239.16782130995654, ""per_cycle_slots"": 4, ""permutation"": [0, 1, 2, 3], ""refresh_hz"": 238.0952380954031, ""rendered_frames"": 3436, ""safe_flicker_hz"": 50, ""timing_intervals"": 3435, ""width"": 900}"
P007,12,n3_mask_noise,层数 3，遮罩 + 噪声,3,3,mask+noise,kekudo motuza gufig ziriku ogonemo owur rovu vodoko uvosu ofop uwami epudes opef iwuruz avovibu zipad omume okisuv bazep wame idada ugeraw sured edaz edif fesewuk inada e,3,5,3,,5,12705,2026-07-08T02:18:31.993Z,2026-07-08T02:18:44.698Z,"{""anti_ocr"": {""profile"": ""off""}, ""completeness_ok"": true, ""counts"": [69216, 68973, 68811], ""cycle_hz"": 79.36507936513436, ""cycles"": 1, ""dropped_frame_rate"": 0.008130081300813009, ""dropped_frames"": 25, ""epsilonPixels"": 8, ""frame_count"": 3, ""gamma"": 3.3000000000000003, ""height"": 230, ""insert_inversion"": false, ""inversion_alpha"": null, ""inversion_flicker_warn"": false, ""long_frame_intervals"": 1, ""max_frame_interval_ms"": 108.5, ""mean_frame_interval_ms"": 4.200819672131147, ""mode"": ""temporal"", ""n"": 3, ""noise_residual"": 0, ""observed_effective_cycle_hz"": 79.34959349593497, ""observed_full_cycle_hz"": 79.34959349593497, ""observed_refresh_hz"": 238.0487804878049, ""per_cycle_slots"": 3, ""permutation"": [0, 2, 1], ""refresh_hz"": 238.0952380954031, ""rendered_frames"": 3051, ""safe_flicker_hz"": 50, ""timing_intervals"": 3050, ""width"": 900}"
P008,13,control_anchor,未遮罩原文（量表锚点）,1,1,none,devis akupudu wiwen nikiwo tisaboz otuvozi nubuf iloli rowal amopa obapu vuguki omuku zokiz azavu vedi iputan owon unapone tifuz tube vekol zuzipot muwamor saluvog wewat,5,5,5,,0,13454,2026-07-08T02:24:27.476Z,2026-07-08T02:24:40.931Z,"{""anti_ocr"": {""profile"": ""off""}, ""cycle_hz"": 238.0952380954031, ""cycles"": 1, ""dropped_frame_rate"": 0, ""dropped_frames"": 0, ""frame_count"": 1, ""height"": 230, ""insert_inversion"": false, ""long_frame_intervals"": 0, ""max_frame_interval_ms"": 4.300000000046566, ""mean_frame_interval_ms"": 4.166615051099412, ""mode"": ""source_control"", ""n"": 1, ""observed_effective_cycle_hz"": 240.00297309350375, ""observed_full_cycle_hz"": 240.00297309350375, ""observed_refresh_hz"": 240.00297309350375, ""per_cycle_slots"": 1, ""refresh_hz"": 238.0952380954031, ""rendered_frames"": 3230, ""safe_flicker_hz"": 50, ""timing_intervals"": 3229, ""width"": 900}"
P008,13,n2_mask_noise,层数 2，遮罩 + 噪声,2,2,mask+noise,ripivup mosadi imogu elaref wodipud efod sadu urukivi wulutov mukoron fupe adis numa mudal otive kitere rogitiv vatatup nituzid ufob weluv fager mamor vavo ozes ovosab fi,4,5,5,,1,14941,2026-07-08T02:24:41.006Z,2026-07-08T02:24:55.946Z,"{""anti_ocr"": {""profile"": ""off""}, ""completeness_ok"": true, ""counts"": [103267, 103733], ""cycle_hz"": 119.04761904770155, ""cycles"": 1, ""dropped_frame_rate"": 0.004440743824590619, ""dropped_frames"": 16, ""epsilonPixels"": 8, ""frame_count"": 2, ""gamma"": 2.2, ""height"": 230, ""insert_inversion"": false, ""inversion_alpha"": null, ""inversion_flicker_warn"": false, ""long_frame_intervals"": 1, ""max_frame_interval_ms"": 70.70000000001164, ""mean_frame_interval_ms"": 4.185196543072202, ""mode"": ""temporal"", ""n"": 2, ""noise_residual"": 0, ""observed_effective_cycle_hz"": 119.46870233075555, ""observed_full_cycle_hz"": 119.46870233075555, ""observed_refresh_hz"": 238.9374046615111, ""per_cycle_slots"": 2, ""permutation"": [0, 1], ""refresh_hz"": 238.0952380954031, ""rendered_frames"": 3588, ""safe_flicker_hz"": 50, ""timing_intervals"": 3587, ""width"": 900}"
P008,13,deployed_full,实际部署完整配置,4,4,mask+noise+anti-ocr+inversion,lela pobekav bemi vatokip adafe laguf osituse eralo nagudu mete edus wedaten lidurun konelo izazeni udafo ritike akezo edif seva ranepid uzepiwo dufam igukoki bibad zosud,3,2,1,,2,12733,2026-07-08T02:24:56.309Z,2026-07-08T02:25:09.042Z,"{""anti_ocr"": {""glyph_alpha"": 0.12, ""profile"": ""strong"", ""salient_pixels"": 25908, ""stripe_alpha"": 0.1, ""stripe_width"": 10}, ""completeness_ok"": true, ""counts"": [51910, 51662, 51778, 51650], ""cycle_hz"": 59.52380952385077, ""cycles"": 6, ""dropped_frame_rate"": 0.027061445399554282, ""dropped_frames"": 85, ""epsilonPixels"": 8, ""frame_count"": 30, ""gamma"": 4.4, ""height"": 230, ""insert_inversion"": true, ""inversion_alpha"": 0.2, ""inversion_flicker_warn"": true, ""long_frame_intervals"": 2, ""max_frame_interval_ms"": 358.29999999998836, ""mean_frame_interval_ms"": 4.2839005235602015, ""mode"": ""temporal"", ""n"": 4, ""noise_residual"": 0, ""observed_effective_cycle_hz"": 58.358031103914065, ""observed_full_cycle_hz"": 46.68642488313125, ""observed_refresh_hz"": 233.43212441565626, ""per_cycle_slots"": 5, ""permutation"": [2, 3, 0, 1], ""refresh_hz"": 238.0952380954031, ""rendered_frames"": 3057, ""safe_flicker_hz"": 50, ""timing_intervals"": 3056, ""width"": 900}"
P008,13,n3_mask_noise,层数 3，遮罩 + 噪声,3,3,mask+noise,usitude leto omane nazo odifi arewuba ovolor pemig nopar iganati miduma ivizi osiwu ipodaw eluli rodef ronituf omoku uvem todimo inolep mepim elagoz ebuloba ifefi atek fa,3,5,4,,3,12619,2026-07-08T02:25:09.103Z,2026-07-08T02:25:21.722Z,"{""anti_ocr"": {""profile"": ""off""}, ""completeness_ok"": true, ""counts"": [68894, 68975, 69131], ""cycle_hz"": 79.36507936513436, ""cycles"": 1, ""dropped_frame_rate"": 0.004273504273504274, ""dropped_frames"": 13, ""epsilonPixels"": 8, ""frame_count"": 3, ""gamma"": 3.3000000000000003, ""height"": 230, ""insert_inversion"": false, ""inversion_alpha"": null, ""inversion_flicker_warn"": false, ""long_frame_intervals"": 1, ""max_frame_interval_ms"": 58.5, ""mean_frame_interval_ms"": 4.184516342027079, ""mode"": ""temporal"", ""n"": 3, ""noise_residual"": 0, ""observed_effective_cycle_hz"": 79.65874812950516, ""observed_full_cycle_hz"": 79.65874812950516, ""observed_refresh_hz"": 238.97624438851545, ""per_cycle_slots"": 3, ""permutation"": [2, 1, 0], ""refresh_hz"": 238.0952380954031, ""rendered_frames"": 3030, ""safe_flicker_hz"": 50, ""timing_intervals"": 3029, ""width"": 900}"
P008,13,n4_mask_only,层数 4，仅遮罩,4,4,mask-only,onibuku vefome erigawu ipavino nawa enisuge lunu azezoz nori batemi turubop tipi enanem awulim ifakobi alani buwu ikaza lakaso irofito odosozu witup pota madezug dafif pi,3,3,2,,4,18949,2026-07-08T02:25:21.773Z,2026-07-08T02:25:40.722Z,"{""anti_ocr"": {""profile"": ""off""}, ""completeness_ok"": true, ""counts"": [51819, 51774, 51467, 51940], ""cycle_hz"": 59.52380952385077, ""cycles"": 1, ""dropped_frame_rate"": 0.002412809826716385, ""dropped_frames"": 11, ""epsilonPixels"": 8, ""frame_count"": 4, ""gamma"": 4.4, ""height"": 230, ""insert_inversion"": false, ""inversion_alpha"": null, ""inversion_flicker_warn"": false, ""long_frame_intervals"": 1, ""max_frame_interval_ms"": 50, ""mean_frame_interval_ms"": 4.176715039577839, ""mode"": ""temporal"", ""n"": 4, ""noise_residual"": 0, ""observed_effective_cycle_hz"": 59.85565154219108, ""observed_full_cycle_hz"": 59.85565154219108, ""observed_refresh_hz"": 239.42260616876433, ""per_cycle_slots"": 4, ""permutation"": [0, 3, 2, 1], ""refresh_hz"": 238.0952380954031, ""rendered_frames"": 4549, ""safe_flicker_hz"": 50, ""timing_intervals"": 4548, ""width"": 900}"
P008,13,n4_mask_noise,层数 4，遮罩 + 噪声,4,4,mask+noise,unakig rovut dado famepo sanol ipazati rigo otamit epof opat omifa lizawi nanatet esosak mogiru isape udeko widim mepebuz wudo aweliw umilob ikiba afoza osok luwi neni av,2,2,1,,5,16938,2026-07-08T02:25:40.777Z,2026-07-08T02:25:57.714Z,"{""anti_ocr"": {""profile"": ""off""}, ""completeness_ok"": true, ""counts"": [51693, 51806, 51800, 51701], ""cycle_hz"": 59.52380952385077, ""cycles"": 1, ""dropped_frame_rate"": 0.002698062300711307, ""dropped_frames"": 11, ""epsilonPixels"": 8, ""frame_count"": 4, ""gamma"": 4.4, ""height"": 230, ""insert_inversion"": false, ""inversion_alpha"": null, ""inversion_flicker_warn"": false, ""long_frame_intervals"": 1, ""max_frame_interval_ms"": 50.09999999997672, ""mean_frame_interval_ms"": 4.177914412198727, ""mode"": ""temporal"", ""n"": 4, ""noise_residual"": 0, ""observed_effective_cycle_hz"": 59.83846851195584, ""observed_full_cycle_hz"": 59.83846851195584, ""observed_refresh_hz"": 239.35387404782335, ""per_cycle_slots"": 4, ""permutation"": [3, 0, 2, 1], ""refresh_hz"": 238.0952380954031, ""rendered_frames"": 4067, ""safe_flicker_hz"": 50, ""timing_intervals"": 4066, ""width"": 900}"
P009,14,control_anchor,未遮罩原文（量表锚点）,1,1,none,omodag eziv egarago ekipopi kenite puvib esapivi safe uladofu pulip sepata firoral vamedew gaweta sitep gorutiv odazali midufe maru zekug mogodu efelip domilag lozam olav,5,5,5,,0,12230,2026-07-08T02:34:15.028Z,2026-07-08T02:34:27.258Z,"{""anti_ocr"": {""profile"": ""off""}, ""cycle_hz"": 238.0952380954031, ""cycles"": 1, ""dropped_frame_rate"": 0, ""dropped_frames"": 0, ""frame_count"": 1, ""height"": 230, ""insert_inversion"": false, ""long_frame_intervals"": 0, ""max_frame_interval_ms"": 4.7000000000116415, ""mean_frame_interval_ms"": 4.166575809199307, ""mode"": ""source_control"", ""n"": 1, ""observed_effective_cycle_hz"": 240.00523350424064, ""observed_full_cycle_hz"": 240.00523350424064, ""observed_refresh_hz"": 240.00523350424064, ""per_cycle_slots"": 1, ""refresh_hz"": 238.0952380954031, ""rendered_frames"": 2936, ""safe_flicker_hz"": 50, ""timing_intervals"": 2935, ""width"": 900}"
P009,14,n2_mask_noise,层数 2，遮罩 + 噪声,2,2,mask+noise,giribi otademu rapoka agenuf ikafuwe ozadi asem vanev kora emuw ozufe anoben iwiw saleseb wiwo neno nowisem zudugu siguv uvatapi fisiv eserir enonelo awino lobi sedurew u,5,5,5,,1,12908,2026-07-08T02:34:27.335Z,2026-07-08T02:34:40.243Z,"{""anti_ocr"": {""profile"": ""off""}, ""completeness_ok"": true, ""counts"": [103486, 103514], ""cycle_hz"": 119.04761904770155, ""cycles"": 1, ""dropped_frame_rate"": 0.005457463884430177, ""dropped_frames"": 17, ""epsilonPixels"": 8, ""frame_count"": 2, ""gamma"": 2.2, ""height"": 230, ""insert_inversion"": false, ""inversion_alpha"": null, ""inversion_flicker_warn"": false, ""long_frame_intervals"": 1, ""max_frame_interval_ms"": 75, ""mean_frame_interval_ms"": 4.189509360877997, ""mode"": ""temporal"", ""n"": 2, ""noise_residual"": 0, ""observed_effective_cycle_hz"": 119.34571734557834, ""observed_full_cycle_hz"": 119.34571734557834, ""observed_refresh_hz"": 238.69143469115667, ""per_cycle_slots"": 2, ""permutation"": [1, 0], ""refresh_hz"": 238.0952380954031, ""rendered_frames"": 3099, ""safe_flicker_hz"": 50, ""timing_intervals"": 3098, ""width"": 900}"
P009,14,deployed_full,实际部署完整配置,4,4,mask+noise+anti-ocr+inversion,etiw awabaki redo ikimen asibi kudubar lodinub gode nukosom gamoda vuvol unawa zenun uzib egesezu fapil sulawes fizo simipo asadape ofumor asawi anatab pefal fuvusag wode,5,4,4,,2,10051,2026-07-08T02:34:40.592Z,2026-07-08T02:34:50.642Z,"{""anti_ocr"": {""glyph_alpha"": 0.12, ""profile"": ""strong"", ""salient_pixels"": 25707, ""stripe_alpha"": 0.1, ""stripe_width"": 10}, ""completeness_ok"": true, ""counts"": [51727, 51772, 51892, 51609], ""cycle_hz"": 59.52380952385077, ""cycles"": 6, ""dropped_frame_rate"": 0.03287890938251804, ""dropped_frames"": 82, ""epsilonPixels"": 8, ""frame_count"": 30, ""gamma"": 4.4, ""height"": 230, ""insert_inversion"": true, ""inversion_alpha"": 0.2, ""inversion_flicker_warn"": true, ""long_frame_intervals"": 2, ""max_frame_interval_ms"": 345.80000000004657, ""mean_frame_interval_ms"": 4.3099917081260415, ""mode"": ""temporal"", ""n"": 4, ""noise_residual"": 0, ""observed_effective_cycle_hz"": 58.00475196475459, ""observed_full_cycle_hz"": 46.40380157180367, ""observed_refresh_hz"": 232.01900785901836, ""per_cycle_slots"": 5, ""permutation"": [3, 1, 0, 2], ""refresh_hz"": 238.0952380954031, ""rendered_frames"": 2413, ""safe_flicker_hz"": 50, ""timing_intervals"": 2412, ""width"": 900}"
P009,14,n3_mask_noise,层数 3，遮罩 + 噪声,3,3,mask+noise,norela rutid wegavi lefu ovaz rela nutul nonageb olepoz wirus suseb fedage zigo lobi zenunag webil agivada okom arad oponi logi agoz erim ibep efodemi ewuzi ifin vivetu l,5,5,5,,3,10167,2026-07-08T02:34:50.692Z,2026-07-08T02:35:00.858Z,"{""anti_ocr"": {""profile"": ""off""}, ""completeness_ok"": true, ""counts"": [69036, 69254, 68710], ""cycle_hz"": 79.36507936513436, ""cycles"": 1, ""dropped_frame_rate"": 0.004079967360261118, ""dropped_frames"": 10, ""epsilonPixels"": 8, ""frame_count"": 3, ""gamma"": 3.3000000000000003, ""height"": 230, ""insert_inversion"": false, ""inversion_alpha"": null, ""inversion_flicker_warn"": false, ""long_frame_intervals"": 1, ""max_frame_interval_ms"": 45.79999999998836, ""mean_frame_interval_ms"": 4.183654240065542, ""mode"": ""temporal"", ""n"": 3, ""noise_residual"": 0, ""observed_effective_cycle_hz"": 79.67516295708778, ""observed_full_cycle_hz"": 79.67516295708778, ""observed_refresh_hz"": 239.02548887126335, ""per_cycle_slots"": 3, ""permutation"": [2, 0, 1], ""refresh_hz"": 238.0952380954031, ""rendered_frames"": 2442, ""safe_flicker_hz"": 50, ""timing_intervals"": 2441, ""width"": 900}"
P009,14,n4_mask_only,层数 4，仅遮罩,4,4,mask-only,ubiwuti unogile amoteni urikiw suzazi sasazu dikozak putib tuwilem rokaw gefime opip afeb ufanul itano ofofufe awanu risul igimab omep ubuvof ipatuto lerozug opakova zeka,5,5,5,,4,12644,2026-07-08T02:35:00.910Z,2026-07-08T02:35:13.554Z,"{""anti_ocr"": {""profile"": ""off""}, ""completeness_ok"": true, ""counts"": [51895, 51734, 51944, 51427], ""cycle_hz"": 59.52380952385077, ""cycles"": 1, ""dropped_frame_rate"": 0.0036112934996717005, ""dropped_frames"": 11, ""epsilonPixels"": 8, ""frame_count"": 4, ""gamma"": 4.4, ""height"": 230, ""insert_inversion"": false, ""inversion_alpha"": null, ""inversion_flicker_warn"": false, ""long_frame_intervals"": 1, ""max_frame_interval_ms"": 50, ""mean_frame_interval_ms"": 4.18171334431631, ""mode"": ""temporal"", ""n"": 4, ""noise_residual"": 0, ""observed_effective_cycle_hz"": 59.784107473505884, ""observed_full_cycle_hz"": 59.784107473505884, ""observed_refresh_hz"": 239.13642989402354, ""per_cycle_slots"": 4, ""permutation"": [2, 3, 0, 1], ""refresh_hz"": 238.0952380954031, ""rendered_frames"": 3036, ""safe_flicker_hz"": 50, ""timing_intervals"": 3035, ""width"": 900}"
P009,14,n4_mask_noise,层数 4，遮罩 + 噪声,4,4,mask+noise,sawebab osesuri urowe tebowos atanida zutu dezobat erak ugikoku evak vagir abewepu otuzuvi isuwobu nemeb zizun gazifa nuse lekuf etik nuvotek viro reret odiwar otoga obum,5,5,5,,5,10481,2026-07-08T02:35:13.610Z,2026-07-08T02:35:24.090Z,"{""anti_ocr"": {""profile"": ""off""}, ""completeness_ok"": true, ""counts"": [51594, 51864, 51906, 51636], ""cycle_hz"": 59.52380952385077, ""cycles"": 1, ""dropped_frame_rate"": 0.004352987732489117, ""dropped_frames"": 11, ""epsilonPixels"": 8, ""frame_count"": 4, ""gamma"": 4.4, ""height"": 230, ""insert_inversion"": false, ""inversion_alpha"": null, ""inversion_flicker_warn"": false, ""long_frame_intervals"": 1, ""max_frame_interval_ms"": 50.09999999997672, ""mean_frame_interval_ms"": 4.1848171701112875, ""mode"": ""temporal"", ""n"": 4, ""noise_residual"": 0, ""observed_effective_cycle_hz"": 59.73976635957831, ""observed_full_cycle_hz"": 59.73976635957831, ""observed_refresh_hz"": 238.95906543831325, ""per_cycle_slots"": 4, ""permutation"": [2, 1, 0, 3], ""refresh_hz"": 238.0952380954031, ""rendered_frames"": 2517, ""safe_flicker_hz"": 50, ""timing_intervals"": 2516, ""width"": 900}"
P010,15,n2_mask_noise,层数 2，遮罩 + 噪声,2,2,mask+noise,mefadut apisin azifi etiwaku etapopa tuvir mozoso izin loli todavo ezano fameb ales omowi kigotol urowug benawo isomeli ulub suveben uven gake pirubev isoger ebuwu nino n,4,5,3,,0,28563,2026-07-08T02:40:41.151Z,2026-07-08T02:41:09.714Z,"{""anti_ocr"": {""profile"": ""off""}, ""completeness_ok"": true, ""counts"": [103163, 103837], ""cycle_hz"": 119.04761904770155, ""cycles"": 1, ""dropped_frame_rate"": 0.002473446820893351, ""dropped_frames"": 17, ""epsilonPixels"": 8, ""frame_count"": 2, ""gamma"": 2.2, ""height"": 230, ""insert_inversion"": false, ""inversion_alpha"": null, ""inversion_flicker_warn"": false, ""long_frame_intervals"": 1, ""max_frame_interval_ms"": 75, ""mean_frame_interval_ms"": 4.176954492415396, ""mode"": ""temporal"", ""n"": 2, ""noise_residual"": 0, ""observed_effective_cycle_hz"": 119.70444037824946, ""observed_full_cycle_hz"": 119.70444037824946, ""observed_refresh_hz"": 239.40888075649892, ""per_cycle_slots"": 2, ""permutation"": [1, 0], ""refresh_hz"": 238.0952380954031, ""rendered_frames"": 6857, ""safe_flicker_hz"": 50, ""timing_intervals"": 6856, ""width"": 900}"
P010,15,n3_mask_noise,层数 3，遮罩 + 噪声,3,3,mask+noise,oforome tefozow imow ebeb uniki kira olab rogu widasep anevu tafazi ugawede ibenad zolulo anezesu wonu gagu egutok ogap igapup biduver bipapi pibeg ukotaze obod afavug do,4,5,3,,1,10419,2026-07-08T02:41:09.775Z,2026-07-08T02:41:20.194Z,"{""anti_ocr"": {""profile"": ""off""}, ""completeness_ok"": true, ""counts"": [68869, 68878, 69253], ""cycle_hz"": 79.36507936513436, ""cycles"": 1, ""dropped_frame_rate"": 0.005171042163882259, ""dropped_frames"": 13, ""epsilonPixels"": 8, ""frame_count"": 3, ""gamma"": 3.3000000000000003, ""height"": 230, ""insert_inversion"": false, ""inversion_alpha"": null, ""inversion_flicker_warn"": false, ""long_frame_intervals"": 1, ""max_frame_interval_ms"": 58.40000000002328, ""mean_frame_interval_ms"": 4.188324670131947, ""mode"": ""temporal"", ""n"": 3, ""noise_residual"": 0, ""observed_effective_cycle_hz"": 79.58631662688943, ""observed_full_cycle_hz"": 79.58631662688943, ""observed_refresh_hz"": 238.75894988066827, ""per_cycle_slots"": 3, ""permutation"": [0, 2, 1], ""refresh_hz"": 238.0952380954031, ""rendered_frames"": 2502, ""safe_flicker_hz"": 50, ""timing_intervals"": 2501, ""width"": 900}"
P010,15,control_anchor,未遮罩原文（量表锚点）,1,1,none,lirali wunu gipefi avek ikeduno abulebe vuwade luke ewunen isota nadik musab igupe uvero pokanur giwop amepi epatipe tuli pazas ipum miter ulunal evotalo potuza fopa ired,5,5,3,,2,10959,2026-07-08T02:41:20.195Z,2026-07-08T02:41:31.154Z,"{""anti_ocr"": {""profile"": ""off""}, ""cycle_hz"": 238.0952380954031, ""cycles"": 1, ""dropped_frame_rate"": 0, ""dropped_frames"": 0, ""frame_count"": 1, ""height"": 230, ""insert_inversion"": false, ""long_frame_intervals"": 0, ""max_frame_interval_ms"": 4.5, ""mean_frame_interval_ms"": 4.1666159695817315, ""mode"": ""source_control"", ""n"": 1, ""observed_effective_cycle_hz"": 240.00292018762306, ""observed_full_cycle_hz"": 240.00292018762306, ""observed_refresh_hz"": 240.00292018762306, ""per_cycle_slots"": 1, ""refresh_hz"": 238.0952380954031, ""rendered_frames"": 2631, ""safe_flicker_hz"": 50, ""timing_intervals"": 2630, ""width"": 900}"
P010,15,n4_mask_noise,层数 4，遮罩 + 噪声,4,4,mask+noise,efivug lanuv ewofef nego epos enako ezek rekata evizi fenomu sabe afifupi supilo vowon akifowi vovu abape lomume azepop amigate pokaw kotufe sumiwe owir lorud obiv tefopi,3,5,3,,3,17240,2026-07-08T02:41:31.211Z,2026-07-08T02:41:48.450Z,"{""anti_ocr"": {""profile"": ""off""}, ""completeness_ok"": true, ""counts"": [51750, 52005, 51617, 51628], ""cycle_hz"": 59.52380952385077, ""cycles"": 1, ""dropped_frame_rate"": 0.002650602409638554, ""dropped_frames"": 11, ""epsilonPixels"": 8, ""frame_count"": 4, ""gamma"": 4.4, ""height"": 230, ""insert_inversion"": false, ""inversion_alpha"": null, ""inversion_flicker_warn"": false, ""long_frame_intervals"": 1, ""max_frame_interval_ms"": 50.100000000034925, ""mean_frame_interval_ms"": 4.1777240879439566, ""mode"": ""temporal"", ""n"": 4, ""noise_residual"": 0, ""observed_effective_cycle_hz"": 59.841194568460864, ""observed_full_cycle_hz"": 59.841194568460864, ""observed_refresh_hz"": 239.36477827384346, ""per_cycle_slots"": 4, ""permutation"": [0, 2, 3, 1], ""refresh_hz"": 238.0952380954031, ""rendered_frames"": 4140, ""safe_flicker_hz"": 50, ""timing_intervals"": 4139, ""width"": 900}"
P010,15,deployed_full,实际部署完整配置,4,4,mask+noise+anti-ocr+inversion,nifeki ezipuvi dimefo efaz ifuvu epodag unebu wazi sedu pogoru ekozoko udif irib avimu ebibi pozofeg reki vidilez asetuz eroka zotos fekegep rurawu idera inadusu tora uwu,3,3,3,,4,12088,2026-07-08T02:41:48.778Z,2026-07-08T02:42:00.866Z,"{""anti_ocr"": {""glyph_alpha"": 0.12, ""profile"": ""strong"", ""salient_pixels"": 25436, ""stripe_alpha"": 0.1, ""stripe_width"": 10}, ""completeness_ok"": true, ""counts"": [51860, 51639, 51611, 51890], ""cycle_hz"": 59.52380952385077, ""cycles"": 6, ""dropped_frame_rate"": 0.02586496472959355, ""dropped_frames"": 77, ""epsilonPixels"": 8, ""frame_count"": 30, ""gamma"": 4.4, ""height"": 230, ""insert_inversion"": true, ""inversion_alpha"": 0.2, ""inversion_flicker_warn"": true, ""long_frame_intervals"": 2, ""max_frame_interval_ms"": 325, ""mean_frame_interval_ms"": 4.278689655172418, ""mode"": ""temporal"", ""n"": 4, ""noise_residual"": 0, ""observed_effective_cycle_hz"": 58.42910333489139, ""observed_full_cycle_hz"": 46.74328266791311, ""observed_refresh_hz"": 233.71641333956555, ""per_cycle_slots"": 5, ""permutation"": [0, 1, 2, 3], ""refresh_hz"": 238.0952380954031, ""rendered_frames"": 2901, ""safe_flicker_hz"": 50, ""timing_intervals"": 2900, ""width"": 900}"
P010,15,n4_mask_only,层数 4，仅遮罩,4,4,mask-only,akonolu oroniso itovo apufado nowe buloral umotupu elaf udewefa akopi zowav geso uvaba keve anib welugu ewus usobut ovabi eromasi pupinu onula kamat leso usefow gibivof m,4,5,3,,5,12515,2026-07-08T02:42:00.919Z,2026-07-08T02:42:13.434Z,"{""anti_ocr"": {""profile"": ""off""}, ""completeness_ok"": true, ""counts"": [51784, 51637, 52067, 51512], ""cycle_hz"": 59.52380952385077, ""cycles"": 1, ""dropped_frame_rate"": 0.003978779840848806, ""dropped_frames"": 12, ""epsilonPixels"": 8, ""frame_count"": 4, ""gamma"": 4.4, ""height"": 230, ""insert_inversion"": false, ""inversion_alpha"": null, ""inversion_flicker_warn"": false, ""long_frame_intervals"": 1, ""max_frame_interval_ms"": 54.29999999998836, ""mean_frame_interval_ms"": 4.1832889480692526, ""mode"": ""temporal"", ""n"": 4, ""noise_residual"": 0, ""observed_effective_cycle_hz"": 59.76159024716295, ""observed_full_cycle_hz"": 59.76159024716295, ""observed_refresh_hz"": 239.0463609886518, ""per_cycle_slots"": 4, ""permutation"": [0, 1, 2, 3], ""refresh_hz"": 238.0952380954031, ""rendered_frames"": 3005, ""safe_flicker_hz"": 50, ""timing_intervals"": 3004, ""width"": 900}"
P011,16,n2_mask_noise,层数 2，遮罩 + 噪声,2,2,mask+noise,etip takul elidunu sonog namevip awukaze anusika irekapi wokirav sonesid topa opek orova vawe emunon emapovo opez upusame zadefo imom vabi lisidav udugut size kawe mifer,5,5,5,,0,15171,2026-07-08T02:46:34.575Z,2026-07-08T02:46:49.746Z,"{""anti_ocr"": {""profile"": ""off""}, ""completeness_ok"": true, ""counts"": [103460, 103540], ""cycle_hz"": 119.04761904770155, ""cycles"": 1, ""dropped_frame_rate"": 0.004647348277747403, ""dropped_frames"": 17, ""epsilonPixels"": 8, ""frame_count"": 2, ""gamma"": 2.2, ""height"": 230, ""insert_inversion"": false, ""inversion_alpha"": null, ""inversion_flicker_warn"": false, ""long_frame_intervals"": 1, ""max_frame_interval_ms"": 75, ""mean_frame_interval_ms"": 4.186075254051085, ""mode"": ""temporal"", ""n"": 2, ""noise_residual"": 0, ""observed_effective_cycle_hz"": 119.44362431519208, ""observed_full_cycle_hz"": 119.44362431519208, ""observed_refresh_hz"": 238.88724863038416, ""per_cycle_slots"": 2, ""permutation"": [0, 1], ""refresh_hz"": 238.0952380954031, ""rendered_frames"": 3642, ""safe_flicker_hz"": 50, ""timing_intervals"": 3641, ""width"": 900}"
P011,16,n3_mask_noise,层数 3，遮罩 + 噪声,3,3,mask+noise,zozamir etuz ireluv nizobik afadup uvoba pireve efunan irotez asopuv suka ipoti vinuwat vuzuz ififi dotumov itisu kesepat ives ibasilo otanip ofurov azowa biguw tugawe er,5,5,5,,1,11052,2026-07-08T02:46:49.806Z,2026-07-08T02:47:00.858Z,"{""anti_ocr"": {""profile"": ""off""}, ""completeness_ok"": true, ""counts"": [68929, 69373, 68698], ""cycle_hz"": 79.36507936513436, ""cycles"": 1, ""dropped_frame_rate"": 0.004876219054763691, ""dropped_frames"": 13, ""epsilonPixels"": 8, ""frame_count"": 3, ""gamma"": 3.3000000000000003, ""height"": 230, ""insert_inversion"": false, ""inversion_alpha"": null, ""inversion_flicker_warn"": false, ""long_frame_intervals"": 1, ""max_frame_interval_ms"": 58.40000000002328, ""mean_frame_interval_ms"": 4.187071240105537, ""mode"": ""temporal"", ""n"": 3, ""noise_residual"": 0, ""observed_effective_cycle_hz"": 79.61014136576561, ""observed_full_cycle_hz"": 79.61014136576561, ""observed_refresh_hz"": 238.83042409729686, ""per_cycle_slots"": 3, ""permutation"": [2, 1, 0], ""refresh_hz"": 238.0952380954031, ""rendered_frames"": 2654, ""safe_flicker_hz"": 50, ""timing_intervals"": 2653, ""width"": 900}"
P011,16,control_anchor,未遮罩原文（量表锚点）,1,1,none,pizuki uvenasi zineda onavo lisogu iradaf relegil rumugim evekita etuwu ukator erobu ifemeb rowoz vinig otise kapadi fizifad idezi mekowa olid ufig dufibe kolabut lesuzag,5,5,5,,2,13543,2026-07-08T02:47:00.859Z,2026-07-08T02:47:14.402Z,"{""anti_ocr"": {""profile"": ""off""}, ""cycle_hz"": 238.0952380954031, ""cycles"": 1, ""dropped_frame_rate"": 0, ""dropped_frames"": 0, ""frame_count"": 1, ""height"": 230, ""insert_inversion"": false, ""long_frame_intervals"": 0, ""max_frame_interval_ms"": 4.399999999965075, ""mean_frame_interval_ms"": 4.166646153846147, ""mode"": ""source_control"", ""n"": 1, ""observed_effective_cycle_hz"": 240.00118154427878, ""observed_full_cycle_hz"": 240.00118154427878, ""observed_refresh_hz"": 240.00118154427878, ""per_cycle_slots"": 1, ""refresh_hz"": 238.0952380954031, ""rendered_frames"": 3251, ""safe_flicker_hz"": 50, ""timing_intervals"": 3250, ""width"": 900}"
P011,16,n4_mask_noise,层数 4，遮罩 + 噪声,4,4,mask+noise,uvav apog adal abolaso izof dides upamed iledefo gimewe zerel ufabi noze dogo magali rageli esugu bige rowivof ibonu powo obarow osaralu uwovup rutole epumido misad eneli,3,5,3,,3,10643,2026-07-08T02:47:14.463Z,2026-07-08T02:47:25.106Z,"{""anti_ocr"": {""profile"": ""off""}, ""completeness_ok"": true, ""counts"": [51936, 51304, 51658, 52102], ""cycle_hz"": 59.52380952385077, ""cycles"": 1, ""dropped_frame_rate"": 0.0050623052959501555, ""dropped_frames"": 13, ""epsilonPixels"": 8, ""frame_count"": 4, ""gamma"": 4.4, ""height"": 230, ""insert_inversion"": false, ""inversion_alpha"": null, ""inversion_flicker_warn"": false, ""long_frame_intervals"": 1, ""max_frame_interval_ms"": 58.40000000002328, ""mean_frame_interval_ms"": 4.187827788649716, ""mode"": ""temporal"", ""n"": 4, ""noise_residual"": 0, ""observed_effective_cycle_hz"": 59.6968195964447, ""observed_full_cycle_hz"": 59.6968195964447, ""observed_refresh_hz"": 238.7872783857788, ""per_cycle_slots"": 4, ""permutation"": [2, 3, 1, 0], ""refresh_hz"": 238.0952380954031, ""rendered_frames"": 2556, ""safe_flicker_hz"": 50, ""timing_intervals"": 2555, ""width"": 900}"
P011,16,deployed_full,实际部署完整配置,4,4,mask+noise+anti-ocr+inversion,tuted rupef rili uvosuwo udapi ivopusi vulifob rupe dukes onotad orit ozafit mupam ogone alavu wopig mafosoz pebe ibinune dobagas fizoso anemina refugot pivodin difi apeg,3,2,3,,4,10773,2026-07-08T02:47:25.493Z,2026-07-08T02:47:36.266Z,"{""anti_ocr"": {""glyph_alpha"": 0.12, ""profile"": ""strong"", ""salient_pixels"": 25845, ""stripe_alpha"": 0.1, ""stripe_width"": 10}, ""completeness_ok"": true, ""counts"": [51582, 52106, 51668, 51644], ""cycle_hz"": 59.52380952385077, ""cycles"": 6, ""dropped_frame_rate"": 0.034005979073243646, ""dropped_frames"": 91, ""epsilonPixels"": 8, ""frame_count"": 30, ""gamma"": 4.4, ""height"": 230, ""insert_inversion"": true, ""inversion_alpha"": 0.2, ""inversion_flicker_warn"": true, ""long_frame_intervals"": 2, ""max_frame_interval_ms"": 383.20000000001164, ""mean_frame_interval_ms"": 4.314893617021276, ""mode"": ""temporal"", ""n"": 4, ""noise_residual"": 0, ""observed_effective_cycle_hz"": 57.938856015779095, ""observed_full_cycle_hz"": 46.35108481262328, ""observed_refresh_hz"": 231.75542406311638, ""per_cycle_slots"": 5, ""permutation"": [2, 1, 3, 0], ""refresh_hz"": 238.0952380954031, ""rendered_frames"": 2586, ""safe_flicker_hz"": 50, ""timing_intervals"": 2585, ""width"": 900}"
P011,16,n4_mask_only,层数 4，仅遮罩,4,4,mask-only,losi arev apom dared lavuf ifek vuwad wagi uvuzol gesa alene nanozik asakona vadekol gowediz edov pasa dakofe nanan wamawak sake upimusi fizira obofa bufenev usisew vagom,4,4,4,,5,11339,2026-07-08T02:47:36.288Z,2026-07-08T02:47:47.626Z,"{""anti_ocr"": {""profile"": ""off""}, ""completeness_ok"": true, ""counts"": [51749, 51914, 52205, 51132], ""cycle_hz"": 59.52380952385077, ""cycles"": 1, ""dropped_frame_rate"": 0.001467351430667645, ""dropped_frames"": 4, ""epsilonPixels"": 8, ""frame_count"": 4, ""gamma"": 4.4, ""height"": 230, ""insert_inversion"": false, ""inversion_alpha"": null, ""inversion_flicker_warn"": false, ""long_frame_intervals"": 1, ""max_frame_interval_ms"": 20.900000000023283, ""mean_frame_interval_ms"": 4.172740631888321, ""mode"": ""temporal"", ""n"": 4, ""noise_residual"": 0, ""observed_effective_cycle_hz"": 59.91266221760485, ""observed_full_cycle_hz"": 59.91266221760485, ""observed_refresh_hz"": 239.6506488704194, ""per_cycle_slots"": 4, ""permutation"": [3, 1, 0, 2], ""refresh_hz"": 238.0952380954031, ""rendered_frames"": 2723, ""safe_flicker_hz"": 50, ""timing_intervals"": 2722, ""width"": 900}"
P012,17,n3_mask_noise,层数 3，遮罩 + 噪声,3,3,mask+noise,geturag iben udamok orabusi bafedel italiwo iraw wabagof unilup koniza rusu opil evizol urovu imereda ipibo bapi fatese isak tukupom dinofu kikuta rurife suwu gaba toraka,5,5,5,,0,11182,2026-07-08T02:52:11.924Z,2026-07-08T02:52:23.106Z,"{""anti_ocr"": {""profile"": ""off""}, ""completeness_ok"": true, ""counts"": [68913, 69127, 68960], ""cycle_hz"": 79.36507936513436, ""cycles"": 1, ""dropped_frame_rate"": 0.0073964497041420114, ""dropped_frames"": 20, ""epsilonPixels"": 8, ""frame_count"": 3, ""gamma"": 3.3000000000000003, ""height"": 230, ""insert_inversion"": false, ""inversion_alpha"": null, ""inversion_flicker_warn"": false, ""long_frame_intervals"": 1, ""max_frame_interval_ms"": 87.59999999997672, ""mean_frame_interval_ms"": 4.197690014903121, ""mode"": ""temporal"", ""n"": 3, ""noise_residual"": 0, ""observed_effective_cycle_hz"": 79.40875389795222, ""observed_full_cycle_hz"": 79.40875389795222, ""observed_refresh_hz"": 238.22626169385666, ""per_cycle_slots"": 3, ""permutation"": [2, 1, 0], ""refresh_hz"": 238.0952380954031, ""rendered_frames"": 2685, ""safe_flicker_hz"": 50, ""timing_intervals"": 2684, ""width"": 900}"
P012,17,n4_mask_noise,层数 4，遮罩 + 噪声,4,4,mask+noise,abola ukivu wulus nidoki ilas udefa urasa orubivu opunike weboz fomip evizez apumoba imig potiw ozeke uwis eribi diwab lowod ewif upifif noso daluwub lakuv owamu pule esu,5,5,4,,1,10291,2026-07-08T02:52:23.175Z,2026-07-08T02:52:33.466Z,"{""anti_ocr"": {""profile"": ""off""}, ""completeness_ok"": true, ""counts"": [51562, 51783, 51699, 51956], ""cycle_hz"": 59.52380952385077, ""cycles"": 1, ""dropped_frame_rate"": 0.006033789219629927, ""dropped_frames"": 15, ""epsilonPixels"": 8, ""frame_count"": 4, ""gamma"": 4.4, ""height"": 230, ""insert_inversion"": false, ""inversion_alpha"": null, ""inversion_flicker_warn"": false, ""long_frame_intervals"": 1, ""max_frame_interval_ms"": 66.80000000001746, ""mean_frame_interval_ms"": 4.191946580331857, ""mode"": ""temporal"", ""n"": 4, ""noise_residual"": 0, ""observed_effective_cycle_hz"": 59.63816456368313, ""observed_full_cycle_hz"": 59.63816456368313, ""observed_refresh_hz"": 238.5526582547325, ""per_cycle_slots"": 4, ""permutation"": [3, 1, 0, 2], ""refresh_hz"": 238.0952380954031, ""rendered_frames"": 2472, ""safe_flicker_hz"": 50, ""timing_intervals"": 2471, ""width"": 900}"
P012,17,n2_mask_noise,层数 2，遮罩 + 噪声,2,2,mask+noise,kosip olapad oleg muwok gegu take uzema rali otofu difagaz enizaw seneget ofis ufepit obefu nipaw apefime egawar pupuk dofe ivobira funov upefave babil pedarez ewug kozak,5,5,5,,2,10450,2026-07-08T02:52:33.504Z,2026-07-08T02:52:43.954Z,"{""anti_ocr"": {""profile"": ""off""}, ""completeness_ok"": true, ""counts"": [103638, 103362], ""cycle_hz"": 119.04761904770155, ""cycles"": 1, ""dropped_frame_rate"": 0.0027821939586645467, ""dropped_frames"": 7, ""epsilonPixels"": 8, ""frame_count"": 2, ""gamma"": 2.2, ""height"": 230, ""insert_inversion"": false, ""inversion_alpha"": null, ""inversion_flicker_warn"": false, ""long_frame_intervals"": 1, ""max_frame_interval_ms"": 33.30000000001746, ""mean_frame_interval_ms"": 4.178238341968905, ""mode"": ""temporal"", ""n"": 2, ""noise_residual"": 0, ""observed_effective_cycle_hz"": 119.66765873015892, ""observed_full_cycle_hz"": 119.66765873015892, ""observed_refresh_hz"": 239.33531746031784, ""per_cycle_slots"": 2, ""permutation"": [1, 0], ""refresh_hz"": 238.0952380954031, ""rendered_frames"": 2510, ""safe_flicker_hz"": 50, ""timing_intervals"": 2509, ""width"": 900}"
P012,17,n4_mask_only,层数 4，仅遮罩,4,4,mask-only,upurum okada ogizesu dezavot iviv avodela tuge seke ibak isefe upugen ulib okefap manuse mofubak darod uzogem irosefi zosug uzego bipu irabug omiwuru afut gifil otokode d,4,5,4,,3,10334,2026-07-08T02:52:43.980Z,2026-07-08T02:52:54.314Z,"{""anti_ocr"": {""profile"": ""off""}, ""completeness_ok"": true, ""counts"": [51915, 51702, 51732, 51651], ""cycle_hz"": 59.52380952385077, ""cycles"": 1, ""dropped_frame_rate"": 0.0016096579476861167, ""dropped_frames"": 4, ""epsilonPixels"": 8, ""frame_count"": 4, ""gamma"": 4.4, ""height"": 230, ""insert_inversion"": false, ""inversion_alpha"": null, ""inversion_flicker_warn"": false, ""long_frame_intervals"": 1, ""max_frame_interval_ms"": 20.79999999998836, ""mean_frame_interval_ms"": 4.173357517130204, ""mode"": ""temporal"", ""n"": 4, ""noise_residual"": 0, ""observed_effective_cycle_hz"": 59.903806221689756, ""observed_full_cycle_hz"": 59.903806221689756, ""observed_refresh_hz"": 239.61522488675902, ""per_cycle_slots"": 4, ""permutation"": [0, 1, 2, 3], ""refresh_hz"": 238.0952380954031, ""rendered_frames"": 2482, ""safe_flicker_hz"": 50, ""timing_intervals"": 2481, ""width"": 900}"
P012,17,control_anchor,未遮罩原文（量表锚点）,1,1,none,nawerim vebobo abuf idewoz pinog wike mimok uzogaz kopoma unemu natalu ezuzove libibu dolu apire sivu uzezid mirupo awelup asezap wovekok egomeg urudi vesuri ukulak akefo,5,5,5,,4,10190,2026-07-08T02:52:54.316Z,2026-07-08T02:53:04.506Z,"{""anti_ocr"": {""profile"": ""off""}, ""cycle_hz"": 238.0952380954031, ""cycles"": 1, ""dropped_frame_rate"": 0, ""dropped_frames"": 0, ""frame_count"": 1, ""height"": 230, ""insert_inversion"": false, ""long_frame_intervals"": 0, ""max_frame_interval_ms"": 4.300000000046566, ""mean_frame_interval_ms"": 4.166666666666667, ""mode"": ""source_control"", ""n"": 1, ""observed_effective_cycle_hz"": 239.99999999999997, ""observed_full_cycle_hz"": 239.99999999999997, ""observed_refresh_hz"": 239.99999999999997, ""per_cycle_slots"": 1, ""refresh_hz"": 238.0952380954031, ""rendered_frames"": 2446, ""safe_flicker_hz"": 50, ""timing_intervals"": 2445, ""width"": 900}"
P012,17,deployed_full,实际部署完整配置,4,4,mask+noise+anti-ocr+inversion,zozav avir zateta ogor denipu niwarid umefo wilop sotesuk inak isipi apes izulimi tuwofen arug igiz rinis amero otulike urule enofule gevat fota goki nigafun edoda paduzi,3,3,3,,5,11288,2026-07-08T02:53:04.874Z,2026-07-08T02:53:16.162Z,"{""anti_ocr"": {""glyph_alpha"": 0.12, ""profile"": ""strong"", ""salient_pixels"": 25437, ""stripe_alpha"": 0.1, ""stripe_width"": 10}, ""completeness_ok"": true, ""counts"": [51929, 51468, 51523, 52080], ""cycle_hz"": 59.52380952385077, ""cycles"": 6, ""dropped_frame_rate"": 0.030758226037195996, ""dropped_frames"": 86, ""epsilonPixels"": 8, ""frame_count"": 30, ""gamma"": 4.4, ""height"": 230, ""insert_inversion"": true, ""inversion_alpha"": 0.2, ""inversion_flicker_warn"": true, ""long_frame_intervals"": 1, ""max_frame_interval_ms"": 366.6000000000349, ""mean_frame_interval_ms"": 4.300405904059054, ""mode"": ""temporal"", ""n"": 4, ""noise_residual"": 0, ""observed_effective_cycle_hz"": 58.13404724517534, ""observed_full_cycle_hz"": 46.507237796140274, ""observed_refresh_hz"": 232.53618898070135, ""per_cycle_slots"": 5, ""permutation"": [1, 2, 3, 0], ""refresh_hz"": 238.0952380954031, ""rendered_frames"": 2711, ""safe_flicker_hz"": 50, ""timing_intervals"": 2710, ""width"": 900}"
P013,18,n3_mask_noise,层数 3，遮罩 + 噪声,3,3,mask+noise,vowili nowom pepowan teli kelirez boziveb agok tive otekonu anew mimu vabiv dasewa ozeg wezu otanup ovok orotuwu sitar utoz unib nizo adiv kipa godogo asub ubofawu afun i,4,5,4,,0,31040,2026-07-08T02:57:48.042Z,2026-07-08T02:58:19.082Z,"{""anti_ocr"": {""profile"": ""off""}, ""completeness_ok"": true, ""counts"": [69130, 68753, 69117], ""cycle_hz"": 79.36507936506563, ""cycles"": 1, ""dropped_frame_rate"": 0.002677376171352075, ""dropped_frames"": 20, ""epsilonPixels"": 8, ""frame_count"": 3, ""gamma"": 3.3000000000000003, ""height"": 230, ""insert_inversion"": false, ""inversion_alpha"": null, ""inversion_flicker_warn"": false, ""long_frame_intervals"": 1, ""max_frame_interval_ms"": 87.5, ""mean_frame_interval_ms"": 4.177825503355703, ""mode"": ""temporal"", ""n"": 3, ""noise_residual"": 0, ""observed_effective_cycle_hz"": 79.78632258948922, ""observed_full_cycle_hz"": 79.78632258948922, ""observed_refresh_hz"": 239.35896776846766, ""per_cycle_slots"": 3, ""permutation"": [2, 1, 0], ""refresh_hz"": 238.09523809519686, ""rendered_frames"": 7451, ""safe_flicker_hz"": 50, ""timing_intervals"": 7450, ""width"": 900}"
P013,18,n4_mask_noise,层数 4，遮罩 + 噪声,4,4,mask+noise,oworalo alosure womupes sezem tawe igiga sufum tavaba kopitab mubipa ruza avifuda afanofu tiweson operamu bizezab ukifeg abesefi fufasik timat pekoze dogewor lede erulol,4,5,3,,1,17277,2026-07-08T02:58:19.149Z,2026-07-08T02:58:36.426Z,"{""anti_ocr"": {""profile"": ""off""}, ""completeness_ok"": true, ""counts"": [51475, 51827, 52014, 51684], ""cycle_hz"": 59.523809523799216, ""cycles"": 1, ""dropped_frame_rate"": 0.0036040365209034117, ""dropped_frames"": 15, ""epsilonPixels"": 8, ""frame_count"": 4, ""gamma"": 4.4, ""height"": 230, ""insert_inversion"": false, ""inversion_alpha"": null, ""inversion_flicker_warn"": false, ""long_frame_intervals"": 1, ""max_frame_interval_ms"": 66.70000000001164, ""mean_frame_interval_ms"": 4.181697612732095, ""mode"": ""temporal"", ""n"": 4, ""noise_residual"": 0, ""observed_effective_cycle_hz"": 59.784332381858555, ""observed_full_cycle_hz"": 59.784332381858555, ""observed_refresh_hz"": 239.13732952743422, ""per_cycle_slots"": 4, ""permutation"": [0, 1, 3, 2], ""refresh_hz"": 238.09523809519686, ""rendered_frames"": 4148, ""safe_flicker_hz"": 50, ""timing_intervals"": 4147, ""width"": 900}"
P013,18,n2_mask_noise,层数 2，遮罩 + 噪声,2,2,mask+noise,gafo rekud ogad biwo alope anin pasif evowav eneka epitegi finolat afazes mifizu apetu noroni ozapudi pelafi upumew webig kumaso umude alofep onetobo nigonis libaf fofez,5,5,5,,2,10329,2026-07-08T02:58:36.464Z,2026-07-08T02:58:46.794Z,"{""anti_ocr"": {""profile"": ""off""}, ""completeness_ok"": true, ""counts"": [103900, 103100], ""cycle_hz"": 119.04761904759843, ""cycles"": 1, ""dropped_frame_rate"": 0.003216726980297547, ""dropped_frames"": 8, ""epsilonPixels"": 8, ""frame_count"": 2, ""gamma"": 2.2, ""height"": 230, ""insert_inversion"": false, ""inversion_alpha"": null, ""inversion_flicker_warn"": false, ""long_frame_intervals"": 1, ""max_frame_interval_ms"": 37.5, ""mean_frame_interval_ms"": 4.180032271077042, ""mode"": ""temporal"", ""n"": 2, ""noise_residual"": 0, ""observed_effective_cycle_hz"": 119.61630140026841, ""observed_full_cycle_hz"": 119.61630140026841, ""observed_refresh_hz"": 239.23260280053682, ""per_cycle_slots"": 2, ""permutation"": [0, 1], ""refresh_hz"": 238.09523809519686, ""rendered_frames"": 2480, ""safe_flicker_hz"": 50, ""timing_intervals"": 2479, ""width"": 900}"
P013,18,n4_mask_only,层数 4，仅遮罩,4,4,mask-only,ipamu nelumiv dateruz gomub unizu vokusu usemu ofogusa avedu ilar pasi odeno eluwi itugevo kumaniv eseka ulubiza apot podis sodoku abulewe azivaf akima odepof okazon buke,4,5,4,,3,17946,2026-07-08T02:58:46.824Z,2026-07-08T02:59:04.770Z,"{""anti_ocr"": {""profile"": ""off""}, ""completeness_ok"": true, ""counts"": [51492, 51657, 51838, 52013], ""cycle_hz"": 59.523809523799216, ""cycles"": 1, ""dropped_frame_rate"": 0.0013911430558775793, ""dropped_frames"": 6, ""epsilonPixels"": 8, ""frame_count"": 4, ""gamma"": 4.4, ""height"": 230, ""insert_inversion"": false, ""inversion_alpha"": null, ""inversion_flicker_warn"": false, ""long_frame_intervals"": 1, ""max_frame_interval_ms"": 29.099999999976717, ""mean_frame_interval_ms"": 4.172416995588572, ""mode"": ""temporal"", ""n"": 4, ""noise_residual"": 0, ""observed_effective_cycle_hz"": 59.917309383103586, ""observed_full_cycle_hz"": 59.917309383103586, ""observed_refresh_hz"": 239.66923753241434, ""per_cycle_slots"": 4, ""permutation"": [3, 2, 0, 1], ""refresh_hz"": 238.09523809519686, ""rendered_frames"": 4308, ""safe_flicker_hz"": 50, ""timing_intervals"": 4307, ""width"": 900}"
P013,18,control_anchor,未遮罩原文（量表锚点）,1,1,none,edanutu ivopo uladile nofewob siva tivu kosakeg wakido otuf lozu roza ivib limotaf kawuged awod aberap ivipo gipeluz egubos sirim ekilezi zifabes ukelete epotoko vimob fi,5,5,5,,4,10606,2026-07-08T02:59:04.772Z,2026-07-08T02:59:15.378Z,"{""anti_ocr"": {""profile"": ""off""}, ""cycle_hz"": 238.09523809519686, ""cycles"": 1, ""dropped_frame_rate"": 0, ""dropped_frames"": 0, ""frame_count"": 1, ""height"": 230, ""insert_inversion"": false, ""long_frame_intervals"": 0, ""max_frame_interval_ms"": 4.5, ""mean_frame_interval_ms"": 4.166640471512784, ""mode"": ""source_control"", ""n"": 1, ""observed_effective_cycle_hz"": 240.00150885034955, ""observed_full_cycle_hz"": 240.00150885034955, ""observed_refresh_hz"": 240.00150885034955, ""per_cycle_slots"": 1, ""refresh_hz"": 238.09523809519686, ""rendered_frames"": 2546, ""safe_flicker_hz"": 50, ""timing_intervals"": 2545, ""width"": 900}"
P013,18,deployed_full,实际部署完整配置,4,4,mask+noise+anti-ocr+inversion,adam amadugo supe evenip zefaza bafimem ulepa aladim upuz vodiv afob onezad delam edazode zopatan efofa isaz akusivo ipataza gisuker uvos areko ivab pove ripu iporo iriti,2,1,3,,5,15180,2026-07-08T02:59:15.758Z,2026-07-08T02:59:30.938Z,"{""anti_ocr"": {""glyph_alpha"": 0.12, ""profile"": ""strong"", ""salient_pixels"": 25488, ""stripe_alpha"": 0.1, ""stripe_width"": 10}, ""completeness_ok"": true, ""counts"": [51742, 51970, 51678, 51610], ""cycle_hz"": 59.523809523799216, ""cycles"": 6, ""dropped_frame_rate"": 0.02410929547281007, ""dropped_frames"": 90, ""epsilonPixels"": 8, ""frame_count"": 30, ""gamma"": 4.4, ""height"": 230, ""insert_inversion"": true, ""inversion_alpha"": 0.2, ""inversion_flicker_warn"": true, ""long_frame_intervals"": 2, ""max_frame_interval_ms"": 379.20000000001164, ""mean_frame_interval_ms"": 4.2707384024155886, ""mode"": ""temporal"", ""n"": 4, ""noise_residual"": 0, ""observed_effective_cycle_hz"": 58.537886530019385, ""observed_full_cycle_hz"": 46.83030922401551, ""observed_refresh_hz"": 234.15154612007754, ""per_cycle_slots"": 5, ""permutation"": [3, 2, 0, 1], ""refresh_hz"": 238.09523809519686, ""rendered_frames"": 3644, ""safe_flicker_hz"": 50, ""timing_intervals"": 3643, ""width"": 900}"
P014,19,n4_mask_noise,层数 4，遮罩 + 噪声,4,4,mask+noise,uwifivo milat barok sawa izuboz elogeb bowuza kapani mulo itefeti pikupow ekuf ofofuvi azusuri maru keviw ponow fibum dilab uroka rutemad kiwo erore onopo okoba ifipuk ud,5,5,5,,0,10808,2026-07-08T03:03:42.283Z,2026-07-08T03:03:53.091Z,"{""anti_ocr"": {""profile"": ""off""}, ""completeness_ok"": true, ""counts"": [51547, 52017, 51584, 51852], ""cycle_hz"": 59.523809523824994, ""cycles"": 1, ""dropped_frame_rate"": 0.0076511094108645756, ""dropped_frames"": 20, ""epsilonPixels"": 8, ""frame_count"": 4, ""gamma"": 4.4, ""height"": 230, ""insert_inversion"": false, ""inversion_alpha"": null, ""inversion_flicker_warn"": false, ""long_frame_intervals"": 1, ""max_frame_interval_ms"": 87.5, ""mean_frame_interval_ms"": 4.198727833461835, ""mode"": ""temporal"", ""n"": 4, ""noise_residual"": 0, ""observed_effective_cycle_hz"": 59.54184455768259, ""observed_full_cycle_hz"": 59.54184455768259, ""observed_refresh_hz"": 238.16737823073035, ""per_cycle_slots"": 4, ""permutation"": [3, 2, 0, 1], ""refresh_hz"": 238.09523809529998, ""rendered_frames"": 2595, ""safe_flicker_hz"": 50, ""timing_intervals"": 2594, ""width"": 900}"
P014,19,n4_mask_only,层数 4，仅遮罩,4,4,mask-only,uvimi mava enemove ipezad ifep gusew vuguz ipoli lanuwu inok mibegum atuza duken fogiton uzik senafus visoru oradog epawi tinoken teforik akumeni ererap azog uremet amet,5,5,5,,1,11615,2026-07-08T03:03:53.115Z,2026-07-08T03:04:04.730Z,"{""anti_ocr"": {""profile"": ""off""}, ""completeness_ok"": true, ""counts"": [51475, 51817, 51808, 51900], ""cycle_hz"": 59.523809523824994, ""cycles"": 1, ""dropped_frame_rate"": 0.0014326647564469914, ""dropped_frames"": 4, ""epsilonPixels"": 8, ""frame_count"": 4, ""gamma"": 4.4, ""height"": 230, ""insert_inversion"": false, ""inversion_alpha"": null, ""inversion_flicker_warn"": false, ""long_frame_intervals"": 1, ""max_frame_interval_ms"": 20.79999999998836, ""mean_frame_interval_ms"": 4.172596843615489, ""mode"": ""temporal"", ""n"": 4, ""noise_residual"": 0, ""observed_effective_cycle_hz"": 59.91472681635328, ""observed_full_cycle_hz"": 59.91472681635328, ""observed_refresh_hz"": 239.65890726541312, ""per_cycle_slots"": 4, ""permutation"": [1, 2, 0, 3], ""refresh_hz"": 238.09523809529998, ""rendered_frames"": 2789, ""safe_flicker_hz"": 50, ""timing_intervals"": 2788, ""width"": 900}"
P014,19,n3_mask_noise,层数 3，遮罩 + 噪声,3,3,mask+noise,bepod kuvurat izonuf wizod uvesa koko ikumo abolato iwus osaw efap ogur wapo fosa uvekum iket aniki owikom adap runi zofane ligu ileg etonofu tinim avobazu omav ikorur ir,5,5,5,,2,10321,2026-07-08T03:04:04.793Z,2026-07-08T03:04:15.114Z,"{""anti_ocr"": {""profile"": ""off""}, ""completeness_ok"": true, ""counts"": [68899, 69163, 68938], ""cycle_hz"": 79.36507936509999, ""cycles"": 1, ""dropped_frame_rate"": 0.0056179775280898875, ""dropped_frames"": 14, ""epsilonPixels"": 8, ""frame_count"": 3, ""gamma"": 3.3000000000000003, ""height"": 230, ""insert_inversion"": false, ""inversion_alpha"": null, ""inversion_flicker_warn"": false, ""long_frame_intervals"": 1, ""max_frame_interval_ms"": 62.60000000000582, ""mean_frame_interval_ms"": 4.190153349475388, ""mode"": ""temporal"", ""n"": 3, ""noise_residual"": 0, ""observed_effective_cycle_hz"": 79.55158332691262, ""observed_full_cycle_hz"": 79.55158332691262, ""observed_refresh_hz"": 238.65474998073788, ""per_cycle_slots"": 3, ""permutation"": [2, 0, 1], ""refresh_hz"": 238.09523809529998, ""rendered_frames"": 2479, ""safe_flicker_hz"": 50, ""timing_intervals"": 2478, ""width"": 900}"
P014,19,deployed_full,实际部署完整配置,4,4,mask+noise+anti-ocr+inversion,bake akaso dupezu atalu iwen abumaz lapo boze mizar wavidil kala gisor fereb tara fupami mavaw fudiva kudeda ozuse nemor gagibit upepu akamap buwew ifira agizawe nisepi u,5,4,5,,3,15629,2026-07-08T03:04:15.493Z,2026-07-08T03:04:31.122Z,"{""anti_ocr"": {""glyph_alpha"": 0.12, ""profile"": ""strong"", ""salient_pixels"": 25467, ""stripe_alpha"": 0.1, ""stripe_width"": 10}, ""completeness_ok"": true, ""counts"": [51443, 51933, 51982, 51642], ""cycle_hz"": 59.523809523824994, ""cycles"": 6, ""dropped_frame_rate"": 0.023177083333333334, ""dropped_frames"": 89, ""epsilonPixels"": 8, ""frame_count"": 30, ""gamma"": 4.4, ""height"": 230, ""insert_inversion"": true, ""inversion_alpha"": 0.2, ""inversion_flicker_warn"": true, ""long_frame_intervals"": 2, ""max_frame_interval_ms"": 374.8999999999942, ""mean_frame_interval_ms"": 4.266595574513463, ""mode"": ""temporal"", ""n"": 4, ""noise_residual"": 0, ""observed_effective_cycle_hz"": 58.59472631842039, ""observed_full_cycle_hz"": 46.875781054736315, ""observed_refresh_hz"": 234.37890527368157, ""per_cycle_slots"": 5, ""permutation"": [1, 2, 3, 0], ""refresh_hz"": 238.09523809529998, ""rendered_frames"": 3752, ""safe_flicker_hz"": 50, ""timing_intervals"": 3751, ""width"": 900}"
P014,19,n2_mask_noise,层数 2，遮罩 + 噪声,2,2,mask+noise,betanup makedow rosemo olefo ibefebe eguwako dasu kibe uwilol murezu ewomuti safoni tener muzo gafigu omovo adalaro dikibin duwipi wefe otobuta odekefu ifafo pare imipel,5,5,5,,4,10505,2026-07-08T03:04:31.152Z,2026-07-08T03:04:41.658Z,"{""anti_ocr"": {""profile"": ""off""}, ""completeness_ok"": true, ""counts"": [103616, 103384], ""cycle_hz"": 119.04761904764999, ""cycles"": 1, ""dropped_frame_rate"": 0.002374356944994064, ""dropped_frames"": 6, ""epsilonPixels"": 8, ""frame_count"": 2, ""gamma"": 2.2, ""height"": 230, ""insert_inversion"": false, ""inversion_alpha"": null, ""inversion_flicker_warn"": false, ""long_frame_intervals"": 2, ""max_frame_interval_ms"": 25.10000000000582, ""mean_frame_interval_ms"": 4.176556921856409, ""mode"": ""temporal"", ""n"": 2, ""noise_residual"": 0, ""observed_effective_cycle_hz"": 119.71583516159968, ""observed_full_cycle_hz"": 119.71583516159968, ""observed_refresh_hz"": 239.43167032319937, ""per_cycle_slots"": 2, ""permutation"": [0, 1], ""refresh_hz"": 238.09523809529998, ""rendered_frames"": 2522, ""safe_flicker_hz"": 50, ""timing_intervals"": 2521, ""width"": 900}"
P014,19,control_anchor,未遮罩原文（量表锚点）,1,1,none,ferevi woko lotud lageku atamisi igege gezik onob orefez ubuvot ukomu okelume bobor fidawuw walepup fora adimako rabi udivat utufu balese edakato ebim fafak avunime enune,5,5,5,,5,10407,2026-07-08T03:04:41.659Z,2026-07-08T03:04:52.066Z,"{""anti_ocr"": {""profile"": ""off""}, ""cycle_hz"": 238.09523809529998, ""cycles"": 1, ""dropped_frame_rate"": 0, ""dropped_frames"": 0, ""frame_count"": 1, ""height"": 230, ""insert_inversion"": false, ""long_frame_intervals"": 0, ""max_frame_interval_ms"": 4.300000000046566, ""mean_frame_interval_ms"": 4.166639967961568, ""mode"": ""source_control"", ""n"": 1, ""observed_effective_cycle_hz"": 240.0015378552678, ""observed_full_cycle_hz"": 240.0015378552678, ""observed_refresh_hz"": 240.0015378552678, ""per_cycle_slots"": 1, ""refresh_hz"": 238.09523809529998, ""rendered_frames"": 2498, ""safe_flicker_hz"": 50, ""timing_intervals"": 2497, ""width"": 900}"
P015,20,n4_mask_noise,层数 4，遮罩 + 噪声,4,4,mask+noise,udugef uzenoga vonabo polu ogonune aduru ufifeve berezo ewupiba pidob ogepog wosiwuw eribito peto rikowi kevilir irodope uware vigimi obun gewelab umipa utogefu epawud bi,5,5,4,,0,42304,2026-07-08T05:05:52.529Z,2026-07-08T05:06:34.833Z,"{""anti_ocr"": {""profile"": ""off""}, ""completeness_ok"": true, ""counts"": [51776, 51578, 51947, 51699], ""cycle_hz"": 59.52380952116972, ""cycles"": 1, ""dropped_frame_rate"": 0.0011805213969503198, ""dropped_frames"": 12, ""epsilonPixels"": 8, ""frame_count"": 4, ""gamma"": 4.4, ""height"": 230, ""insert_inversion"": false, ""inversion_alpha"": null, ""inversion_flicker_warn"": false, ""long_frame_intervals"": 1, ""max_frame_interval_ms"": 54.09999999962747, ""mean_frame_interval_ms"": 4.171555205358004, ""mode"": ""temporal"", ""n"": 4, ""noise_residual"": 0, ""observed_effective_cycle_hz"": 59.929687536891876, ""observed_full_cycle_hz"": 59.929687536891876, ""observed_refresh_hz"": 239.7187501475675, ""per_cycle_slots"": 4, ""permutation"": [3, 0, 1, 2], ""refresh_hz"": 238.09523808467887, ""rendered_frames"": 10154, ""safe_flicker_hz"": 50, ""timing_intervals"": 10153, ""width"": 900}"
P015,20,n4_mask_only,层数 4，仅遮罩,4,4,mask-only,olisef pogunis woruw awan ibera ogadib demi areziz arizuzi elowa irud ekowipo unazafa alise ewetad idoba ekufak kifosa zinak ekazevi botob bafuwu mipefo owek tevan loropi,4,4,4,,1,14475,2026-07-08T05:06:34.886Z,2026-07-08T05:06:49.360Z,"{""anti_ocr"": {""profile"": ""off""}, ""completeness_ok"": true, ""counts"": [51647, 51738, 51807, 51808], ""cycle_hz"": 59.52380952116972, ""cycles"": 1, ""dropped_frame_rate"": 0.003155479059093517, ""dropped_frames"": 11, ""epsilonPixels"": 8, ""frame_count"": 4, ""gamma"": 4.4, ""height"": 230, ""insert_inversion"": false, ""inversion_alpha"": null, ""inversion_flicker_warn"": false, ""long_frame_intervals"": 1, ""max_frame_interval_ms"": 50, ""mean_frame_interval_ms"": 4.179827338129336, ""mode"": ""temporal"", ""n"": 4, ""noise_residual"": 0, ""observed_effective_cycle_hz"": 59.811083036718564, ""observed_full_cycle_hz"": 59.811083036718564, ""observed_refresh_hz"": 239.24433214687426, ""per_cycle_slots"": 4, ""permutation"": [1, 0, 2, 3], ""refresh_hz"": 238.09523808467887, ""rendered_frames"": 3476, ""safe_flicker_hz"": 50, ""timing_intervals"": 3475, ""width"": 900}"
P015,20,n3_mask_noise,层数 3，遮罩 + 噪声,3,3,mask+noise,nuben kurata agipo fafef loviliw umumone ipeni olekil iwaniwi okil tela odonino tulel garok dirusa bitu kepoz opitivu nimiv tetovom kadak ziti ogutew petat pomutik ogalak,4,4,4,,2,13664,2026-07-08T05:06:49.416Z,2026-07-08T05:07:03.080Z,"{""anti_ocr"": {""profile"": ""off""}, ""completeness_ok"": true, ""counts"": [69188, 68753, 69059], ""cycle_hz"": 79.36507936155962, ""cycles"": 1, ""dropped_frame_rate"": 0.0036452004860267314, ""dropped_frames"": 12, ""epsilonPixels"": 8, ""frame_count"": 3, ""gamma"": 3.3000000000000003, ""height"": 230, ""insert_inversion"": false, ""inversion_alpha"": null, ""inversion_flicker_warn"": false, ""long_frame_intervals"": 1, ""max_frame_interval_ms"": 54.19999999925494, ""mean_frame_interval_ms"": 4.18192073170709, ""mode"": ""temporal"", ""n"": 3, ""noise_residual"": 0, ""observed_effective_cycle_hz"": 79.70819025956627, ""observed_full_cycle_hz"": 79.70819025956627, ""observed_refresh_hz"": 239.1245707786988, ""per_cycle_slots"": 3, ""permutation"": [1, 0, 2], ""refresh_hz"": 238.09523808467887, ""rendered_frames"": 3281, ""safe_flicker_hz"": 50, ""timing_intervals"": 3280, ""width"": 900}"
P015,20,deployed_full,实际部署完整配置,4,4,mask+noise+anti-ocr+inversion,sodem ogited ekez iwam domovup atitezu uvazik ilum obobaka wuzuluk rapube gezevis anital uvadur ebuk eziro enamano ekofusa pifew ezukor atuz bavor putum ozagesu lapiz vok,3,2,2,,3,16137,2026-07-08T05:07:03.488Z,2026-07-08T05:07:19.624Z,"{""anti_ocr"": {""glyph_alpha"": 0.12, ""profile"": ""strong"", ""salient_pixels"": 25638, ""stripe_alpha"": 0.1, ""stripe_width"": 10}, ""completeness_ok"": true, ""counts"": [52015, 51405, 51866, 51714], ""cycle_hz"": 59.52380952116972, ""cycles"": 6, ""dropped_frame_rate"": 0.024193548387096774, ""dropped_frames"": 96, ""epsilonPixels"": 8, ""frame_count"": 30, ""gamma"": 4.4, ""height"": 230, ""insert_inversion"": true, ""inversion_alpha"": 0.2, ""inversion_flicker_warn"": true, ""long_frame_intervals"": 2, ""max_frame_interval_ms"": 404.20000000018626, ""mean_frame_interval_ms"": 4.271048553719008, ""mode"": ""temporal"", ""n"": 4, ""noise_residual"": 0, ""observed_effective_cycle_hz"": 58.53363567649282, ""observed_full_cycle_hz"": 46.82690854119426, ""observed_refresh_hz"": 234.13454270597128, ""per_cycle_slots"": 5, ""permutation"": [3, 2, 1, 0], ""refresh_hz"": 238.09523808467887, ""rendered_frames"": 3873, ""safe_flicker_hz"": 50, ""timing_intervals"": 3872, ""width"": 900}"
P015,20,n2_mask_noise,层数 2，遮罩 + 噪声,2,2,mask+noise,atop obarere menabus izanizi amamo mato mubi gowake bolafe gudof tetalul femog penuf badeka uwudoto fepom lanowo kibo tidito nenobo esamu iker fube zeve ovimi enufek liva,5,5,5,,4,10645,2026-07-08T05:07:19.699Z,2026-07-08T05:07:30.344Z,"{""anti_ocr"": {""profile"": ""off""}, ""completeness_ok"": true, ""counts"": [103672, 103328], ""cycle_hz"": 119.04761904233943, ""cycles"": 1, ""dropped_frame_rate"": 0.006609642301710731, ""dropped_frames"": 17, ""epsilonPixels"": 8, ""frame_count"": 2, ""gamma"": 2.2, ""height"": 230, ""insert_inversion"": false, ""inversion_alpha"": null, ""inversion_flicker_warn"": false, ""long_frame_intervals"": 1, ""max_frame_interval_ms"": 75, ""mean_frame_interval_ms"": 4.194324853228963, ""mode"": ""temporal"", ""n"": 2, ""noise_residual"": 0, ""observed_effective_cycle_hz"": 119.20869686931367, ""observed_full_cycle_hz"": 119.20869686931367, ""observed_refresh_hz"": 238.41739373862734, ""per_cycle_slots"": 2, ""permutation"": [1, 0], ""refresh_hz"": 238.09523808467887, ""rendered_frames"": 2556, ""safe_flicker_hz"": 50, ""timing_intervals"": 2555, ""width"": 900}"
P015,20,control_anchor,未遮罩原文（量表锚点）,1,1,none,ugaf osel udinupa umuv dedozob avuzod ibal wetabe ruzam ovifimi onoza nuvivet pakades turewug samawe zilir bapun nutoli omosim egoni ogul azopidu imina gifizet ubuzos efu,5,5,5,,5,10615,2026-07-08T05:07:30.346Z,2026-07-08T05:07:40.960Z,"{""anti_ocr"": {""profile"": ""off""}, ""cycle_hz"": 238.09523808467887, ""cycles"": 1, ""dropped_frame_rate"": 0, ""dropped_frames"": 0, ""frame_count"": 1, ""height"": 230, ""insert_inversion"": false, ""long_frame_intervals"": 0, ""max_frame_interval_ms"": 4.6000000005587935, ""mean_frame_interval_ms"": 4.166627404790095, ""mode"": ""source_control"", ""n"": 1, ""observed_effective_cycle_hz"": 240.00226150540036, ""observed_full_cycle_hz"": 240.00226150540036, ""observed_refresh_hz"": 240.00226150540036, ""per_cycle_slots"": 1, ""refresh_hz"": 238.09523808467887, ""rendered_frames"": 2548, ""safe_flicker_hz"": 50, ""timing_intervals"": 2547, ""width"": 900}"
P016,21,n4_mask_only,层数 4，仅遮罩,4,4,mask-only,ebura onuduz ugar mirasus penav zefudef ovolad itotowu revo wesuw onowilu sodom epizo elav edefet uvibusu resavo wemil afudaf dodi orevitu fitabo vusut kafawe igumav ipal,5,5,5,,0,12404,2026-07-08T05:11:57.988Z,2026-07-08T05:12:10.392Z,"{""anti_ocr"": {""profile"": ""off""}, ""completeness_ok"": true, ""counts"": [51491, 51919, 52004, 51586], ""cycle_hz"": 59.523809523799216, ""cycles"": 1, ""dropped_frame_rate"": 0.003681392235609103, ""dropped_frames"": 11, ""epsilonPixels"": 8, ""frame_count"": 4, ""gamma"": 4.4, ""height"": 230, ""insert_inversion"": false, ""inversion_alpha"": null, ""inversion_flicker_warn"": false, ""long_frame_intervals"": 1, ""max_frame_interval_ms"": 50.10000000000582, ""mean_frame_interval_ms"": 4.1820288881424235, ""mode"": ""temporal"", ""n"": 4, ""noise_residual"": 0, ""observed_effective_cycle_hz"": 59.77959662326607, ""observed_full_cycle_hz"": 59.77959662326607, ""observed_refresh_hz"": 239.1183864930643, ""per_cycle_slots"": 4, ""permutation"": [3, 0, 2, 1], ""refresh_hz"": 238.09523809519686, ""rendered_frames"": 2978, ""safe_flicker_hz"": 50, ""timing_intervals"": 2977, ""width"": 900}"
P016,21,deployed_full,实际部署完整配置,4,4,mask+noise+anti-ocr+inversion,tepo kusatef tironat kukiker egezuz ezobela zunope sawiwi ezib otegaw sabo ewowim obigoso bakiluv uziw arin mamif anitu iget sazu enena uwepari ogibo esib latop ogorevu p,5,5,5,,1,10473,2026-07-08T05:12:10.752Z,2026-07-08T05:12:21.224Z,"{""anti_ocr"": {""glyph_alpha"": 0.12, ""profile"": ""strong"", ""salient_pixels"": 25511, ""stripe_alpha"": 0.1, ""stripe_width"": 10}, ""completeness_ok"": true, ""counts"": [51755, 51760, 51706, 51779], ""cycle_hz"": 59.523809523799216, ""cycles"": 6, ""dropped_frame_rate"": 0.032717474980754425, ""dropped_frames"": 85, ""epsilonPixels"": 8, ""frame_count"": 30, ""gamma"": 4.4, ""height"": 230, ""insert_inversion"": true, ""inversion_alpha"": 0.2, ""inversion_flicker_warn"": true, ""long_frame_intervals"": 2, ""max_frame_interval_ms"": 358.29999999998836, ""mean_frame_interval_ms"": 4.309271786709106, ""mode"": ""temporal"", ""n"": 4, ""noise_residual"": 0, ""observed_effective_cycle_hz"": 58.01444243342085, ""observed_full_cycle_hz"": 46.411553946736674, ""observed_refresh_hz"": 232.0577697336834, ""per_cycle_slots"": 5, ""permutation"": [1, 3, 2, 0], ""refresh_hz"": 238.09523809519686, ""rendered_frames"": 2514, ""safe_flicker_hz"": 50, ""timing_intervals"": 2513, ""width"": 900}"
P016,21,n4_mask_noise,层数 4，遮罩 + 噪声,4,4,mask+noise,pozifo vawim enol vagurug afasot vusi everi obamifi zimadis wawabur zivur ibolu omakow uroga edaz girugez tizon bofifa notug ganate pubigo udupadi taba zapit gilizi webi,5,5,5,,2,10709,2026-07-08T05:12:21.267Z,2026-07-08T05:12:31.976Z,"{""anti_ocr"": {""profile"": ""off""}, ""completeness_ok"": true, ""counts"": [52038, 51549, 51680, 51733], ""cycle_hz"": 59.523809523799216, ""cycles"": 1, ""dropped_frame_rate"": 0.0034883720930232558, ""dropped_frames"": 9, ""epsilonPixels"": 8, ""frame_count"": 4, ""gamma"": 4.4, ""height"": 230, ""insert_inversion"": false, ""inversion_alpha"": null, ""inversion_flicker_warn"": false, ""long_frame_intervals"": 1, ""max_frame_interval_ms"": 41.70000000001164, ""mean_frame_interval_ms"": 4.181213535589262, ""mode"": ""temporal"", ""n"": 4, ""noise_residual"": 0, ""observed_effective_cycle_hz"": 59.791253872129076, ""observed_full_cycle_hz"": 59.791253872129076, ""observed_refresh_hz"": 239.1650154885163, ""per_cycle_slots"": 4, ""permutation"": [3, 0, 2, 1], ""refresh_hz"": 238.09523809519686, ""rendered_frames"": 2572, ""safe_flicker_hz"": 50, ""timing_intervals"": 2571, ""width"": 900}"
P016,21,control_anchor,未遮罩原文（量表锚点）,1,1,none,suweton sima ozogure epefak nemu ureval awalobo tomiwuk imetu rakud tetal urozoto fobakur gepidol ofev rino omarago awinef pene ikud enerobe uviter aseko iwalafu notuz ok,5,5,5,,3,10606,2026-07-08T05:12:31.978Z,2026-07-08T05:12:42.584Z,"{""anti_ocr"": {""profile"": ""off""}, ""cycle_hz"": 238.09523809519686, ""cycles"": 1, ""dropped_frame_rate"": 0, ""dropped_frames"": 0, ""frame_count"": 1, ""height"": 230, ""insert_inversion"": false, ""long_frame_intervals"": 0, ""max_frame_interval_ms"": 4.399999999965075, ""mean_frame_interval_ms"": 4.166627358490575, ""mode"": ""source_control"", ""n"": 1, ""observed_effective_cycle_hz"": 240.002264172303, ""observed_full_cycle_hz"": 240.002264172303, ""observed_refresh_hz"": 240.002264172303, ""per_cycle_slots"": 1, ""refresh_hz"": 238.09523809519686, ""rendered_frames"": 2545, ""safe_flicker_hz"": 50, ""timing_intervals"": 2544, ""width"": 900}"
P016,21,n3_mask_noise,层数 3，遮罩 + 噪声,3,3,mask+noise,akonof boroko muwaki vuzatuk safita bafokak ogogi uzed suwi ugema gafawod irut wotopad uvekabi vamilif opif evefor ipedara sibot odokoke turamir irupape ezabak tubofi lop,5,5,5,,4,12567,2026-07-08T05:12:42.641Z,2026-07-08T05:12:55.208Z,"{""anti_ocr"": {""profile"": ""off""}, ""completeness_ok"": true, ""counts"": [69089, 68841, 69070], ""cycle_hz"": 79.36507936506563, ""cycles"": 1, ""dropped_frame_rate"": 0.003961703532518983, ""dropped_frames"": 12, ""epsilonPixels"": 8, ""frame_count"": 3, ""gamma"": 3.3000000000000003, ""height"": 230, ""insert_inversion"": false, ""inversion_alpha"": null, ""inversion_flicker_warn"": false, ""long_frame_intervals"": 1, ""max_frame_interval_ms"": 54.100000000034925, ""mean_frame_interval_ms"": 4.183195227046739, ""mode"": ""temporal"", ""n"": 3, ""noise_residual"": 0, ""observed_effective_cycle_hz"": 79.68390554142526, ""observed_full_cycle_hz"": 79.68390554142526, ""observed_refresh_hz"": 239.05171662427577, ""per_cycle_slots"": 3, ""permutation"": [2, 1, 0], ""refresh_hz"": 238.09523809519686, ""rendered_frames"": 3018, ""safe_flicker_hz"": 50, ""timing_intervals"": 3017, ""width"": 900}"
P016,21,n2_mask_noise,层数 2，遮罩 + 噪声,2,2,mask+noise,mubo ivago ogib somomo danozo vena zibalup vikef kotimo okib zeki viwi ukevon vefomiv eminere kale wofi edik uposu apuduru makapu ogodeg iseve zudelu zopu fafaz neleg ani,5,5,5,,5,11902,2026-07-08T05:12:55.282Z,2026-07-08T05:13:07.185Z,"{""anti_ocr"": {""profile"": ""off""}, ""completeness_ok"": true, ""counts"": [103167, 103833], ""cycle_hz"": 119.04761904759843, ""cycles"": 1, ""dropped_frame_rate"": 0.005569091541942221, ""dropped_frames"": 16, ""epsilonPixels"": 8, ""frame_count"": 2, ""gamma"": 2.2, ""height"": 230, ""insert_inversion"": false, ""inversion_alpha"": null, ""inversion_flicker_warn"": false, ""long_frame_intervals"": 1, ""max_frame_interval_ms"": 70.70000000001164, ""mean_frame_interval_ms"": 4.18995449772489, ""mode"": ""temporal"", ""n"": 2, ""noise_residual"": 0, ""observed_effective_cycle_hz"": 119.33303816819391, ""observed_full_cycle_hz"": 119.33303816819391, ""observed_refresh_hz"": 238.66607633638782, ""per_cycle_slots"": 2, ""permutation"": [1, 0], ""refresh_hz"": 238.09523809519686, ""rendered_frames"": 2858, ""safe_flicker_hz"": 50, ""timing_intervals"": 2857, ""width"": 900}"
P017,22,n4_mask_only,层数 4，仅遮罩,4,4,mask-only,moguti rakoma vinuna ulorado kedof kofegod wove etogiw liput gifises rikib rofiteg ofutefi paziz lipi sirudeb alobute noki uzezap nivovo ovawe gopo puzopa mefupig lanivi,5,5,5,,0,10418,2026-07-08T05:17:56.846Z,2026-07-08T05:18:07.264Z,"{""anti_ocr"": {""profile"": ""off""}, ""completeness_ok"": true, ""counts"": [51766, 52036, 51698, 51500], ""cycle_hz"": 59.523809523824994, ""cycles"": 1, ""dropped_frame_rate"": 0.004378980891719745, ""dropped_frames"": 11, ""epsilonPixels"": 8, ""frame_count"": 4, ""gamma"": 4.4, ""height"": 230, ""insert_inversion"": false, ""inversion_alpha"": null, ""inversion_flicker_warn"": false, ""long_frame_intervals"": 1, ""max_frame_interval_ms"": 50, ""mean_frame_interval_ms"": 4.184966013594565, ""mode"": ""temporal"", ""n"": 4, ""noise_residual"": 0, ""observed_effective_cycle_hz"": 59.737641641029526, ""observed_full_cycle_hz"": 59.737641641029526, ""observed_refresh_hz"": 238.9505665641181, ""per_cycle_slots"": 4, ""permutation"": [3, 2, 0, 1], ""refresh_hz"": 238.09523809529998, ""rendered_frames"": 2502, ""safe_flicker_hz"": 50, ""timing_intervals"": 2501, ""width"": 900}"
P017,22,deployed_full,实际部署完整配置,4,4,mask+noise+anti-ocr+inversion,ipen ipiduvu isib pividu tepodow nora eniveru utufem vugef ufuwu natido ruvi kugati wuri fupekuk erem igew poweki eriwi umigi ivawew gelu pawubu gudiwo wofow vazi ezemiki,5,5,5,,1,10686,2026-07-08T05:18:07.626Z,2026-07-08T05:18:18.312Z,"{""anti_ocr"": {""glyph_alpha"": 0.12, ""profile"": ""strong"", ""salient_pixels"": 25678, ""stripe_alpha"": 0.1, ""stripe_width"": 10}, ""completeness_ok"": true, ""counts"": [51686, 51855, 51825, 51634], ""cycle_hz"": 59.523809523824994, ""cycles"": 6, ""dropped_frame_rate"": 0.03207547169811321, ""dropped_frames"": 85, ""epsilonPixels"": 8, ""frame_count"": 30, ""gamma"": 4.4, ""height"": 230, ""insert_inversion"": true, ""inversion_alpha"": 0.2, ""inversion_flicker_warn"": true, ""long_frame_intervals"": 1, ""max_frame_interval_ms"": 362.5999999999767, ""mean_frame_interval_ms"": 4.3063547758284555, ""mode"": ""temporal"", ""n"": 4, ""noise_residual"": 0, ""observed_effective_cycle_hz"": 58.05373988303253, ""observed_full_cycle_hz"": 46.44299190642602, ""observed_refresh_hz"": 232.2149595321301, ""per_cycle_slots"": 5, ""permutation"": [3, 2, 1, 0], ""refresh_hz"": 238.09523809529998, ""rendered_frames"": 2566, ""safe_flicker_hz"": 50, ""timing_intervals"": 2565, ""width"": 900}"
P017,22,n4_mask_noise,层数 4，遮罩 + 噪声,4,4,mask+noise,ozogur nini udiwunu odok widab iranazi oseniw atela ifura epuf ifol zabalo iles sekibam vivafi dupifer seta enumus ogiwi moruv ogesut letupur vadula lapomef fizi ruka ani,5,5,5,,2,10308,2026-07-08T05:18:18.356Z,2026-07-08T05:18:28.664Z,"{""anti_ocr"": {""profile"": ""off""}, ""completeness_ok"": true, ""counts"": [52166, 51779, 51331, 51724], ""cycle_hz"": 59.523809523824994, ""cycles"": 1, ""dropped_frame_rate"": 0.003624647603705195, ""dropped_frames"": 9, ""epsilonPixels"": 8, ""frame_count"": 4, ""gamma"": 4.4, ""height"": 230, ""insert_inversion"": false, ""inversion_alpha"": null, ""inversion_flicker_warn"": false, ""long_frame_intervals"": 1, ""max_frame_interval_ms"": 41.79999999998836, ""mean_frame_interval_ms"": 4.1818108326596555, ""mode"": ""temporal"", ""n"": 4, ""noise_residual"": 0, ""observed_effective_cycle_hz"": 59.78271375824013, ""observed_full_cycle_hz"": 59.78271375824013, ""observed_refresh_hz"": 239.1308550329605, ""per_cycle_slots"": 4, ""permutation"": [0, 1, 3, 2], ""refresh_hz"": 238.09523809529998, ""rendered_frames"": 2475, ""safe_flicker_hz"": 50, ""timing_intervals"": 2474, ""width"": 900}"
P017,22,control_anchor,未遮罩原文（量表锚点）,1,1,none,eguwup ifilu goguv omuv afezifi ewurive owute ovalusi erewe nuferal afowa zoduf tamerev ezow epiru nirob pozogem viba vemoni pobug idid utus urizibe nazoliw menak vilego,5,5,5,,3,12566,2026-07-08T05:18:28.666Z,2026-07-08T05:18:41.232Z,"{""anti_ocr"": {""profile"": ""off""}, ""cycle_hz"": 238.09523809529998, ""cycles"": 1, ""dropped_frame_rate"": 0, ""dropped_frames"": 0, ""frame_count"": 1, ""height"": 230, ""insert_inversion"": false, ""long_frame_intervals"": 0, ""max_frame_interval_ms"": 4.599999999976717, ""mean_frame_interval_ms"": 4.1666114058355435, ""mode"": ""source_control"", ""n"": 1, ""observed_effective_cycle_hz"": 240.00318306608844, ""observed_full_cycle_hz"": 240.00318306608844, ""observed_refresh_hz"": 240.00318306608844, ""per_cycle_slots"": 1, ""refresh_hz"": 238.09523809529998, ""rendered_frames"": 3017, ""safe_flicker_hz"": 50, ""timing_intervals"": 3016, ""width"": 900}"
P017,22,n3_mask_noise,层数 3，遮罩 + 噪声,3,3,mask+noise,luliw ipunu wuvuva sapip ebub afuta gasi esoko etifino agamak atofug avapazi osanum vikamu amopam aragen ewiva botusu nufakot ekop ninu owofef ofulinu fizosi donema petek,4,4,4,,4,12023,2026-07-08T05:18:41.297Z,2026-07-08T05:18:53.320Z,"{""anti_ocr"": {""profile"": ""off""}, ""completeness_ok"": true, ""counts"": [69169, 68983, 68848], ""cycle_hz"": 79.36507936509999, ""cycles"": 1, ""dropped_frame_rate"": 0.004827586206896552, ""dropped_frames"": 14, ""epsilonPixels"": 8, ""frame_count"": 3, ""gamma"": 3.3000000000000003, ""height"": 230, ""insert_inversion"": false, ""inversion_alpha"": null, ""inversion_flicker_warn"": false, ""long_frame_intervals"": 1, ""max_frame_interval_ms"": 62.60000000000582, ""mean_frame_interval_ms"": 4.186832986832991, ""mode"": ""temporal"", ""n"": 3, ""noise_residual"": 0, ""observed_effective_cycle_hz"": 79.61467161016941, ""observed_full_cycle_hz"": 79.61467161016941, ""observed_refresh_hz"": 238.84401483050823, ""per_cycle_slots"": 3, ""permutation"": [2, 0, 1], ""refresh_hz"": 238.09523809529998, ""rendered_frames"": 2887, ""safe_flicker_hz"": 50, ""timing_intervals"": 2886, ""width"": 900}"
P017,22,n2_mask_noise,层数 2，遮罩 + 噪声,2,2,mask+noise,lepek rabepa ugani parap zadof itivur owagore roveke gukuk uwufi onep felowe okavek ukepako rebomot rebago etimun aret wapobi omenu pirulem ivazor ratif ugez dupu ivosu i,4,4,4,,5,12499,2026-07-08T05:18:53.405Z,2026-07-08T05:19:05.904Z,"{""anti_ocr"": {""profile"": ""off""}, ""completeness_ok"": true, ""counts"": [103398, 103602], ""cycle_hz"": 119.04761904764999, ""cycles"": 1, ""dropped_frame_rate"": 0.006293474660483604, ""dropped_frames"": 19, ""epsilonPixels"": 8, ""frame_count"": 2, ""gamma"": 2.2, ""height"": 230, ""insert_inversion"": false, ""inversion_alpha"": null, ""inversion_flicker_warn"": false, ""long_frame_intervals"": 1, ""max_frame_interval_ms"": 83.29999999998836, ""mean_frame_interval_ms"": 4.193033333333325, ""mode"": ""temporal"", ""n"": 2, ""noise_residual"": 0, ""observed_effective_cycle_hz"": 119.24541501379295, ""observed_full_cycle_hz"": 119.24541501379295, ""observed_refresh_hz"": 238.4908300275859, ""per_cycle_slots"": 2, ""permutation"": [0, 1], ""refresh_hz"": 238.09523809529998, ""rendered_frames"": 3001, ""safe_flicker_hz"": 50, ""timing_intervals"": 3000, ""width"": 900}"
P018,23,deployed_full,实际部署完整配置,4,4,mask+noise+anti-ocr+inversion,rudenem wupa erezavi ewug kapona lilu visofet uveka ogere enezawe sufiro weli kipok dolira nofofun bitused irug tavef nibo zadep vumepo ogaga ipon ekata dagob gebud ifono,5,5,5,,0,16445,2026-07-08T05:23:47.571Z,2026-07-08T05:24:04.016Z,"{""anti_ocr"": {""glyph_alpha"": 0.12, ""profile"": ""strong"", ""salient_pixels"": 25705, ""stripe_alpha"": 0.1, ""stripe_width"": 10}, ""completeness_ok"": true, ""counts"": [51607, 52028, 51978, 51387], ""cycle_hz"": 59.523809523799216, ""cycles"": 6, ""dropped_frame_rate"": 0.023503216229589313, ""dropped_frames"": 95, ""epsilonPixels"": 8, ""frame_count"": 30, ""gamma"": 4.4, ""height"": 230, ""insert_inversion"": true, ""inversion_alpha"": 0.2, ""inversion_flicker_warn"": true, ""long_frame_intervals"": 2, ""max_frame_interval_ms"": 400, ""mean_frame_interval_ms"": 4.2679756777299245, ""mode"": ""temporal"", ""n"": 4, ""noise_residual"": 0, ""observed_effective_cycle_hz"": 58.57577898217345, ""observed_full_cycle_hz"": 46.86062318573876, ""observed_refresh_hz"": 234.3031159286938, ""per_cycle_slots"": 5, ""permutation"": [0, 2, 3, 1], ""refresh_hz"": 238.09523809519686, ""rendered_frames"": 3948, ""safe_flicker_hz"": 50, ""timing_intervals"": 3947, ""width"": 900}"
P018,23,control_anchor,未遮罩原文（量表锚点）,1,1,none,vikowu vevode gegot izek epazap ewup razu ulegol movegu kagig epusuri sezelir efufilo iwoz memaz etekara orama elegu gapiri ekeg arimigi kenusuz nina udisi utevuwo ubeg s,5,5,5,,1,10806,2026-07-08T05:24:04.018Z,2026-07-08T05:24:14.824Z,"{""anti_ocr"": {""profile"": ""off""}, ""cycle_hz"": 238.09523809519686, ""cycles"": 1, ""dropped_frame_rate"": 0, ""dropped_frames"": 0, ""frame_count"": 1, ""height"": 230, ""insert_inversion"": false, ""long_frame_intervals"": 0, ""max_frame_interval_ms"": 4.399999999994179, ""mean_frame_interval_ms"": 4.166628086419751, ""mode"": ""source_control"", ""n"": 1, ""observed_effective_cycle_hz"": 240.0022222427987, ""observed_full_cycle_hz"": 240.0022222427987, ""observed_refresh_hz"": 240.0022222427987, ""per_cycle_slots"": 1, ""refresh_hz"": 238.09523809519686, ""rendered_frames"": 2593, ""safe_flicker_hz"": 50, ""timing_intervals"": 2592, ""width"": 900}"
P018,23,n4_mask_only,层数 4，仅遮罩,4,4,mask-only,ebibos ewabug ipisuli okovo loli izase zesa kelage unef onifil akono ekipad bosikil epigi rapukup debibu fivime fatigap olad davu ufip umud alafo kuvufev ubowoki udare is,5,5,5,,2,10518,2026-07-08T05:24:14.850Z,2026-07-08T05:24:25.368Z,"{""anti_ocr"": {""profile"": ""off""}, ""completeness_ok"": true, ""counts"": [52056, 51399, 51560, 51985], ""cycle_hz"": 59.523809523799216, ""cycles"": 1, ""dropped_frame_rate"": 0.001976284584980237, ""dropped_frames"": 5, ""epsilonPixels"": 8, ""frame_count"": 4, ""gamma"": 4.4, ""height"": 230, ""insert_inversion"": false, ""inversion_alpha"": null, ""inversion_flicker_warn"": false, ""long_frame_intervals"": 1, ""max_frame_interval_ms"": 25.10000000000582, ""mean_frame_interval_ms"": 4.174891089108913, ""mode"": ""temporal"", ""n"": 4, ""noise_residual"": 0, ""observed_effective_cycle_hz"": 59.88180162404186, ""observed_full_cycle_hz"": 59.88180162404186, ""observed_refresh_hz"": 239.52720649616745, ""per_cycle_slots"": 4, ""permutation"": [3, 1, 2, 0], ""refresh_hz"": 238.09523809519686, ""rendered_frames"": 2526, ""safe_flicker_hz"": 50, ""timing_intervals"": 2525, ""width"": 900}"
P018,23,n2_mask_noise,层数 2，遮罩 + 噪声,2,2,mask+noise,sowofe duse risuwoz wape akeg pugan runan azuget gebe bopafa usumudi emute ibapul obifo kuwelum oges saviwug dufuko anot owafofo uwezeb emefi owafi ezum ofawu penabaw waw,5,5,5,,3,10783,2026-07-08T05:24:25.441Z,2026-07-08T05:24:36.224Z,"{""anti_ocr"": {""profile"": ""off""}, ""completeness_ok"": true, ""counts"": [103701, 103299], ""cycle_hz"": 119.04761904759843, ""cycles"": 1, ""dropped_frame_rate"": 0.006144393241167435, ""dropped_frames"": 16, ""epsilonPixels"": 8, ""frame_count"": 2, ""gamma"": 2.2, ""height"": 230, ""insert_inversion"": false, ""inversion_alpha"": null, ""inversion_flicker_warn"": false, ""long_frame_intervals"": 1, ""max_frame_interval_ms"": 70.79999999998836, ""mean_frame_interval_ms"": 4.192387944358565, ""mode"": ""temporal"", ""n"": 2, ""noise_residual"": 0, ""observed_effective_cycle_hz"": 119.26377201633233, ""observed_full_cycle_hz"": 119.26377201633233, ""observed_refresh_hz"": 238.52754403266465, ""per_cycle_slots"": 2, ""permutation"": [1, 0], ""refresh_hz"": 238.09523809519686, ""rendered_frames"": 2589, ""safe_flicker_hz"": 50, ""timing_intervals"": 2588, ""width"": 900}"
P018,23,n4_mask_noise,层数 4，遮罩 + 噪声,4,4,mask+noise,izugepa pogil fusob odipete rakak tubak nufumuf kadabiw woda awesilu eraku fobike igez ilut tigis irifir ivapigi elal elibumi oded iwon pogeve ivamam feze utotok vovemu a,5,5,5,,4,10487,2026-07-08T05:24:36.281Z,2026-07-08T05:24:46.768Z,"{""anti_ocr"": {""profile"": ""off""}, ""completeness_ok"": true, ""counts"": [52024, 51431, 51828, 51717], ""cycle_hz"": 59.523809523799216, ""cycles"": 1, ""dropped_frame_rate"": 0.005138339920948616, ""dropped_frames"": 13, ""epsilonPixels"": 8, ""frame_count"": 4, ""gamma"": 4.4, ""height"": 230, ""insert_inversion"": false, ""inversion_alpha"": null, ""inversion_flicker_warn"": false, ""long_frame_intervals"": 1, ""max_frame_interval_ms"": 58.29999999998836, ""mean_frame_interval_ms"": 4.188200238379027, ""mode"": ""temporal"", ""n"": 4, ""noise_residual"": 0, ""observed_effective_cycle_hz"": 59.69151085688261, ""observed_full_cycle_hz"": 59.69151085688261, ""observed_refresh_hz"": 238.76604342753043, ""per_cycle_slots"": 4, ""permutation"": [2, 3, 0, 1], ""refresh_hz"": 238.09523809519686, ""rendered_frames"": 2518, ""safe_flicker_hz"": 50, ""timing_intervals"": 2517, ""width"": 900}"
P018,23,n3_mask_noise,层数 3，遮罩 + 噪声,3,3,mask+noise,ekogu finuk tulekep eminuz unon imizap iferetu oledo ofizav okako idinet giga vepusen vumele zofadif rawu ipebiso kugibum uwezon nunopoz ovemaw awofur afegeri oduli idefu,5,5,5,,5,10510,2026-07-08T05:24:46.818Z,2026-07-08T05:24:57.328Z,"{""anti_ocr"": {""profile"": ""off""}, ""completeness_ok"": true, ""counts"": [69183, 68894, 68923], ""cycle_hz"": 79.36507936506563, ""cycles"": 1, ""dropped_frame_rate"": 0.004340962904498816, ""dropped_frames"": 11, ""epsilonPixels"": 8, ""frame_count"": 3, ""gamma"": 3.3000000000000003, ""height"": 230, ""insert_inversion"": false, ""inversion_alpha"": null, ""inversion_flicker_warn"": false, ""long_frame_intervals"": 1, ""max_frame_interval_ms"": 50, ""mean_frame_interval_ms"": 4.184780023781218, ""mode"": ""temporal"", ""n"": 3, ""noise_residual"": 0, ""observed_effective_cycle_hz"": 79.65372885529722, ""observed_full_cycle_hz"": 79.65372885529722, ""observed_refresh_hz"": 238.96118656589164, ""per_cycle_slots"": 3, ""permutation"": [2, 0, 1], ""refresh_hz"": 238.09523809519686, ""rendered_frames"": 2524, ""safe_flicker_hz"": 50, ""timing_intervals"": 2523, ""width"": 900}"
P019,24,deployed_full,实际部署完整配置,4,4,mask+noise+anti-ocr+inversion,dumowa iwofalo beza uzuf daza nezosal nekogem bikizo ozow tiletaf ibakok bebitum onoged dozo magufe soku ovigof lugude efamil elegu olade afowuz tomig piwisew ozonewo azu,5,2,3,,0,21788,2026-07-08T05:29:14.188Z,2026-07-08T05:29:35.976Z,"{""anti_ocr"": {""glyph_alpha"": 0.12, ""profile"": ""strong"", ""salient_pixels"": 26051, ""stripe_alpha"": 0.1, ""stripe_width"": 10}, ""completeness_ok"": true, ""counts"": [51889, 51557, 51910, 51644], ""cycle_hz"": 59.52380952385077, ""cycles"": 6, ""dropped_frame_rate"": 0.01784037558685446, ""dropped_frames"": 95, ""epsilonPixels"": 8, ""frame_count"": 30, ""gamma"": 4.4, ""height"": 230, ""insert_inversion"": true, ""inversion_alpha"": 0.2, ""inversion_flicker_warn"": true, ""long_frame_intervals"": 1, ""max_frame_interval_ms"": 404.30000000001746, ""mean_frame_interval_ms"": 4.243097514340343, ""mode"": ""temporal"", ""n"": 4, ""noise_residual"": 0, ""observed_effective_cycle_hz"": 58.9192209594708, ""observed_full_cycle_hz"": 47.13537676757664, ""observed_refresh_hz"": 235.6768838378832, ""per_cycle_slots"": 5, ""permutation"": [0, 3, 2, 1], ""refresh_hz"": 238.0952380954031, ""rendered_frames"": 5231, ""safe_flicker_hz"": 50, ""timing_intervals"": 5230, ""width"": 900}"
P019,24,control_anchor,未遮罩原文（量表锚点）,1,1,none,zepa nigi omawe ikuvowu luwesuz etopas ogezu nadagiz emowa nobaluv uzaka opel posiz esobuta uzami afuk fived obura tago araku atogik riwat izeleb onov lugo amagoro kitok,5,5,5,,1,10782,2026-07-08T05:29:35.978Z,2026-07-08T05:29:46.760Z,"{""anti_ocr"": {""profile"": ""off""}, ""cycle_hz"": 238.0952380954031, ""cycles"": 1, ""dropped_frame_rate"": 0, ""dropped_frames"": 0, ""frame_count"": 1, ""height"": 230, ""insert_inversion"": false, ""long_frame_intervals"": 0, ""max_frame_interval_ms"": 4.600000000005821, ""mean_frame_interval_ms"": 4.166640896791653, ""mode"": ""source_control"", ""n"": 1, ""observed_effective_cycle_hz"": 240.0014843539812, ""observed_full_cycle_hz"": 240.0014843539812, ""observed_refresh_hz"": 240.0014843539812, ""per_cycle_slots"": 1, ""refresh_hz"": 238.0952380954031, ""rendered_frames"": 2588, ""safe_flicker_hz"": 50, ""timing_intervals"": 2587, ""width"": 900}"
P019,24,n4_mask_only,层数 4，仅遮罩,4,4,mask-only,rubolo kona eluwita pefole owebu wusofek dizis obora fere itofafu dowase idup miwugo gedafev niro pumar anubu efalive iwer izidusu tovedul suro lenuwit deti avina kaniz z,5,5,4,,2,11270,2026-07-08T05:29:46.786Z,2026-07-08T05:29:58.056Z,"{""anti_ocr"": {""profile"": ""off""}, ""completeness_ok"": true, ""counts"": [51565, 51741, 51952, 51742], ""cycle_hz"": 59.52380952385077, ""cycles"": 1, ""dropped_frame_rate"": 0.0014760147601476014, ""dropped_frames"": 4, ""epsilonPixels"": 8, ""frame_count"": 4, ""gamma"": 4.4, ""height"": 230, ""insert_inversion"": false, ""inversion_alpha"": null, ""inversion_flicker_warn"": false, ""long_frame_intervals"": 1, ""max_frame_interval_ms"": 20.70000000001164, ""mean_frame_interval_ms"": 4.1727642276422765, ""mode"": ""temporal"", ""n"": 4, ""noise_residual"": 0, ""observed_effective_cycle_hz"": 59.9123234291281, ""observed_full_cycle_hz"": 59.9123234291281, ""observed_refresh_hz"": 239.6492937165124, ""per_cycle_slots"": 4, ""permutation"": [3, 1, 0, 2], ""refresh_hz"": 238.0952380954031, ""rendered_frames"": 2707, ""safe_flicker_hz"": 50, ""timing_intervals"": 2706, ""width"": 900}"
P019,24,n2_mask_noise,层数 2，遮罩 + 噪声,2,2,mask+noise,iwaturo zufutub avumo debu kuzunol sazor sosane eten uruno kativ irog menu diro oleno azitod abufapi felovu foso ikez apulama sasu abeda gawen dinow rizupa orabip iwonis,5,5,5,,3,10461,2026-07-08T05:29:58.131Z,2026-07-08T05:30:08.592Z,"{""anti_ocr"": {""profile"": ""off""}, ""completeness_ok"": true, ""counts"": [103637, 103363], ""cycle_hz"": 119.04761904770155, ""cycles"": 1, ""dropped_frame_rate"": 0.006331618519984171, ""dropped_frames"": 16, ""epsilonPixels"": 8, ""frame_count"": 2, ""gamma"": 2.2, ""height"": 230, ""insert_inversion"": false, ""inversion_alpha"": null, ""inversion_flicker_warn"": false, ""long_frame_intervals"": 1, ""max_frame_interval_ms"": 70.79999999998836, ""mean_frame_interval_ms"": 4.193189964157709, ""mode"": ""temporal"", ""n"": 2, ""noise_residual"": 0, ""observed_effective_cycle_hz"": 119.24096076587735, ""observed_full_cycle_hz"": 119.24096076587735, ""observed_refresh_hz"": 238.4819215317547, ""per_cycle_slots"": 2, ""permutation"": [0, 1], ""refresh_hz"": 238.0952380954031, ""rendered_frames"": 2512, ""safe_flicker_hz"": 50, ""timing_intervals"": 2511, ""width"": 900}"
P019,24,n4_mask_noise,层数 4，遮罩 + 噪声,4,4,mask+noise,otunoli idugigo famuru nusi zosa agove gurage bufapu dusu urimun vunife pome imuma ikit inalagu tegago owalu omazul edib ovatu gige unetav lebemu mawoz emagif azusiz tona,5,5,5,,4,10601,2026-07-08T05:30:08.647Z,2026-07-08T05:30:19.248Z,"{""anti_ocr"": {""profile"": ""off""}, ""completeness_ok"": true, ""counts"": [52012, 51828, 51215, 51945], ""cycle_hz"": 59.52380952385077, ""cycles"": 1, ""dropped_frame_rate"": 0.004692999608916699, ""dropped_frames"": 12, ""epsilonPixels"": 8, ""frame_count"": 4, ""gamma"": 4.4, ""height"": 230, ""insert_inversion"": false, ""inversion_alpha"": null, ""inversion_flicker_warn"": false, ""long_frame_intervals"": 1, ""max_frame_interval_ms"": 54.20000000001164, ""mean_frame_interval_ms"": 4.186286836935181, ""mode"": ""temporal"", ""n"": 4, ""noise_residual"": 0, ""observed_effective_cycle_hz"": 59.718793703832134, ""observed_full_cycle_hz"": 59.718793703832134, ""observed_refresh_hz"": 238.87517481532853, ""per_cycle_slots"": 4, ""permutation"": [1, 2, 3, 0], ""refresh_hz"": 238.0952380954031, ""rendered_frames"": 2546, ""safe_flicker_hz"": 50, ""timing_intervals"": 2545, ""width"": 900}"
P019,24,n3_mask_noise,层数 3，遮罩 + 噪声,3,3,mask+noise,geri pifif zuri gegodom nebu sulavor evekisu zatum ipul irag pemuzil zulupa uvudi zulenov supom wiga okoruv vugok apubi vavep sotarem mutesa anil tofu zesuw beza soba dok,5,5,5,,5,11423,2026-07-08T05:30:19.305Z,2026-07-08T05:30:30.728Z,"{""anti_ocr"": {""profile"": ""off""}, ""completeness_ok"": true, ""counts"": [68470, 69176, 69354], ""cycle_hz"": 79.36507936513436, ""cycles"": 1, ""dropped_frame_rate"": 0.004357298474945534, ""dropped_frames"": 12, ""epsilonPixels"": 8, ""frame_count"": 3, ""gamma"": 3.3000000000000003, ""height"": 230, ""insert_inversion"": false, ""inversion_alpha"": null, ""inversion_flicker_warn"": false, ""long_frame_intervals"": 1, ""max_frame_interval_ms"": 54.20000000001164, ""mean_frame_interval_ms"": 4.18486506199855, ""mode"": ""temporal"", ""n"": 3, ""noise_residual"": 0, ""observed_effective_cycle_hz"": 79.6521102580413, ""observed_full_cycle_hz"": 79.6521102580413, ""observed_refresh_hz"": 238.9563307741239, ""per_cycle_slots"": 3, ""permutation"": [0, 2, 1], ""refresh_hz"": 238.0952380954031, ""rendered_frames"": 2743, ""safe_flicker_hz"": 50, ""timing_intervals"": 2742, ""width"": 900}"
P020,26,control_anchor,未遮罩原文（量表锚点）,1,1,none,ozizu omope ukar wifa zibole okad rata tobas urabozu kawo ogali kaga ubaraso urogis afere gezes fusekin orered zidunu ginez zimoli libi sebape mawuk atum okib umuf vozuf,1,5,5,,0,16398,2026-07-08T05:39:52.770Z,2026-07-08T05:40:09.168Z,"{""anti_ocr"": {""profile"": ""off""}, ""cycle_hz"": 238.09523809519686, ""cycles"": 1, ""dropped_frame_rate"": 0, ""dropped_frames"": 0, ""frame_count"": 1, ""height"": 230, ""insert_inversion"": false, ""long_frame_intervals"": 0, ""max_frame_interval_ms"": 4.5, ""mean_frame_interval_ms"": 4.166607369758578, ""mode"": ""source_control"", ""n"": 1, ""observed_effective_cycle_hz"": 240.00341555051347, ""observed_full_cycle_hz"": 240.00341555051347, ""observed_refresh_hz"": 240.00341555051347, ""per_cycle_slots"": 1, ""refresh_hz"": 238.09523809519686, ""rendered_frames"": 3936, ""safe_flicker_hz"": 50, ""timing_intervals"": 3935, ""width"": 900}"
P020,26,n2_mask_noise,层数 2，遮罩 + 噪声,2,2,mask+noise,dizuke uwobem oragu agutoki asema leduw odetab idus dotazup gifov fedefa tazegu fotezu pedi wememo vugas supin onoki utebuv dusila sunemeb pinera foniviz darikik awuzeru,5,5,5,,1,11591,2026-07-08T05:40:09.241Z,2026-07-08T05:40:20.832Z,"{""anti_ocr"": {""profile"": ""off""}, ""completeness_ok"": true, ""counts"": [103333, 103667], ""cycle_hz"": 119.04761904759843, ""cycles"": 1, ""dropped_frame_rate"": 0.005718370264474625, ""dropped_frames"": 16, ""epsilonPixels"": 8, ""frame_count"": 2, ""gamma"": 2.2, ""height"": 230, ""insert_inversion"": false, ""inversion_alpha"": null, ""inversion_flicker_warn"": false, ""long_frame_intervals"": 1, ""max_frame_interval_ms"": 70.79999999998836, ""mean_frame_interval_ms"": 4.1905463695183345, ""mode"": ""temporal"", ""n"": 2, ""noise_residual"": 0, ""observed_effective_cycle_hz"": 119.31618359767022, ""observed_full_cycle_hz"": 119.31618359767022, ""observed_refresh_hz"": 238.63236719534044, ""per_cycle_slots"": 2, ""permutation"": [1, 0], ""refresh_hz"": 238.09523809519686, ""rendered_frames"": 2783, ""safe_flicker_hz"": 50, ""timing_intervals"": 2782, ""width"": 900}"
P020,26,deployed_full,实际部署完整配置,4,4,mask+noise+anti-ocr+inversion,enekig alugez verenog eripub uden larupul furaf fuwotu kifakam igera ovot vomepos sarana arek uriduki ikipur wemi zador runizis isukomu gupuko iware rifal dezoro wiku ubi,5,3,5,,2,10394,2026-07-08T05:40:21.174Z,2026-07-08T05:40:31.568Z,"{""anti_ocr"": {""glyph_alpha"": 0.12, ""profile"": ""strong"", ""salient_pixels"": 25411, ""stripe_alpha"": 0.1, ""stripe_width"": 10}, ""completeness_ok"": true, ""counts"": [51575, 51910, 51856, 51659], ""cycle_hz"": 59.523809523799216, ""cycles"": 6, ""dropped_frame_rate"": 0.03145631067961165, ""dropped_frames"": 81, ""epsilonPixels"": 8, ""frame_count"": 30, ""gamma"": 4.4, ""height"": 230, ""insert_inversion"": true, ""inversion_alpha"": 0.2, ""inversion_flicker_warn"": true, ""long_frame_intervals"": 2, ""max_frame_interval_ms"": 341.70000000001164, ""mean_frame_interval_ms"": 4.303648757016836, ""mode"": ""temporal"", ""n"": 4, ""noise_residual"": 0, ""observed_effective_cycle_hz"": 58.090242516281165, ""observed_full_cycle_hz"": 46.47219401302493, ""observed_refresh_hz"": 232.36097006512466, ""per_cycle_slots"": 5, ""permutation"": [2, 3, 1, 0], ""refresh_hz"": 238.09523809519686, ""rendered_frames"": 2495, ""safe_flicker_hz"": 50, ""timing_intervals"": 2494, ""width"": 900}"
P020,26,n3_mask_noise,层数 3，遮罩 + 噪声,3,3,mask+noise,iribep gikani gipodod ewamaz gopan ikele ozez irefo enerefa ililim tadatid mewimaw tile iril irerok owib afovini ofoz pasadop enav punuti amekuni vatev apevi pogo kizoz o,5,5,5,,3,10325,2026-07-08T05:40:31.611Z,2026-07-08T05:40:41.936Z,"{""anti_ocr"": {""profile"": ""off""}, ""completeness_ok"": true, ""counts"": [68937, 69113, 68950], ""cycle_hz"": 79.36507936506563, ""cycles"": 1, ""dropped_frame_rate"": 0.0036188178528347406, ""dropped_frames"": 9, ""epsilonPixels"": 8, ""frame_count"": 3, ""gamma"": 3.3000000000000003, ""height"": 230, ""insert_inversion"": false, ""inversion_alpha"": null, ""inversion_flicker_warn"": false, ""long_frame_intervals"": 1, ""max_frame_interval_ms"": 41.70000000001164, ""mean_frame_interval_ms"": 4.1817594834544085, ""mode"": ""temporal"", ""n"": 3, ""noise_residual"": 0, ""observed_effective_cycle_hz"": 79.71126379989174, ""observed_full_cycle_hz"": 79.71126379989174, ""observed_refresh_hz"": 239.1337913996752, ""per_cycle_slots"": 3, ""permutation"": [2, 0, 1], ""refresh_hz"": 238.09523809519686, ""rendered_frames"": 2479, ""safe_flicker_hz"": 50, ""timing_intervals"": 2478, ""width"": 900}"
P020,26,n4_mask_only,层数 4，仅遮罩,4,4,mask-only,efovure uvegaw ruwor busopa arotab gakop idemata rinuw kena asirevi konoza ifetopo tafos ruzitok avinet otot evakuv sapiti wipeso kudosan rurunap umometu vifawal nobise r,5,5,5,,4,10241,2026-07-08T05:40:41.967Z,2026-07-08T05:40:52.208Z,"{""anti_ocr"": {""profile"": ""off""}, ""completeness_ok"": true, ""counts"": [51563, 51764, 51795, 51878], ""cycle_hz"": 59.523809523799216, ""cycles"": 1, ""dropped_frame_rate"": 0.002434077079107505, ""dropped_frames"": 6, ""epsilonPixels"": 8, ""frame_count"": 4, ""gamma"": 4.4, ""height"": 230, ""insert_inversion"": false, ""inversion_alpha"": null, ""inversion_flicker_warn"": false, ""long_frame_intervals"": 1, ""max_frame_interval_ms"": 29.20000000001164, ""mean_frame_interval_ms"": 4.176819845465632, ""mode"": ""temporal"", ""n"": 4, ""noise_residual"": 0, ""observed_effective_cycle_hz"": 59.85414962807188, ""observed_full_cycle_hz"": 59.85414962807188, ""observed_refresh_hz"": 239.41659851228752, ""per_cycle_slots"": 4, ""permutation"": [2, 0, 1, 3], ""refresh_hz"": 238.09523809519686, ""rendered_frames"": 2460, ""safe_flicker_hz"": 50, ""timing_intervals"": 2459, ""width"": 900}"
P020,26,n4_mask_noise,层数 4，遮罩 + 噪声,4,4,mask+noise,epaputa egiluf etil okevil zegage iluw tuzetaf urumane ekerane tabiril otel zewigon edefiw umatu ofawo neroso olukat ivagufi awido ovumese teguki ubobu ubafat epafap umob,5,5,5,,5,14784,2026-07-08T05:40:52.295Z,2026-07-08T05:41:07.080Z,"{""anti_ocr"": {""profile"": ""off""}, ""completeness_ok"": true, ""counts"": [51721, 51936, 51733, 51610], ""cycle_hz"": 59.523809523799216, ""cycles"": 1, ""dropped_frame_rate"": 0.005325112107623318, ""dropped_frames"": 19, ""epsilonPixels"": 8, ""frame_count"": 4, ""gamma"": 4.4, ""height"": 230, ""insert_inversion"": false, ""inversion_alpha"": null, ""inversion_flicker_warn"": false, ""long_frame_intervals"": 1, ""max_frame_interval_ms"": 83.5, ""mean_frame_interval_ms"": 4.188954635108475, ""mode"": ""temporal"", ""n"": 4, ""noise_residual"": 0, ""observed_effective_cycle_hz"": 59.680760900273185, ""observed_full_cycle_hz"": 59.680760900273185, ""observed_refresh_hz"": 238.72304360109274, ""per_cycle_slots"": 4, ""permutation"": [3, 0, 1, 2], ""refresh_hz"": 238.09523809519686, ""rendered_frames"": 3550, ""safe_flicker_hz"": 50, ""timing_intervals"": 3549, ""width"": 900}"
P021,27,n2_mask_noise,层数 2，遮罩 + 噪声,2,2,mask+noise,zelapus etisap utulo batuno unemos dominop edom omuwu bubudul kune ovebofo laguga ewimeki unuvozu lenew begi evugi itale nevi takamo uvowal bekizo funana epop nimiroz ovo,5,5,1,,0,27173,2026-07-08T05:46:10.339Z,2026-07-08T05:46:37.512Z,"{""anti_ocr"": {""profile"": ""off""}, ""completeness_ok"": true, ""counts"": [103686, 103314], ""cycle_hz"": 119.04761904764999, ""cycles"": 1, ""dropped_frame_rate"": 0.002447231569287244, ""dropped_frames"": 16, ""epsilonPixels"": 8, ""frame_count"": 2, ""gamma"": 2.2, ""height"": 230, ""insert_inversion"": false, ""inversion_alpha"": null, ""inversion_flicker_warn"": false, ""long_frame_intervals"": 1, ""max_frame_interval_ms"": 70.89999999999418, ""mean_frame_interval_ms"": 4.17684759276296, ""mode"": ""temporal"", ""n"": 2, ""noise_residual"": 0, ""observed_effective_cycle_hz"": 119.70750401961709, ""observed_full_cycle_hz"": 119.70750401961709, ""observed_refresh_hz"": 239.41500803923418, ""per_cycle_slots"": 2, ""permutation"": [0, 1], ""refresh_hz"": 238.09523809529998, ""rendered_frames"": 6523, ""safe_flicker_hz"": 50, ""timing_intervals"": 6522, ""width"": 900}"
P021,27,n3_mask_noise,层数 3，遮罩 + 噪声,3,3,mask+noise,gusibam vuzogid oberapa nanotup fomuf zotide fubori tozaz isitid pavuva lubidaz dage ranawim otesofu ogiruw uluposa efudos duderi dulirob keniwa mava ebarepe fegof egon p,3,2,3,,1,14059,2026-07-08T05:46:37.572Z,2026-07-08T05:46:51.632Z,"{""anti_ocr"": {""profile"": ""off""}, ""completeness_ok"": true, ""counts"": [69094, 69130, 68776], ""cycle_hz"": 79.36507936509999, ""cycles"": 1, ""dropped_frame_rate"": 0.0038370720188902006, ""dropped_frames"": 13, ""epsilonPixels"": 8, ""frame_count"": 3, ""gamma"": 3.3000000000000003, ""height"": 230, ""insert_inversion"": false, ""inversion_alpha"": null, ""inversion_flicker_warn"": false, ""long_frame_intervals"": 1, ""max_frame_interval_ms"": 58.300000000046566, ""mean_frame_interval_ms"": 4.182666666666667, ""mode"": ""temporal"", ""n"": 3, ""noise_residual"": 0, ""observed_effective_cycle_hz"": 79.69397513547976, ""observed_full_cycle_hz"": 79.69397513547976, ""observed_refresh_hz"": 239.08192540643927, ""per_cycle_slots"": 3, ""permutation"": [0, 2, 1], ""refresh_hz"": 238.09523809529998, ""rendered_frames"": 3376, ""safe_flicker_hz"": 50, ""timing_intervals"": 3375, ""width"": 900}"
P021,27,control_anchor,未遮罩原文（量表锚点）,1,1,none,ewitol fageb uroz fisoto ravov fenosu utunon ewizaw utoval apasono oben usaka deteze votosel ufevim ekofedo awukabu domu olisaga kolovob uzop nigamir owole nike agin leni,5,5,5,,2,10679,2026-07-08T05:46:51.633Z,2026-07-08T05:47:02.312Z,"{""anti_ocr"": {""profile"": ""off""}, ""cycle_hz"": 238.09523809529998, ""cycles"": 1, ""dropped_frame_rate"": 0, ""dropped_frames"": 0, ""frame_count"": 1, ""height"": 230, ""insert_inversion"": false, ""long_frame_intervals"": 0, ""max_frame_interval_ms"": 4.400000000023283, ""mean_frame_interval_ms"": 4.166627634660431, ""mode"": ""source_control"", ""n"": 1, ""observed_effective_cycle_hz"": 240.0022482646202, ""observed_full_cycle_hz"": 240.0022482646202, ""observed_refresh_hz"": 240.0022482646202, ""per_cycle_slots"": 1, ""refresh_hz"": 238.09523809529998, ""rendered_frames"": 2563, ""safe_flicker_hz"": 50, ""timing_intervals"": 2562, ""width"": 900}"
P021,27,n4_mask_noise,层数 4，遮罩 + 噪声,4,4,mask+noise,natid weguto getobe gipup iwadabe remav egope nilepuk gaku rititi agavok awaga kozup tidapu duke ovav sigilo itar ukedek wetikub ibivevi tezidu igagu awodivo adad vetoni,5,5,5,,3,10595,2026-07-08T05:47:02.373Z,2026-07-08T05:47:12.968Z,"{""anti_ocr"": {""profile"": ""off""}, ""completeness_ok"": true, ""counts"": [51826, 52015, 51146, 52013], ""cycle_hz"": 59.523809523824994, ""cycles"": 1, ""dropped_frame_rate"": 0.005084082909659757, ""dropped_frames"": 13, ""epsilonPixels"": 8, ""frame_count"": 4, ""gamma"": 4.4, ""height"": 230, ""insert_inversion"": false, ""inversion_alpha"": null, ""inversion_flicker_warn"": false, ""long_frame_intervals"": 1, ""max_frame_interval_ms"": 58.399999999965075, ""mean_frame_interval_ms"": 4.187932389937098, ""mode"": ""temporal"", ""n"": 4, ""noise_residual"": 0, ""observed_effective_cycle_hz"": 59.69532855895866, ""observed_full_cycle_hz"": 59.69532855895866, ""observed_refresh_hz"": 238.78131423583463, ""per_cycle_slots"": 4, ""permutation"": [3, 2, 0, 1], ""refresh_hz"": 238.09523809529998, ""rendered_frames"": 2545, ""safe_flicker_hz"": 50, ""timing_intervals"": 2544, ""width"": 900}"
P021,27,deployed_full,实际部署完整配置,4,4,mask+noise+anti-ocr+inversion,ebup bozome arakevu pagufu iraf zose banebi utoruru uramuro ditiv erebusu urot azunu ufuriti renered okamim pobagiz edeka pagalu domal ogip fabid ovoduw mofati kufuv esoz,5,4,5,,4,11249,2026-07-08T05:47:13.359Z,2026-07-08T05:47:24.608Z,"{""anti_ocr"": {""glyph_alpha"": 0.12, ""profile"": ""strong"", ""salient_pixels"": 25505, ""stripe_alpha"": 0.1, ""stripe_width"": 10}, ""completeness_ok"": true, ""counts"": [51870, 51800, 51483, 51847], ""cycle_hz"": 59.523809523824994, ""cycles"": 6, ""dropped_frame_rate"": 0.03296309566463633, ""dropped_frames"": 92, ""epsilonPixels"": 8, ""frame_count"": 30, ""gamma"": 4.4, ""height"": 230, ""insert_inversion"": true, ""inversion_alpha"": 0.2, ""inversion_flicker_warn"": true, ""long_frame_intervals"": 2, ""max_frame_interval_ms"": 387.5, ""mean_frame_interval_ms"": 4.3101889588736615, ""mode"": ""temporal"", ""n"": 4, ""noise_residual"": 0, ""observed_effective_cycle_hz"": 58.00209744524286, ""observed_full_cycle_hz"": 46.40167795619429, ""observed_refresh_hz"": 232.00838978097144, ""per_cycle_slots"": 5, ""permutation"": [1, 2, 3, 0], ""refresh_hz"": 238.09523809529998, ""rendered_frames"": 2700, ""safe_flicker_hz"": 50, ""timing_intervals"": 2699, ""width"": 900}"
P021,27,n4_mask_only,层数 4，仅遮罩,4,4,mask-only,amazi itimo udinis vugefan sivim ilave netiwo used didupo evol vine onozar omesad itifok ebegeni imus ebug bewek owari vobire emel awero kizab abaf ubile wadad kupo osore,5,5,5,,5,10505,2026-07-08T05:47:24.630Z,2026-07-08T05:47:35.136Z,"{""anti_ocr"": {""profile"": ""off""}, ""completeness_ok"": true, ""counts"": [51738, 51858, 51601, 51803], ""cycle_hz"": 59.523809523824994, ""cycles"": 1, ""dropped_frame_rate"": 0.001583531274742676, ""dropped_frames"": 4, ""epsilonPixels"": 8, ""frame_count"": 4, ""gamma"": 4.4, ""height"": 230, ""insert_inversion"": false, ""inversion_alpha"": null, ""inversion_flicker_warn"": false, ""long_frame_intervals"": 1, ""max_frame_interval_ms"": 20.900000000023283, ""mean_frame_interval_ms"": 4.173235527359248, ""mode"": ""temporal"", ""n"": 4, ""noise_residual"": 0, ""observed_effective_cycle_hz"": 59.905557297456376, ""observed_full_cycle_hz"": 59.905557297456376, ""observed_refresh_hz"": 239.6222291898255, ""per_cycle_slots"": 4, ""permutation"": [1, 0, 3, 2], ""refresh_hz"": 238.09523809529998, ""rendered_frames"": 2523, ""safe_flicker_hz"": 50, ""timing_intervals"": 2522, ""width"": 900}"
P022,28,n2_mask_noise,层数 2，遮罩 + 噪声,2,2,mask+noise,wegevem upupuve bunowe fipol uluvi eruvada tuwanif azilu uvop tebibi awun uzib makaven amifab negeze ewitup rubetog gulabi asimar zesiw fibelu vuno vale padiki amisi odan,5,5,5,,0,10543,2026-07-08T05:51:59.697Z,2026-07-08T05:52:10.240Z,"{""anti_ocr"": {""profile"": ""off""}, ""completeness_ok"": true, ""counts"": [103501, 103499], ""cycle_hz"": 119.04761904759843, ""cycles"": 1, ""dropped_frame_rate"": 0.003543307086614173, ""dropped_frames"": 9, ""epsilonPixels"": 8, ""frame_count"": 2, ""gamma"": 2.2, ""height"": 230, ""insert_inversion"": false, ""inversion_alpha"": null, ""inversion_flicker_warn"": false, ""long_frame_intervals"": 1, ""max_frame_interval_ms"": 41.70000000001164, ""mean_frame_interval_ms"": 4.181469774792579, ""mode"": ""temporal"", ""n"": 2, ""noise_residual"": 0, ""observed_effective_cycle_hz"": 119.5751797643455, ""observed_full_cycle_hz"": 119.5751797643455, ""observed_refresh_hz"": 239.150359528691, ""per_cycle_slots"": 2, ""permutation"": [1, 0], ""refresh_hz"": 238.09523809519686, ""rendered_frames"": 2532, ""safe_flicker_hz"": 50, ""timing_intervals"": 2531, ""width"": 900}"
P022,28,n3_mask_noise,层数 3，遮罩 + 噪声,3,3,mask+noise,tufu ekege afug dozon ezed uwesuve vavukit mefedu tamitib livo ipuno adol ruvuwom uligalu azibomi gilok mefi piru parin enomif ofulu beru igun ibiro mebev igom bewir fivo,5,5,5,,1,10525,2026-07-08T05:52:10.331Z,2026-07-08T05:52:20.856Z,"{""anti_ocr"": {""profile"": ""off""}, ""completeness_ok"": true, ""counts"": [69105, 68903, 68992], ""cycle_hz"": 79.36507936506563, ""cycles"": 1, ""dropped_frame_rate"": 0.007852375343541421, ""dropped_frames"": 20, ""epsilonPixels"": 8, ""frame_count"": 3, ""gamma"": 3.3000000000000003, ""height"": 230, ""insert_inversion"": false, ""inversion_alpha"": null, ""inversion_flicker_warn"": false, ""long_frame_intervals"": 1, ""max_frame_interval_ms"": 87.5, ""mean_frame_interval_ms"": 4.199604273842499, ""mode"": ""temporal"", ""n"": 3, ""noise_residual"": 0, ""observed_effective_cycle_hz"": 79.37255788825654, ""observed_full_cycle_hz"": 79.37255788825654, ""observed_refresh_hz"": 238.11767366476963, ""per_cycle_slots"": 3, ""permutation"": [1, 2, 0], ""refresh_hz"": 238.09523809519686, ""rendered_frames"": 2528, ""safe_flicker_hz"": 50, ""timing_intervals"": 2527, ""width"": 900}"
P022,28,control_anchor,未遮罩原文（量表锚点）,1,1,none,inate kesotol dubo evivef sebutes nusola isufomu igalow reso agokuke napuzo afakif okoputa vinora zosev suvu wibular efazezu pasakal asewu ipetud revo dosefom udaro epur,5,5,5,,2,10574,2026-07-08T05:52:20.858Z,2026-07-08T05:52:31.432Z,"{""anti_ocr"": {""profile"": ""off""}, ""cycle_hz"": 238.09523809519686, ""cycles"": 1, ""dropped_frame_rate"": 0, ""dropped_frames"": 0, ""frame_count"": 1, ""height"": 230, ""insert_inversion"": false, ""long_frame_intervals"": 0, ""max_frame_interval_ms"": 4.5, ""mean_frame_interval_ms"": 4.166614111154912, ""mode"": ""source_control"", ""n"": 1, ""observed_effective_cycle_hz"": 240.00302723566057, ""observed_full_cycle_hz"": 240.00302723566057, ""observed_refresh_hz"": 240.00302723566057, ""per_cycle_slots"": 1, ""refresh_hz"": 238.09523809519686, ""rendered_frames"": 2538, ""safe_flicker_hz"": 50, ""timing_intervals"": 2537, ""width"": 900}"
P022,28,n4_mask_noise,层数 4，遮罩 + 噪声,4,4,mask+noise,dava nawuv izisu ginaras dorodin iwivu avegul awit egipiv gokena urovi fipimag nuso kivi rokokiw puzuwi ribozu omul gavasi elir febova paruro nura eromid demasif fudonuf,5,3,3,,3,10945,2026-07-08T05:52:31.495Z,2026-07-08T05:52:42.440Z,"{""anti_ocr"": {""profile"": ""off""}, ""completeness_ok"": true, ""counts"": [51390, 51651, 51919, 52040], ""cycle_hz"": 59.523809523799216, ""cycles"": 1, ""dropped_frame_rate"": 0.004922377887163953, ""dropped_frames"": 13, ""epsilonPixels"": 8, ""frame_count"": 4, ""gamma"": 4.4, ""height"": 230, ""insert_inversion"": false, ""inversion_alpha"": null, ""inversion_flicker_warn"": false, ""long_frame_intervals"": 1, ""max_frame_interval_ms"": 58.39999999999418, ""mean_frame_interval_ms"": 4.187252663622518, ""mode"": ""temporal"", ""n"": 4, ""noise_residual"": 0, ""observed_effective_cycle_hz"": 59.70501903835856, ""observed_full_cycle_hz"": 59.70501903835856, ""observed_refresh_hz"": 238.82007615343423, ""per_cycle_slots"": 4, ""permutation"": [3, 2, 1, 0], ""refresh_hz"": 238.09523809519686, ""rendered_frames"": 2629, ""safe_flicker_hz"": 50, ""timing_intervals"": 2628, ""width"": 900}"
P022,28,deployed_full,实际部署完整配置,4,4,mask+noise+anti-ocr+inversion,pozed kakaket kanem utazemu ipev arodog momumaz disete amowu emiguku domo ribaniz atew ralo ofev uvubi nakov alugis ukedev atises okafipa ulokal zawe rasabag uzokof temen,2,5,3,,4,10125,2026-07-08T05:52:42.771Z,2026-07-08T05:52:52.896Z,"{""anti_ocr"": {""glyph_alpha"": 0.12, ""profile"": ""strong"", ""salient_pixels"": 25688, ""stripe_alpha"": 0.1, ""stripe_width"": 10}, ""completeness_ok"": true, ""counts"": [51504, 51895, 51949, 51652], ""cycle_hz"": 59.523809523799216, ""cycles"": 6, ""dropped_frame_rate"": 0.030714000797766254, ""dropped_frames"": 77, ""epsilonPixels"": 8, ""frame_count"": 30, ""gamma"": 4.4, ""height"": 230, ""insert_inversion"": true, ""inversion_alpha"": 0.2, ""inversion_flicker_warn"": true, ""long_frame_intervals"": 1, ""max_frame_interval_ms"": 329.0999999999767, ""mean_frame_interval_ms"": 4.30037037037038, ""mode"": ""temporal"", ""n"": 4, ""noise_residual"": 0, ""observed_effective_cycle_hz"": 58.134527603134835, ""observed_full_cycle_hz"": 46.507622082507865, ""observed_refresh_hz"": 232.53811041253934, ""per_cycle_slots"": 5, ""permutation"": [1, 3, 0, 2], ""refresh_hz"": 238.09523809519686, ""rendered_frames"": 2431, ""safe_flicker_hz"": 50, ""timing_intervals"": 2430, ""width"": 900}"
P022,28,n4_mask_only,层数 4，仅遮罩,4,4,mask-only,dugip nurovup finewa esogi wilum masev erofe feradu obek amepib izeb upogef ifim sobozi edif zidi towa ikin ebefug mifovam uzipu rufomu ubesiso isid afani udunu ebum iral,3,5,3,,5,11268,2026-07-08T05:52:52.915Z,2026-07-08T05:53:04.184Z,"{""anti_ocr"": {""profile"": ""off""}, ""completeness_ok"": true, ""counts"": [51895, 51422, 51962, 51721], ""cycle_hz"": 59.523809523799216, ""cycles"": 1, ""dropped_frame_rate"": 0.0014771048744460858, ""dropped_frames"": 4, ""epsilonPixels"": 8, ""frame_count"": 4, ""gamma"": 4.4, ""height"": 230, ""insert_inversion"": false, ""inversion_alpha"": null, ""inversion_flicker_warn"": false, ""long_frame_intervals"": 1, ""max_frame_interval_ms"": 20.800000000046566, ""mean_frame_interval_ms"": 4.172781065088762, ""mode"": ""temporal"", ""n"": 4, ""noise_residual"": 0, ""observed_effective_cycle_hz"": 59.91208167895626, ""observed_full_cycle_hz"": 59.91208167895626, ""observed_refresh_hz"": 239.64832671582505, ""per_cycle_slots"": 4, ""permutation"": [0, 2, 3, 1], ""refresh_hz"": 238.09523809519686, ""rendered_frames"": 2705, ""safe_flicker_hz"": 50, ""timing_intervals"": 2704, ""width"": 900}"
P023,29,n3_mask_noise,层数 3，遮罩 + 噪声,3,3,mask+noise,opusow gafep fimete akira ukupo omosasu uvofobe wovami eruvaw tumo okipelo rakire epukazi mukela tovobis fegena godil vasesaw pumop vezu selaw mupefi zopoban agon wudisi,4,4,4,,0,14752,2026-07-08T05:57:27.240Z,2026-07-08T05:57:41.992Z,"{""anti_ocr"": {""profile"": ""off""}, ""completeness_ok"": true, ""counts"": [68909, 68736, 69355], ""cycle_hz"": 79.36507936506563, ""cycles"": 1, ""dropped_frame_rate"": 0.005616399887672002, ""dropped_frames"": 20, ""epsilonPixels"": 8, ""frame_count"": 3, ""gamma"": 3.3000000000000003, ""height"": 230, ""insert_inversion"": false, ""inversion_alpha"": null, ""inversion_flicker_warn"": false, ""long_frame_intervals"": 1, ""max_frame_interval_ms"": 87.60000000000582, ""mean_frame_interval_ms"": 4.190172267720981, ""mode"": ""temporal"", ""n"": 3, ""noise_residual"": 0, ""observed_effective_cycle_hz"": 79.55122415876998, ""observed_full_cycle_hz"": 79.55122415876998, ""observed_refresh_hz"": 238.65367247630996, ""per_cycle_slots"": 3, ""permutation"": [0, 1, 2], ""refresh_hz"": 238.09523809519686, ""rendered_frames"": 3542, ""safe_flicker_hz"": 50, ""timing_intervals"": 3541, ""width"": 900}"
P023,29,n4_mask_noise,层数 4，遮罩 + 噪声,4,4,mask+noise,anezok liza efubiwo onunar egat domu zefunu razib vulot eban mitana awise egiwaf erarafe garidil nula bubet owab zakisar magen pira taweguw emitinu zamu ukasez opogeto ag,4,4,4,,1,10853,2026-07-08T05:57:42.059Z,2026-07-08T05:57:52.912Z,"{""anti_ocr"": {""profile"": ""off""}, ""completeness_ok"": true, ""counts"": [51728, 51678, 51689, 51905], ""cycle_hz"": 59.523809523799216, ""cycles"": 1, ""dropped_frame_rate"": 0.0053435114503816794, ""dropped_frames"": 14, ""epsilonPixels"": 8, ""frame_count"": 4, ""gamma"": 4.4, ""height"": 230, ""insert_inversion"": false, ""inversion_alpha"": null, ""inversion_flicker_warn"": false, ""long_frame_intervals"": 1, ""max_frame_interval_ms"": 62.60000000000582, ""mean_frame_interval_ms"": 4.189025326170379, ""mode"": ""temporal"", ""n"": 4, ""noise_residual"": 0, ""observed_effective_cycle_hz"": 59.679753769488634, ""observed_full_cycle_hz"": 59.679753769488634, ""observed_refresh_hz"": 238.71901507795454, ""per_cycle_slots"": 4, ""permutation"": [1, 2, 3, 0], ""refresh_hz"": 238.09523809519686, ""rendered_frames"": 2607, ""safe_flicker_hz"": 50, ""timing_intervals"": 2606, ""width"": 900}"
P023,29,n2_mask_noise,层数 2，遮罩 + 噪声,2,2,mask+noise,imomeke wamer sagapuk ivaladu rogufa dizebop wurug erafomo ofupane livefe iruvug aget elugiwa unamelu irada vumos zefe vegali digufe iwaw obadam gozi zinawe vezitoz nada,4,4,4,,2,10986,2026-07-08T05:57:52.949Z,2026-07-08T05:58:03.936Z,"{""anti_ocr"": {""profile"": ""off""}, ""completeness_ok"": true, ""counts"": [103078, 103922], ""cycle_hz"": 119.04761904759843, ""cycles"": 1, ""dropped_frame_rate"": 0.00264750378214826, ""dropped_frames"": 7, ""epsilonPixels"": 8, ""frame_count"": 2, ""gamma"": 2.2, ""height"": 230, ""insert_inversion"": false, ""inversion_alpha"": null, ""inversion_flicker_warn"": false, ""long_frame_intervals"": 1, ""max_frame_interval_ms"": 33.29999999998836, ""mean_frame_interval_ms"": 4.177701934015919, ""mode"": ""temporal"", ""n"": 2, ""noise_residual"": 0, ""observed_effective_cycle_hz"": 119.68302380044685, ""observed_full_cycle_hz"": 119.68302380044685, ""observed_refresh_hz"": 239.3660476008937, ""per_cycle_slots"": 2, ""permutation"": [1, 0], ""refresh_hz"": 238.09523809519686, ""rendered_frames"": 2638, ""safe_flicker_hz"": 50, ""timing_intervals"": 2637, ""width"": 900}"
P023,29,n4_mask_only,层数 4，仅遮罩,4,4,mask-only,isof biriv iwot apisapu roril kusum wodod nasipum lonuvut otesiva useruw agifuvo elefus ifagud edina rigop uwinape edomuv zotile zuso elitefu onoz avetu ozirete imit unel,3,3,3,,3,10545,2026-07-08T05:58:03.967Z,2026-07-08T05:58:14.512Z,"{""anti_ocr"": {""profile"": ""off""}, ""completeness_ok"": true, ""counts"": [51930, 51249, 51828, 51993], ""cycle_hz"": 59.523809523799216, ""cycles"": 1, ""dropped_frame_rate"": 0.002364066193853428, ""dropped_frames"": 6, ""epsilonPixels"": 8, ""frame_count"": 4, ""gamma"": 4.4, ""height"": 230, ""insert_inversion"": false, ""inversion_alpha"": null, ""inversion_flicker_warn"": false, ""long_frame_intervals"": 1, ""max_frame_interval_ms"": 29.199999999953434, ""mean_frame_interval_ms"": 4.176500789889402, ""mode"": ""temporal"", ""n"": 4, ""noise_residual"": 0, ""observed_effective_cycle_hz"": 59.858722068293986, ""observed_full_cycle_hz"": 59.858722068293986, ""observed_refresh_hz"": 239.43488827317594, ""per_cycle_slots"": 4, ""permutation"": [0, 1, 3, 2], ""refresh_hz"": 238.09523809519686, ""rendered_frames"": 2533, ""safe_flicker_hz"": 50, ""timing_intervals"": 2532, ""width"": 900}"
P023,29,control_anchor,未遮罩原文（量表锚点）,1,1,none,owubeg iparaz adive vewozi imegonu ilik ezil minet enis ivazig lidede suwukir rogon otiri bovep nowo ikifilo sese seno waduvap sekuvo femoza riwub eluzobu nuzibut vefim i,5,5,5,,4,10742,2026-07-08T05:58:14.513Z,2026-07-08T05:58:25.256Z,"{""anti_ocr"": {""profile"": ""off""}, ""cycle_hz"": 238.09523809519686, ""cycles"": 1, ""dropped_frame_rate"": 0, ""dropped_frames"": 0, ""frame_count"": 1, ""height"": 230, ""insert_inversion"": false, ""long_frame_intervals"": 0, ""max_frame_interval_ms"": 4.400000000023283, ""mean_frame_interval_ms"": 4.166627861854879, ""mode"": ""source_control"", ""n"": 1, ""observed_effective_cycle_hz"": 240.00223517797554, ""observed_full_cycle_hz"": 240.00223517797554, ""observed_refresh_hz"": 240.00223517797554, ""per_cycle_slots"": 1, ""refresh_hz"": 238.09523809519686, ""rendered_frames"": 2578, ""safe_flicker_hz"": 50, ""timing_intervals"": 2577, ""width"": 900}"
P023,29,deployed_full,实际部署完整配置,4,4,mask+noise+anti-ocr+inversion,vizenav ivazi abov wolemiv uvom osasid apage aned uvawem iratini ewin pokaro itiba fusopuv epif zenalav padeb emovu nagug noveto togelu sizek ururuve zatase oziliza ubave,3,3,3,,5,10604,2026-07-08T05:58:25.644Z,2026-07-08T05:58:36.248Z,"{""anti_ocr"": {""glyph_alpha"": 0.12, ""profile"": ""strong"", ""salient_pixels"": 25406, ""stripe_alpha"": 0.1, ""stripe_width"": 10}, ""completeness_ok"": true, ""counts"": [52015, 51570, 51704, 51711], ""cycle_hz"": 59.523809523799216, ""cycles"": 6, ""dropped_frame_rate"": 0.03490136570561457, ""dropped_frames"": 92, ""epsilonPixels"": 8, ""frame_count"": 30, ""gamma"": 4.4, ""height"": 230, ""insert_inversion"": true, ""inversion_alpha"": 0.2, ""inversion_flicker_warn"": true, ""long_frame_intervals"": 2, ""max_frame_interval_ms"": 387.5, ""mean_frame_interval_ms"": 4.318946540880512, ""mode"": ""temporal"", ""n"": 4, ""noise_residual"": 0, ""observed_effective_cycle_hz"": 57.88448586562778, ""observed_full_cycle_hz"": 46.30758869250222, ""observed_refresh_hz"": 231.53794346251112, ""per_cycle_slots"": 5, ""permutation"": [1, 2, 3, 0], ""refresh_hz"": 238.09523809519686, ""rendered_frames"": 2545, ""safe_flicker_hz"": 50, ""timing_intervals"": 2544, ""width"": 900}"
P024,30,n3_mask_noise,层数 3，遮罩 + 噪声,3,3,mask+noise,kase ozezela ilibok tuvi garapag diwisen aputuzo lapiduk sigeba bivino utozow emave vupada nogor refek izemodu dibuw ovim romadup suri rezaf ituzaka unimor uguko oroni es,5,5,5,,0,17773,2026-07-08T06:03:24.939Z,2026-07-08T06:03:42.712Z,"{""anti_ocr"": {""profile"": ""off""}, ""completeness_ok"": true, ""counts"": [69333, 68837, 68830], ""cycle_hz"": 79.36507936506563, ""cycles"": 1, ""dropped_frame_rate"": 0.004666355576294913, ""dropped_frames"": 20, ""epsilonPixels"": 8, ""frame_count"": 3, ""gamma"": 3.3000000000000003, ""height"": 230, ""insert_inversion"": false, ""inversion_alpha"": null, ""inversion_flicker_warn"": false, ""long_frame_intervals"": 1, ""max_frame_interval_ms"": 87.5, ""mean_frame_interval_ms"": 4.186169714017818, ""mode"": ""temporal"", ""n"": 3, ""noise_residual"": 0, ""observed_effective_cycle_hz"": 79.62728606466491, ""observed_full_cycle_hz"": 79.62728606466491, ""observed_refresh_hz"": 238.88185819399476, ""per_cycle_slots"": 3, ""permutation"": [1, 2, 0], ""refresh_hz"": 238.09523809519686, ""rendered_frames"": 4267, ""safe_flicker_hz"": 50, ""timing_intervals"": 4266, ""width"": 900}"
P024,30,n4_mask_noise,层数 4，遮罩 + 噪声,4,4,mask+noise,fiwadal varitu dige zivoz ogel vutog nibeda ogot nizuba ulav apilafe omokego uwov zuzuva kibenik tabud rikolem adug evewale fulir laro ugupuv buzag apaz izole evudu maled,5,5,5,,1,11348,2026-07-08T06:03:42.780Z,2026-07-08T06:03:54.128Z,"{""anti_ocr"": {""profile"": ""off""}, ""completeness_ok"": true, ""counts"": [51713, 51622, 51891, 51774], ""cycle_hz"": 59.523809523799216, ""cycles"": 1, ""dropped_frame_rate"": 0.00547645125958379, ""dropped_frames"": 15, ""epsilonPixels"": 8, ""frame_count"": 4, ""gamma"": 4.4, ""height"": 230, ""insert_inversion"": false, ""inversion_alpha"": null, ""inversion_flicker_warn"": false, ""long_frame_intervals"": 1, ""max_frame_interval_ms"": 66.70000000001164, ""mean_frame_interval_ms"": 4.189574155653459, ""mode"": ""temporal"", ""n"": 4, ""noise_residual"": 0, ""observed_effective_cycle_hz"": 59.671935789141514, ""observed_full_cycle_hz"": 59.671935789141514, ""observed_refresh_hz"": 238.68774315656606, ""per_cycle_slots"": 4, ""permutation"": [1, 0, 3, 2], ""refresh_hz"": 238.09523809519686, ""rendered_frames"": 2725, ""safe_flicker_hz"": 50, ""timing_intervals"": 2724, ""width"": 900}"
P024,30,n2_mask_noise,层数 2，遮罩 + 噪声,2,2,mask+noise,ogabud ewunak uvonuk osopas ubiw areraf sokela ifoti miwawe peruz onoz ewuzofe ibokuf notugo pazunul wudi unup fogoduv kebabiz tokul ozifub bazor evateta taso maluf dubun,5,5,5,,2,10361,2026-07-08T06:03:54.166Z,2026-07-08T06:04:04.528Z,"{""anti_ocr"": {""profile"": ""off""}, ""completeness_ok"": true, ""counts"": [103565, 103435], ""cycle_hz"": 119.04761904759843, ""cycles"": 1, ""dropped_frame_rate"": 0.0032064128256513026, ""dropped_frames"": 8, ""epsilonPixels"": 8, ""frame_count"": 2, ""gamma"": 2.2, ""height"": 230, ""insert_inversion"": false, ""inversion_alpha"": null, ""inversion_flicker_warn"": false, ""long_frame_intervals"": 1, ""max_frame_interval_ms"": 37.60000000000582, ""mean_frame_interval_ms"": 4.1800562927221625, ""mode"": ""temporal"", ""n"": 2, ""noise_residual"": 0, ""observed_effective_cycle_hz"": 119.61561399796051, ""observed_full_cycle_hz"": 119.61561399796051, ""observed_refresh_hz"": 239.23122799592102, ""per_cycle_slots"": 2, ""permutation"": [1, 0], ""refresh_hz"": 238.09523809519686, ""rendered_frames"": 2488, ""safe_flicker_hz"": 50, ""timing_intervals"": 2487, ""width"": 900}"
P024,30,n4_mask_only,层数 4，仅遮罩,4,4,mask-only,ulezile tumomi kodu diti wefe ewupe anomo ofam avik uzuse wena rozesav usasof sorip ozoteso uzukufe eweligu ezar wenubis zulurim ropi gizulo sapa wudi esop awetiw evezis,5,5,5,,3,10394,2026-07-08T06:04:04.558Z,2026-07-08T06:04:14.952Z,"{""anti_ocr"": {""profile"": ""off""}, ""completeness_ok"": true, ""counts"": [51654, 51703, 51529, 52114], ""cycle_hz"": 59.523809523799216, ""cycles"": 1, ""dropped_frame_rate"": 0.0023990403838464614, ""dropped_frames"": 6, ""epsilonPixels"": 8, ""frame_count"": 4, ""gamma"": 4.4, ""height"": 230, ""insert_inversion"": false, ""inversion_alpha"": null, ""inversion_flicker_warn"": false, ""long_frame_intervals"": 1, ""max_frame_interval_ms"": 29.10000000000582, ""mean_frame_interval_ms"": 4.176633266533071, ""mode"": ""temporal"", ""n"": 4, ""noise_residual"": 0, ""observed_effective_cycle_hz"": 59.85682343796475, ""observed_full_cycle_hz"": 59.85682343796475, ""observed_refresh_hz"": 239.427293751859, ""per_cycle_slots"": 4, ""permutation"": [3, 0, 2, 1], ""refresh_hz"": 238.09523809519686, ""rendered_frames"": 2496, ""safe_flicker_hz"": 50, ""timing_intervals"": 2495, ""width"": 900}"
P024,30,control_anchor,未遮罩原文（量表锚点）,1,1,none,fovuw ozib akari tanaru konek bapa mumeb rulotud davez iwuv urevi uvilido nawis ripozu fufen zazori boda ubezopi dotab ikukafa nitu gomatot pabov oner igilomu zotiv iliri,5,5,5,,4,10286,2026-07-08T06:04:14.953Z,2026-07-08T06:04:25.240Z,"{""anti_ocr"": {""profile"": ""off""}, ""cycle_hz"": 238.09523809519686, ""cycles"": 1, ""dropped_frame_rate"": 0, ""dropped_frames"": 0, ""frame_count"": 1, ""height"": 230, ""insert_inversion"": false, ""long_frame_intervals"": 0, ""max_frame_interval_ms"": 4.5, ""mean_frame_interval_ms"": 4.166653160453804, ""mode"": ""source_control"", ""n"": 1, ""observed_effective_cycle_hz"": 240.00077796038264, ""observed_full_cycle_hz"": 240.00077796038264, ""observed_refresh_hz"": 240.00077796038264, ""per_cycle_slots"": 1, ""refresh_hz"": 238.09523809519686, ""rendered_frames"": 2469, ""safe_flicker_hz"": 50, ""timing_intervals"": 2468, ""width"": 900}"
P024,30,deployed_full,实际部署完整配置,4,4,mask+noise+anti-ocr+inversion,amibiw pukamo usomi egufoso pokiriw bibaz baride mazeb turivew udila paduter rizegop used gomuwi isiz newep nuvug kefez sipos maziwi ivoniw kodu uteloko ezub noredi ubas,4,3,4,,5,10943,2026-07-08T06:04:25.609Z,2026-07-08T06:04:36.552Z,"{""anti_ocr"": {""glyph_alpha"": 0.12, ""profile"": ""strong"", ""salient_pixels"": 25593, ""stripe_alpha"": 0.1, ""stripe_width"": 10}, ""completeness_ok"": true, ""counts"": [52089, 51984, 51404, 51523], ""cycle_hz"": 59.523809523799216, ""cycles"": 6, ""dropped_frame_rate"": 0.03206782159970512, ""dropped_frames"": 87, ""epsilonPixels"": 8, ""frame_count"": 30, ""gamma"": 4.4, ""height"": 230, ""insert_inversion"": true, ""inversion_alpha"": 0.2, ""inversion_flicker_warn"": true, ""long_frame_intervals"": 2, ""max_frame_interval_ms"": 366.70000000001164, ""mean_frame_interval_ms"": 4.306245239908611, ""mode"": ""temporal"", ""n"": 4, ""noise_residual"": 0, ""observed_effective_cycle_hz"": 58.055216568507745, ""observed_full_cycle_hz"": 46.444173254806195, ""observed_refresh_hz"": 232.22086627403098, ""per_cycle_slots"": 5, ""permutation"": [2, 3, 1, 0], ""refresh_hz"": 238.09523809519686, ""rendered_frames"": 2627, ""safe_flicker_hz"": 50, ""timing_intervals"": 2626, ""width"": 900}"
P025,31,n4_mask_noise,层数 4，遮罩 + 噪声,4,4,mask+noise,susifa tagoro oragi omolu efife bibiw unum perefeb ufenag ibawade ibane isukar edofe surunob gezod fabo zela bukobez sibo powa raseges iwol uwawedo vikori tewe raga lanum,3,3,3,,0,19191,2026-07-08T06:09:40.520Z,2026-07-08T06:09:59.712Z,"{""anti_ocr"": {""profile"": ""off""}, ""completeness_ok"": true, ""counts"": [51643, 51838, 51640, 51879], ""cycle_hz"": 59.52380952385077, ""cycles"": 1, ""dropped_frame_rate"": 0.00432338953739732, ""dropped_frames"": 20, ""epsilonPixels"": 8, ""frame_count"": 4, ""gamma"": 4.4, ""height"": 230, ""insert_inversion"": false, ""inversion_alpha"": null, ""inversion_flicker_warn"": false, ""long_frame_intervals"": 1, ""max_frame_interval_ms"": 87.70000000001164, ""mean_frame_interval_ms"": 4.184737299174994, ""mode"": ""temporal"", ""n"": 4, ""noise_residual"": 0, ""observed_effective_cycle_hz"": 59.740906567608576, ""observed_full_cycle_hz"": 59.740906567608576, ""observed_refresh_hz"": 238.9636262704343, ""per_cycle_slots"": 4, ""permutation"": [2, 3, 0, 1], ""refresh_hz"": 238.0952380954031, ""rendered_frames"": 4607, ""safe_flicker_hz"": 50, ""timing_intervals"": 4606, ""width"": 900}"
P025,31,n4_mask_only,层数 4，仅遮罩,4,4,mask-only,enevil abutum guzo barur dofolus unov abof osube sebebi bonelu rasibo uzuvubo eroral uwuro edovade ofutafe buno kopapef baduwe sazutol gagot vadeboz akanum zabaseg ofobeb,5,5,5,,1,12896,2026-07-08T06:09:59.736Z,2026-07-08T06:10:12.631Z,"{""anti_ocr"": {""profile"": ""off""}, ""completeness_ok"": true, ""counts"": [51886, 51682, 51590, 51842], ""cycle_hz"": 59.52380952385077, ""cycles"": 1, ""dropped_frame_rate"": 0.0012903225806451613, ""dropped_frames"": 4, ""epsilonPixels"": 8, ""frame_count"": 4, ""gamma"": 4.4, ""height"": 230, ""insert_inversion"": false, ""inversion_alpha"": null, ""inversion_flicker_warn"": false, ""long_frame_intervals"": 1, ""max_frame_interval_ms"": 20.79999999998836, ""mean_frame_interval_ms"": 4.171996124031008, ""mode"": ""temporal"", ""n"": 4, ""noise_residual"": 0, ""observed_effective_cycle_hz"": 59.92335384972709, ""observed_full_cycle_hz"": 59.92335384972709, ""observed_refresh_hz"": 239.69341539890837, ""per_cycle_slots"": 4, ""permutation"": [2, 3, 0, 1], ""refresh_hz"": 238.0952380954031, ""rendered_frames"": 3097, ""safe_flicker_hz"": 50, ""timing_intervals"": 3096, ""width"": 900}"
P025,31,n3_mask_noise,层数 3，遮罩 + 噪声,3,3,mask+noise,gimaf ozifiza iwaza mesed biru etivovu fiwod desatev migaw butewa nozaka kado evif odunu olesos ekogulu afibefu kukize ikife pemo foga alidu gonak pesil ebaf enikim ipedo,5,5,5,,2,10848,2026-07-08T06:10:12.695Z,2026-07-08T06:10:23.543Z,"{""anti_ocr"": {""profile"": ""off""}, ""completeness_ok"": true, ""counts"": [68760, 69143, 69097], ""cycle_hz"": 79.36507936513436, ""cycles"": 1, ""dropped_frame_rate"": 0.0053475935828877, ""dropped_frames"": 14, ""epsilonPixels"": 8, ""frame_count"": 3, ""gamma"": 3.3000000000000003, ""height"": 230, ""insert_inversion"": false, ""inversion_alpha"": null, ""inversion_flicker_warn"": false, ""long_frame_intervals"": 1, ""max_frame_interval_ms"": 62.5, ""mean_frame_interval_ms"": 4.189016897081418, ""mode"": ""temporal"", ""n"": 3, ""noise_residual"": 0, ""observed_effective_cycle_hz"": 79.57316514181983, ""observed_full_cycle_hz"": 79.57316514181983, ""observed_refresh_hz"": 238.71949542545948, ""per_cycle_slots"": 3, ""permutation"": [0, 1, 2], ""refresh_hz"": 238.0952380954031, ""rendered_frames"": 2605, ""safe_flicker_hz"": 50, ""timing_intervals"": 2604, ""width"": 900}"
P025,31,deployed_full,实际部署完整配置,4,4,mask+noise+anti-ocr+inversion,lana kulad bedagug esesam zuvar pozadet irosepe afid isal ugiriga ikege venu nemarer etavero efef rura sepugi ekuko vilesu ukirage unun newa favib ofetiri pulowo eritito,3,3,3,,3,18630,2026-07-08T06:10:23.890Z,2026-07-08T06:10:42.520Z,"{""anti_ocr"": {""glyph_alpha"": 0.12, ""profile"": ""strong"", ""salient_pixels"": 25316, ""stripe_alpha"": 0.1, ""stripe_width"": 10}, ""completeness_ok"": true, ""counts"": [51800, 51492, 51946, 51762], ""cycle_hz"": 59.52380952385077, ""cycles"": 6, ""dropped_frame_rate"": 0.01757469244288225, ""dropped_frames"": 80, ""epsilonPixels"": 8, ""frame_count"": 30, ""gamma"": 4.4, ""height"": 230, ""insert_inversion"": true, ""inversion_alpha"": 0.2, ""inversion_flicker_warn"": true, ""long_frame_intervals"": 1, ""max_frame_interval_ms"": 341.5, ""mean_frame_interval_ms"": 4.242061717352415, ""mode"": ""temporal"", ""n"": 4, ""noise_residual"": 0, ""observed_effective_cycle_hz"": 58.933607443135394, ""observed_full_cycle_hz"": 47.14688595450831, ""observed_refresh_hz"": 235.73442977254157, ""per_cycle_slots"": 5, ""permutation"": [3, 1, 0, 2], ""refresh_hz"": 238.0952380954031, ""rendered_frames"": 4473, ""safe_flicker_hz"": 50, ""timing_intervals"": 4472, ""width"": 900}"
P025,31,n2_mask_noise,层数 2，遮罩 + 噪声,2,2,mask+noise,otoketo dogavek ipiguga evuk sanag ibiniza kamano tekes newa wuvuke sivog leset ukodo sori alup ufefofo fomi dinemaf buzofod olob rowam nubuf edor vape emipa oduvapi owik,5,5,5,,4,10623,2026-07-08T06:10:42.560Z,2026-07-08T06:10:53.183Z,"{""anti_ocr"": {""profile"": ""off""}, ""completeness_ok"": true, ""counts"": [103752, 103248], ""cycle_hz"": 119.04761904770155, ""cycles"": 1, ""dropped_frame_rate"": 0.003127443315089914, ""dropped_frames"": 8, ""epsilonPixels"": 8, ""frame_count"": 2, ""gamma"": 2.2, ""height"": 230, ""insert_inversion"": false, ""inversion_alpha"": null, ""inversion_flicker_warn"": false, ""long_frame_intervals"": 1, ""max_frame_interval_ms"": 37.5, ""mean_frame_interval_ms"": 4.179725490196073, ""mode"": ""temporal"", ""n"": 2, ""noise_residual"": 0, ""observed_effective_cycle_hz"": 119.62508092284901, ""observed_full_cycle_hz"": 119.62508092284901, ""observed_refresh_hz"": 239.25016184569802, ""per_cycle_slots"": 2, ""permutation"": [1, 0], ""refresh_hz"": 238.0952380954031, ""rendered_frames"": 2551, ""safe_flicker_hz"": 50, ""timing_intervals"": 2550, ""width"": 900}"
P025,31,control_anchor,未遮罩原文（量表锚点）,1,1,none,usoles odifolu agewi mezenod ikifi operiv urik ileguwi mapiden onus doseraz aforek kavazo adam awin nikipu gemuf mulu epugoni wewini osugab buva oropu rinivu gulevo gozin,5,5,5,,5,10518,2026-07-08T06:10:53.185Z,2026-07-08T06:11:03.704Z,"{""anti_ocr"": {""profile"": ""off""}, ""cycle_hz"": 238.0952380954031, ""cycles"": 1, ""dropped_frame_rate"": 0, ""dropped_frames"": 0, ""frame_count"": 1, ""height"": 230, ""insert_inversion"": false, ""long_frame_intervals"": 0, ""max_frame_interval_ms"": 4.599999999976717, ""mean_frame_interval_ms"": 4.166600633914421, ""mode"": ""source_control"", ""n"": 1, ""observed_effective_cycle_hz"": 240.0038035468074, ""observed_full_cycle_hz"": 240.0038035468074, ""observed_refresh_hz"": 240.0038035468074, ""per_cycle_slots"": 1, ""refresh_hz"": 238.0952380954031, ""rendered_frames"": 2525, ""safe_flicker_hz"": 50, ""timing_intervals"": 2524, ""width"": 900}"
P026,32,n4_mask_noise,层数 4，遮罩 + 噪声,4,4,mask+noise,vozesuf upul inobe iwagu napalud vasena sidiw mudibe modusem nila otasi akopa otudad nedi ozov vodo ovuke adan ugite sutom ezigopi uraw afefumu anerimo legolip loma vekow,4,4,4,,0,26191,2026-07-08T06:15:23.585Z,2026-07-08T06:15:49.776Z,"{""anti_ocr"": {""profile"": ""off""}, ""completeness_ok"": true, ""counts"": [51924, 51665, 51944, 51467], ""cycle_hz"": 59.52380952385077, ""cycles"": 1, ""dropped_frame_rate"": 0.003171582619727244, ""dropped_frames"": 20, ""epsilonPixels"": 8, ""frame_count"": 4, ""gamma"": 4.4, ""height"": 230, ""insert_inversion"": false, ""inversion_alpha"": null, ""inversion_flicker_warn"": false, ""long_frame_intervals"": 1, ""max_frame_interval_ms"": 87.60000000000582, ""mean_frame_interval_ms"": 4.17987591473115, ""mode"": ""temporal"", ""n"": 4, ""noise_residual"": 0, ""observed_effective_cycle_hz"": 59.81038793972907, ""observed_full_cycle_hz"": 59.81038793972907, ""observed_refresh_hz"": 239.24155175891627, ""per_cycle_slots"": 4, ""permutation"": [1, 2, 0, 3], ""refresh_hz"": 238.0952380954031, ""rendered_frames"": 6287, ""safe_flicker_hz"": 50, ""timing_intervals"": 6286, ""width"": 900}"
P026,32,n4_mask_only,层数 4，仅遮罩,4,4,mask-only,milunu ebade omuwif ubup upudot mufe luzuda gopo efofe zowuwuk enadis ifive idaval oduvo posiva burad okal ediruza upibur idibubu elono pedutag woluwe fimu ivibi avud ela,3,4,3,,1,15984,2026-07-08T06:15:49.800Z,2026-07-08T06:16:05.784Z,"{""anti_ocr"": {""profile"": ""off""}, ""completeness_ok"": true, ""counts"": [51556, 52045, 51798, 51601], ""cycle_hz"": 59.52380952385077, ""cycles"": 1, ""dropped_frame_rate"": 0.001041395469929706, ""dropped_frames"": 4, ""epsilonPixels"": 8, ""frame_count"": 4, ""gamma"": 4.4, ""height"": 230, ""insert_inversion"": false, ""inversion_alpha"": null, ""inversion_flicker_warn"": false, ""long_frame_intervals"": 1, ""max_frame_interval_ms"": 20.800000000017462, ""mean_frame_interval_ms"": 4.170966901224915, ""mode"": ""temporal"", ""n"": 4, ""noise_residual"": 0, ""observed_effective_cycle_hz"": 59.93814046488378, ""observed_full_cycle_hz"": 59.93814046488378, ""observed_refresh_hz"": 239.75256185953512, ""per_cycle_slots"": 4, ""permutation"": [0, 2, 1, 3], ""refresh_hz"": 238.0952380954031, ""rendered_frames"": 3838, ""safe_flicker_hz"": 50, ""timing_intervals"": 3837, ""width"": 900}"
P026,32,n3_mask_noise,层数 3，遮罩 + 噪声,3,3,mask+noise,atuf omopa ekigu kobivul anapa erok dubo oredof ipifow asoro ulakowe uvapip izem bezet edunomu kezuluw anezik silofa zowet atodote mokanak koze ofeg tolutig difuwog zuzat,3,4,3,,2,10346,2026-07-08T06:16:05.846Z,2026-07-08T06:16:16.191Z,"{""anti_ocr"": {""profile"": ""off""}, ""completeness_ok"": true, ""counts"": [68706, 68866, 69428], ""cycle_hz"": 79.36507936513436, ""cycles"": 1, ""dropped_frame_rate"": 0.005606728073688426, ""dropped_frames"": 14, ""epsilonPixels"": 8, ""frame_count"": 3, ""gamma"": 3.3000000000000003, ""height"": 230, ""insert_inversion"": false, ""inversion_alpha"": null, ""inversion_flicker_warn"": false, ""long_frame_intervals"": 1, ""max_frame_interval_ms"": 62.39999999999418, ""mean_frame_interval_ms"": 4.1901329037454715, ""mode"": ""temporal"", ""n"": 3, ""noise_residual"": 0, ""observed_effective_cycle_hz"": 79.55197149841564, ""observed_full_cycle_hz"": 79.55197149841564, ""observed_refresh_hz"": 238.65591449524692, ""per_cycle_slots"": 3, ""permutation"": [0, 2, 1], ""refresh_hz"": 238.0952380954031, ""rendered_frames"": 2484, ""safe_flicker_hz"": 50, ""timing_intervals"": 2483, ""width"": 900}"
P026,32,deployed_full,实际部署完整配置,4,4,mask+noise+anti-ocr+inversion,wolur kafigig usunim bosus onuti ewobu asinar izoku numeliv upud ozuwo ofafa gila pifu kalib lenolo amup eron pafob zizuzeb vapufam esek ikegu arozoga nuvaz emedenu ulege,3,2,3,,3,10357,2026-07-08T06:16:16.579Z,2026-07-08T06:16:26.935Z,"{""anti_ocr"": {""glyph_alpha"": 0.12, ""profile"": ""strong"", ""salient_pixels"": 25645, ""stripe_alpha"": 0.1, ""stripe_width"": 10}, ""completeness_ok"": true, ""counts"": [51947, 51577, 51830, 51646], ""cycle_hz"": 59.52380952385077, ""cycles"": 6, ""dropped_frame_rate"": 0.03531237873496314, ""dropped_frames"": 91, ""epsilonPixels"": 8, ""frame_count"": 30, ""gamma"": 4.4, ""height"": 230, ""insert_inversion"": true, ""inversion_alpha"": 0.2, ""inversion_flicker_warn"": true, ""long_frame_intervals"": 1, ""max_frame_interval_ms"": 387.5, ""mean_frame_interval_ms"": 4.320836685438446, ""mode"": ""temporal"", ""n"": 4, ""noise_residual"": 0, ""observed_effective_cycle_hz"": 57.85916437029877, ""observed_full_cycle_hz"": 46.28733149623902, ""observed_refresh_hz"": 231.43665748119508, ""per_cycle_slots"": 5, ""permutation"": [3, 2, 1, 0], ""refresh_hz"": 238.0952380954031, ""rendered_frames"": 2487, ""safe_flicker_hz"": 50, ""timing_intervals"": 2486, ""width"": 900}"
P026,32,n2_mask_noise,层数 2，遮罩 + 噪声,2,2,mask+noise,demuf adinedi iwup ewomagi keza opubon urosi ofave fenu lote ezuf esina enoviko zotali isikef azunibo igepipe ineri dozug oruro felozi woriwef popiza vakipas fozi umitisi,4,4,4,,4,10074,2026-07-08T06:16:26.966Z,2026-07-08T06:16:37.039Z,"{""anti_ocr"": {""profile"": ""off""}, ""completeness_ok"": true, ""counts"": [103657, 103343], ""cycle_hz"": 119.04761904770155, ""cycles"": 1, ""dropped_frame_rate"": 0.0020627062706270625, ""dropped_frames"": 5, ""epsilonPixels"": 8, ""frame_count"": 2, ""gamma"": 2.2, ""height"": 230, ""insert_inversion"": false, ""inversion_alpha"": null, ""inversion_flicker_warn"": false, ""long_frame_intervals"": 1, ""max_frame_interval_ms"": 25, ""mean_frame_interval_ms"": 4.175237701529567, ""mode"": ""temporal"", ""n"": 2, ""noise_residual"": 0, ""observed_effective_cycle_hz"": 119.75366092733564, ""observed_full_cycle_hz"": 119.75366092733564, ""observed_refresh_hz"": 239.5073218546713, ""per_cycle_slots"": 2, ""permutation"": [1, 0], ""refresh_hz"": 238.0952380954031, ""rendered_frames"": 2420, ""safe_flicker_hz"": 50, ""timing_intervals"": 2419, ""width"": 900}"
P026,32,control_anchor,未遮罩原文（量表锚点）,1,1,none,aguzar ezepavi avar oziz oniw ubetura bolid zegoli geval rati teza fofur wiwif okazid begum eputul tade rakifom ilobep avita ofizo odos somizez pisuk bukab geze nifoneg l,5,5,5,,5,10438,2026-07-08T06:16:37.041Z,2026-07-08T06:16:47.479Z,"{""anti_ocr"": {""profile"": ""off""}, ""cycle_hz"": 238.0952380954031, ""cycles"": 1, ""dropped_frame_rate"": 0, ""dropped_frames"": 0, ""frame_count"": 1, ""height"": 230, ""insert_inversion"": false, ""long_frame_intervals"": 0, ""max_frame_interval_ms"": 4.399999999965075, ""mean_frame_interval_ms"": 4.166653354632583, ""mode"": ""source_control"", ""n"": 1, ""observed_effective_cycle_hz"": 240.000766775613, ""observed_full_cycle_hz"": 240.000766775613, ""observed_refresh_hz"": 240.000766775613, ""per_cycle_slots"": 1, ""refresh_hz"": 238.0952380954031, ""rendered_frames"": 2505, ""safe_flicker_hz"": 50, ""timing_intervals"": 2504, ""width"": 900}"
P027,34,n4_mask_only,层数 4，仅遮罩,4,4,mask-only,rizupe kefokup kifafiz fupu ililuz fagire buda emegene bute pekaze zeferu umidame kubufo vikav usewa iveke unagi ezem ebap ifigeva rolis eniwabe tevebu tiveb bopo dazu ik,3,2,2,,0,23410,2026-07-08T06:26:44.342Z,2026-07-08T06:27:07.752Z,"{""anti_ocr"": {""profile"": ""off""}, ""completeness_ok"": true, ""counts"": [51806, 51745, 51623, 51826], ""cycle_hz"": 59.523809523799216, ""cycles"": 1, ""dropped_frame_rate"": 0.002131060202450719, ""dropped_frames"": 12, ""epsilonPixels"": 8, ""frame_count"": 4, ""gamma"": 4.4, ""height"": 230, ""insert_inversion"": false, ""inversion_alpha"": null, ""inversion_flicker_warn"": false, ""long_frame_intervals"": 1, ""max_frame_interval_ms"": 54.09999999997672, ""mean_frame_interval_ms"": 4.175511656878445, ""mode"": ""temporal"", ""n"": 4, ""noise_residual"": 0, ""observed_effective_cycle_hz"": 59.872901944404234, ""observed_full_cycle_hz"": 59.872901944404234, ""observed_refresh_hz"": 239.49160777761693, ""per_cycle_slots"": 4, ""permutation"": [3, 1, 2, 0], ""refresh_hz"": 238.09523809519686, ""rendered_frames"": 5620, ""safe_flicker_hz"": 50, ""timing_intervals"": 5619, ""width"": 900}"
P027,34,deployed_full,实际部署完整配置,4,4,mask+noise+anti-ocr+inversion,afipeg owoko animiz lemunif atalek migom iwuzuf obatub esola regef tovatef darot uzinogi ekad omin kame ekatep dibo feka awerul fokomak amupo mofamum oruto anakate kepuf,2,2,2,,1,12167,2026-07-08T06:27:08.105Z,2026-07-08T06:27:20.271Z,"{""anti_ocr"": {""glyph_alpha"": 0.12, ""profile"": ""strong"", ""salient_pixels"": 25704, ""stripe_alpha"": 0.1, ""stripe_width"": 10}, ""completeness_ok"": true, ""counts"": [51961, 51580, 51719, 51740], ""cycle_hz"": 59.523809523799216, ""cycles"": 6, ""dropped_frame_rate"": 0.027306027306027308, ""dropped_frames"": 82, ""epsilonPixels"": 8, ""frame_count"": 30, ""gamma"": 4.4, ""height"": 230, ""insert_inversion"": true, ""inversion_alpha"": 0.2, ""inversion_flicker_warn"": true, ""long_frame_intervals"": 1, ""max_frame_interval_ms"": 350, ""mean_frame_interval_ms"": 4.285039370078742, ""mode"": ""temporal"", ""n"": 4, ""noise_residual"": 0, ""observed_effective_cycle_hz"": 58.34252113193676, ""observed_full_cycle_hz"": 46.67401690554941, ""observed_refresh_hz"": 233.37008452774705, ""per_cycle_slots"": 5, ""permutation"": [3, 0, 1, 2], ""refresh_hz"": 238.09523809519686, ""rendered_frames"": 2922, ""safe_flicker_hz"": 50, ""timing_intervals"": 2921, ""width"": 900}"
P027,34,n4_mask_noise,层数 4，遮罩 + 噪声,4,4,mask+noise,obem fileto baka dedezu olefa ikago oguzuwu kigeba evule usive volidos uwidivo akoviv ogafa nofeb sedewow ragodo dekuzad werono vepeti etoziv iwaz igubeza dasul ebizag ed,3,2,3,,2,10377,2026-07-08T06:27:20.327Z,2026-07-08T06:27:30.703Z,"{""anti_ocr"": {""profile"": ""off""}, ""completeness_ok"": true, ""counts"": [51409, 51685, 51873, 52033], ""cycle_hz"": 59.523809523799216, ""cycles"": 1, ""dropped_frame_rate"": 0.004396482813749001, ""dropped_frames"": 11, ""epsilonPixels"": 8, ""frame_count"": 4, ""gamma"": 4.4, ""height"": 230, ""insert_inversion"": false, ""inversion_alpha"": null, ""inversion_flicker_warn"": false, ""long_frame_intervals"": 1, ""max_frame_interval_ms"": 50.10000000000582, ""mean_frame_interval_ms"": 4.18506623845845, ""mode"": ""temporal"", ""n"": 4, ""noise_residual"": 0, ""observed_effective_cycle_hz"": 59.73621103117506, ""observed_full_cycle_hz"": 59.73621103117506, ""observed_refresh_hz"": 238.94484412470024, ""per_cycle_slots"": 4, ""permutation"": [1, 2, 0, 3], ""refresh_hz"": 238.09523809519686, ""rendered_frames"": 2492, ""safe_flicker_hz"": 50, ""timing_intervals"": 2491, ""width"": 900}"
P027,34,control_anchor,未遮罩原文（量表锚点）,1,1,none,alud ipumit pebetu besoma larub isuba ubumot divo ukoronu orubem alak uduget ofum dadid rotuwi arebar iduzez mekevuw buvuv iriz mowane denepek pula vinoza enofuna kobiwer,4,4,4,,3,11015,2026-07-08T06:27:30.705Z,2026-07-08T06:27:41.719Z,"{""anti_ocr"": {""profile"": ""off""}, ""cycle_hz"": 238.09523809519686, ""cycles"": 1, ""dropped_frame_rate"": 0, ""dropped_frames"": 0, ""frame_count"": 1, ""height"": 230, ""insert_inversion"": false, ""long_frame_intervals"": 0, ""max_frame_interval_ms"": 4.5, ""mean_frame_interval_ms"": 4.166628830873994, ""mode"": ""source_control"", ""n"": 1, ""observed_effective_cycle_hz"": 240.00217936144784, ""observed_full_cycle_hz"": 240.00217936144784, ""observed_refresh_hz"": 240.00217936144784, ""per_cycle_slots"": 1, ""refresh_hz"": 238.09523809519686, ""rendered_frames"": 2644, ""safe_flicker_hz"": 50, ""timing_intervals"": 2643, ""width"": 900}"
P027,34,n3_mask_noise,层数 3，遮罩 + 噪声,3,3,mask+noise,vivafal efaf filevi noper vobovul povu iguwoke emaw milipas vekun efavi vilasib dobomid upab redez menuwiz wibog gako onopifa ozupo nolub nakalim ulob ugef omokini sawiwu,3,3,3,,4,10564,2026-07-08T06:27:41.811Z,2026-07-08T06:27:52.375Z,"{""anti_ocr"": {""profile"": ""off""}, ""completeness_ok"": true, ""counts"": [69020, 68970, 69010], ""cycle_hz"": 79.36507936506563, ""cycles"": 1, ""dropped_frame_rate"": 0.008212749315604223, ""dropped_frames"": 21, ""epsilonPixels"": 8, ""frame_count"": 3, ""gamma"": 3.3000000000000003, ""height"": 230, ""insert_inversion"": false, ""inversion_alpha"": null, ""inversion_flicker_warn"": false, ""long_frame_intervals"": 1, ""max_frame_interval_ms"": 91.70000000001164, ""mean_frame_interval_ms"": 4.20114353312302, ""mode"": ""temporal"", ""n"": 3, ""noise_residual"": 0, ""observed_effective_cycle_hz"": 79.34347653329095, ""observed_full_cycle_hz"": 79.34347653329095, ""observed_refresh_hz"": 238.03042959987286, ""per_cycle_slots"": 3, ""permutation"": [2, 0, 1], ""refresh_hz"": 238.09523809519686, ""rendered_frames"": 2537, ""safe_flicker_hz"": 50, ""timing_intervals"": 2536, ""width"": 900}"
P027,34,n2_mask_noise,层数 2，遮罩 + 噪声,2,2,mask+noise,azew dogis todit bali ubovi lose azemeku faneno sosed ubofi okuge ifilede umubap berinul ilaled sava uvik uwur gimirop abiwag mowevum ufated emoz mubutor bevadu gifo elep,3,4,4,,5,10378,2026-07-08T06:27:52.422Z,2026-07-08T06:28:02.799Z,"{""anti_ocr"": {""profile"": ""off""}, ""completeness_ok"": true, ""counts"": [103301, 103699], ""cycle_hz"": 119.04761904759843, ""cycles"": 1, ""dropped_frame_rate"": 0.0036, ""dropped_frames"": 9, ""epsilonPixels"": 8, ""frame_count"": 2, ""gamma"": 2.2, ""height"": 230, ""insert_inversion"": false, ""inversion_alpha"": null, ""inversion_flicker_warn"": false, ""long_frame_intervals"": 1, ""max_frame_interval_ms"": 41.70000000001164, ""mean_frame_interval_ms"": 4.181694098755511, ""mode"": ""temporal"", ""n"": 2, ""noise_residual"": 0, ""observed_effective_cycle_hz"": 119.5687652400978, ""observed_full_cycle_hz"": 119.5687652400978, ""observed_refresh_hz"": 239.1375304801956, ""per_cycle_slots"": 2, ""permutation"": [1, 0], ""refresh_hz"": 238.09523809519686, ""rendered_frames"": 2492, ""safe_flicker_hz"": 50, ""timing_intervals"": 2491, ""width"": 900}"
P028,35,deployed_full,实际部署完整配置,4,4,mask+noise+anti-ocr+inversion,bizemad wana zege afos imoni idiwazo utorugi owefel usig lakoma itow laduku osokoga paseded afisunu fodav denik elolimi ugifop imew ofofol ebovuke efapina dusiwe befot ge,5,5,5,,0,12205,2026-07-08T06:32:09.290Z,2026-07-08T06:32:21.495Z,"{""anti_ocr"": {""glyph_alpha"": 0.12, ""profile"": ""strong"", ""salient_pixels"": 26037, ""stripe_alpha"": 0.1, ""stripe_width"": 10}, ""completeness_ok"": true, ""counts"": [51605, 51922, 51872, 51601], ""cycle_hz"": 59.52380952385077, ""cycles"": 6, ""dropped_frame_rate"": 0.02755644090305445, ""dropped_frames"": 83, ""epsilonPixels"": 8, ""frame_count"": 30, ""gamma"": 4.4, ""height"": 230, ""insert_inversion"": true, ""inversion_alpha"": 0.2, ""inversion_flicker_warn"": true, ""long_frame_intervals"": 2, ""max_frame_interval_ms"": 350, ""mean_frame_interval_ms"": 4.286138613861388, ""mode"": ""temporal"", ""n"": 4, ""noise_residual"": 0, ""observed_effective_cycle_hz"": 58.32755832755831, ""observed_full_cycle_hz"": 46.66204666204665, ""observed_refresh_hz"": 233.31023331023323, ""per_cycle_slots"": 5, ""permutation"": [1, 2, 0, 3], ""refresh_hz"": 238.0952380954031, ""rendered_frames"": 2930, ""safe_flicker_hz"": 50, ""timing_intervals"": 2929, ""width"": 900}"
P028,35,control_anchor,未遮罩原文（量表锚点）,1,1,none,elot apiv imek leve mugoke velare sotov bofali izil alabage ezaro obos nubokuw ubesul nofik ekeful lovupe umobam mawupod apil ovav ipepupu zusune sipil ogapete werukad lo,5,5,5,,1,10503,2026-07-08T06:32:21.497Z,2026-07-08T06:32:31.999Z,"{""anti_ocr"": {""profile"": ""off""}, ""cycle_hz"": 238.0952380954031, ""cycles"": 1, ""dropped_frame_rate"": 0, ""dropped_frames"": 0, ""frame_count"": 1, ""height"": 230, ""insert_inversion"": false, ""long_frame_intervals"": 0, ""max_frame_interval_ms"": 4.600000000005821, ""mean_frame_interval_ms"": 4.166626984126982, ""mode"": ""source_control"", ""n"": 1, ""observed_effective_cycle_hz"": 240.00228573605477, ""observed_full_cycle_hz"": 240.00228573605477, ""observed_refresh_hz"": 240.00228573605477, ""per_cycle_slots"": 1, ""refresh_hz"": 238.0952380954031, ""rendered_frames"": 2521, ""safe_flicker_hz"": 50, ""timing_intervals"": 2520, ""width"": 900}"
P028,35,n4_mask_only,层数 4，仅遮罩,4,4,mask-only,abuk viwisa sawut tolev irul uzilibu olida ibenet uluk vipupo libis sipaka uwibu gabo tovot apol eluwez nironen isiwu gisuru odorop zusufi nozu igupus pifo uzewe oliwane,5,5,5,,2,10756,2026-07-08T06:32:32.051Z,2026-07-08T06:32:42.807Z,"{""anti_ocr"": {""profile"": ""off""}, ""completeness_ok"": true, ""counts"": [51698, 52083, 51809, 51410], ""cycle_hz"": 59.52380952385077, ""cycles"": 1, ""dropped_frame_rate"": 0.004242190512919399, ""dropped_frames"": 11, ""epsilonPixels"": 8, ""frame_count"": 4, ""gamma"": 4.4, ""height"": 230, ""insert_inversion"": false, ""inversion_alpha"": null, ""inversion_flicker_warn"": false, ""long_frame_intervals"": 1, ""max_frame_interval_ms"": 50, ""mean_frame_interval_ms"": 4.184353214562355, ""mode"": ""temporal"", ""n"": 4, ""noise_residual"": 0, ""observed_effective_cycle_hz"": 59.746390225842276, ""observed_full_cycle_hz"": 59.746390225842276, ""observed_refresh_hz"": 238.9855609033691, ""per_cycle_slots"": 4, ""permutation"": [2, 1, 0, 3], ""refresh_hz"": 238.0952380954031, ""rendered_frames"": 2583, ""safe_flicker_hz"": 50, ""timing_intervals"": 2582, ""width"": 900}"
P028,35,n2_mask_noise,层数 2，遮罩 + 噪声,2,2,mask+noise,pema ubip izirew nilez inuko ukap nawid urob gumifek nidugu ledise oworus ikanab awumob afunub vorila fasol obuteru okazo fanaba pulubon usumi todaf bife maror tebam ipow,5,5,5,,3,10807,2026-07-08T06:32:42.848Z,2026-07-08T06:32:53.655Z,"{""anti_ocr"": {""profile"": ""off""}, ""completeness_ok"": true, ""counts"": [103161, 103839], ""cycle_hz"": 119.04761904770155, ""cycles"": 1, ""dropped_frame_rate"": 0.0030745580322828594, ""dropped_frames"": 8, ""epsilonPixels"": 8, ""frame_count"": 2, ""gamma"": 2.2, ""height"": 230, ""insert_inversion"": false, ""inversion_alpha"": null, ""inversion_flicker_warn"": false, ""long_frame_intervals"": 1, ""max_frame_interval_ms"": 37.5, ""mean_frame_interval_ms"": 4.179491133384725, ""mode"": ""temporal"", ""n"": 2, ""noise_residual"": 0, ""observed_effective_cycle_hz"": 119.63178866587982, ""observed_full_cycle_hz"": 119.63178866587982, ""observed_refresh_hz"": 239.26357733175965, ""per_cycle_slots"": 2, ""permutation"": [1, 0], ""refresh_hz"": 238.0952380954031, ""rendered_frames"": 2595, ""safe_flicker_hz"": 50, ""timing_intervals"": 2594, ""width"": 900}"
P028,35,n4_mask_noise,层数 4，遮罩 + 噪声,4,4,mask+noise,avat efeg razug mave levodi uwosa ipetefe fakuwek figoko bales zobogo afeduga zoki imemofu mituro nafe nosus nusokon enabi negopo ekofa owefak weve efozi ovug urezoz ofes,5,5,5,,4,11424,2026-07-08T06:32:53.711Z,2026-07-08T06:33:05.135Z,"{""anti_ocr"": {""profile"": ""off""}, ""completeness_ok"": true, ""counts"": [51611, 51796, 51825, 51768], ""cycle_hz"": 59.52380952385077, ""cycles"": 1, ""dropped_frame_rate"": 0.004355716878402904, ""dropped_frames"": 12, ""epsilonPixels"": 8, ""frame_count"": 4, ""gamma"": 4.4, ""height"": 230, ""insert_inversion"": false, ""inversion_alpha"": null, ""inversion_flicker_warn"": false, ""long_frame_intervals"": 1, ""max_frame_interval_ms"": 54.100000000034925, ""mean_frame_interval_ms"": 4.184834123222749, ""mode"": ""temporal"", ""n"": 4, ""noise_residual"": 0, ""observed_effective_cycle_hz"": 59.739524348810875, ""observed_full_cycle_hz"": 59.739524348810875, ""observed_refresh_hz"": 238.9580973952435, ""per_cycle_slots"": 4, ""permutation"": [2, 3, 1, 0], ""refresh_hz"": 238.0952380954031, ""rendered_frames"": 2744, ""safe_flicker_hz"": 50, ""timing_intervals"": 2743, ""width"": 900}"
P028,35,n3_mask_noise,层数 3，遮罩 + 噪声,3,3,mask+noise,ewamu ifudego aluw edozori lalu iwuru owaw igukivo rewifad agofige kumosez togulit ameduwi dapeg nogof uborani udir omofev mezi kigimu uputab ibepaba ogopifa isolod akama,5,5,5,,5,11635,2026-07-08T06:33:05.189Z,2026-07-08T06:33:16.823Z,"{""anti_ocr"": {""profile"": ""off""}, ""completeness_ok"": true, ""counts"": [68925, 69077, 68998], ""cycle_hz"": 79.36507936513436, ""cycles"": 1, ""dropped_frame_rate"": 0.0039229671897289585, ""dropped_frames"": 11, ""epsilonPixels"": 8, ""frame_count"": 3, ""gamma"": 3.3000000000000003, ""height"": 230, ""insert_inversion"": false, ""inversion_alpha"": null, ""inversion_flicker_warn"": false, ""long_frame_intervals"": 1, ""max_frame_interval_ms"": 50, ""mean_frame_interval_ms"": 4.183029001074098, ""mode"": ""temporal"", ""n"": 3, ""noise_residual"": 0, ""observed_effective_cycle_hz"": 79.6870720350592, ""observed_full_cycle_hz"": 79.6870720350592, ""observed_refresh_hz"": 239.0612161051776, ""per_cycle_slots"": 3, ""permutation"": [0, 2, 1], ""refresh_hz"": 238.0952380954031, ""rendered_frames"": 2794, ""safe_flicker_hz"": 50, ""timing_intervals"": 2793, ""width"": 900}"
P029,36,deployed_full,实际部署完整配置,4,4,mask+noise+anti-ocr+inversion,ewapo epika ufeni inowo bafu etep tiwewe vinira ilita erufi totoza tomazaw kelowo awugole obizak tagofom upusozo dota azurowo rude fatukib otagik awuvine bapa gekiw oropu,5,1,3,,0,22018,2026-07-08T06:37:21.413Z,2026-07-08T06:37:43.431Z,"{""anti_ocr"": {""glyph_alpha"": 0.12, ""profile"": ""strong"", ""salient_pixels"": 25660, ""stripe_alpha"": 0.1, ""stripe_width"": 10}, ""completeness_ok"": true, ""counts"": [51958, 51824, 51518, 51700], ""cycle_hz"": 59.523809523824994, ""cycles"": 6, ""dropped_frame_rate"": 0.017478616586091483, ""dropped_frames"": 94, ""epsilonPixels"": 8, ""frame_count"": 30, ""gamma"": 4.4, ""height"": 230, ""insert_inversion"": true, ""inversion_alpha"": 0.2, ""inversion_flicker_warn"": true, ""long_frame_intervals"": 2, ""max_frame_interval_ms"": 395.79999999998836, ""mean_frame_interval_ms"": 4.241559424678273, ""mode"": ""temporal"", ""n"": 4, ""noise_residual"": 0, ""observed_effective_cycle_hz"": 58.94058646106622, ""observed_full_cycle_hz"": 47.152469168852974, ""observed_refresh_hz"": 235.76234584426487, ""per_cycle_slots"": 5, ""permutation"": [0, 2, 3, 1], ""refresh_hz"": 238.09523809529998, ""rendered_frames"": 5285, ""safe_flicker_hz"": 50, ""timing_intervals"": 5284, ""width"": 900}"
P029,36,control_anchor,未遮罩原文（量表锚点）,1,1,none,ukiropa ifok ifuwu itep usevofu ewet alez opunom amito omoliwi bizo pekol aselora nizet ovosili ipawom sibev zole ezodik fozudin kozofid totoruf damake ekelil zagiwen owi,4,1,3,,1,23742,2026-07-08T06:37:43.433Z,2026-07-08T06:38:07.175Z,"{""anti_ocr"": {""profile"": ""off""}, ""cycle_hz"": 238.09523809529998, ""cycles"": 1, ""dropped_frame_rate"": 0, ""dropped_frames"": 0, ""frame_count"": 1, ""height"": 230, ""insert_inversion"": false, ""long_frame_intervals"": 0, ""max_frame_interval_ms"": 4.600000000005821, ""mean_frame_interval_ms"": 4.1666198666198655, ""mode"": ""source_control"", ""n"": 1, ""observed_effective_cycle_hz"": 240.00269571297403, ""observed_full_cycle_hz"": 240.00269571297403, ""observed_refresh_hz"": 240.00269571297403, ""per_cycle_slots"": 1, ""refresh_hz"": 238.09523809529998, ""rendered_frames"": 5699, ""safe_flicker_hz"": 50, ""timing_intervals"": 5698, ""width"": 900}"
P029,36,n4_mask_only,层数 4，仅遮罩,4,4,mask-only,vawoto givu amoz usipore esiw budom azokup tibob ivepi pege refi wupiku otim pululud anigabe uwad owotof elemo lawivil ibuk tuvatum olebu ologaro owepu agepusu dabi fapep,4,5,3,,2,24942,2026-07-08T06:38:07.201Z,2026-07-08T06:38:32.143Z,"{""anti_ocr"": {""profile"": ""off""}, ""completeness_ok"": true, ""counts"": [51621, 52008, 51865, 51506], ""cycle_hz"": 59.523809523824994, ""cycles"": 1, ""dropped_frame_rate"": 0.0006676681689200467, ""dropped_frames"": 4, ""epsilonPixels"": 8, ""frame_count"": 4, ""gamma"": 4.4, ""height"": 230, ""insert_inversion"": false, ""inversion_alpha"": null, ""inversion_flicker_warn"": false, ""long_frame_intervals"": 1, ""max_frame_interval_ms"": 20.89999999999418, ""mean_frame_interval_ms"": 4.169433773175207, ""mode"": ""temporal"", ""n"": 4, ""noise_residual"": 0, ""observed_effective_cycle_hz"": 59.96018011088686, ""observed_full_cycle_hz"": 59.96018011088686, ""observed_refresh_hz"": 239.84072044354744, ""per_cycle_slots"": 4, ""permutation"": [2, 0, 1, 3], ""refresh_hz"": 238.09523809529998, ""rendered_frames"": 5988, ""safe_flicker_hz"": 50, ""timing_intervals"": 5987, ""width"": 900}"
P029,36,n2_mask_noise,层数 2，遮罩 + 噪声,2,2,mask+noise,ugawi onoleb nezu zite egupi irik uril emosu alowawi udifi lisuw riva vemagi dadapew keratef unapef taze limin wewa uwezulo imob dolamur gigel robivi aseluf ireg kubinu w,5,5,5,,3,14356,2026-07-08T06:38:32.219Z,2026-07-08T06:38:46.575Z,"{""anti_ocr"": {""profile"": ""off""}, ""completeness_ok"": true, ""counts"": [103499, 103501], ""cycle_hz"": 119.04761904764999, ""cycles"": 1, ""dropped_frame_rate"": 0.004909038406006353, ""dropped_frames"": 17, ""epsilonPixels"": 8, ""frame_count"": 2, ""gamma"": 2.2, ""height"": 230, ""insert_inversion"": false, ""inversion_alpha"": null, ""inversion_flicker_warn"": false, ""long_frame_intervals"": 1, ""max_frame_interval_ms"": 75, ""mean_frame_interval_ms"": 4.187202553685426, ""mode"": ""temporal"", ""n"": 2, ""noise_residual"": 0, ""observed_effective_cycle_hz"": 119.41146710467062, ""observed_full_cycle_hz"": 119.41146710467062, ""observed_refresh_hz"": 238.82293420934124, ""per_cycle_slots"": 2, ""permutation"": [1, 0], ""refresh_hz"": 238.09523809529998, ""rendered_frames"": 3447, ""safe_flicker_hz"": 50, ""timing_intervals"": 3446, ""width"": 900}"
P029,36,n4_mask_noise,层数 4，遮罩 + 噪声,4,4,mask+noise,fazuz utel ruka vetilug rugal nudebo utul nebumok vavak obag ibatev olilo keki wewak nufaso egisiw nomimi anaw zulosi uzid pifeto vitano ukuge omibep umazadu gemutoz fobu,4,5,4,,4,14047,2026-07-08T06:38:46.632Z,2026-07-08T06:39:00.679Z,"{""anti_ocr"": {""profile"": ""off""}, ""completeness_ok"": true, ""counts"": [51915, 51532, 51953, 51600], ""cycle_hz"": 59.523809523824994, ""cycles"": 1, ""dropped_frame_rate"": 0.0035460992907801418, ""dropped_frames"": 12, ""epsilonPixels"": 8, ""frame_count"": 4, ""gamma"": 4.4, ""height"": 230, ""insert_inversion"": false, ""inversion_alpha"": null, ""inversion_flicker_warn"": false, ""long_frame_intervals"": 1, ""max_frame_interval_ms"": 54.199999999953434, ""mean_frame_interval_ms"": 4.181465005931187, ""mode"": ""temporal"", ""n"": 4, ""noise_residual"": 0, ""observed_effective_cycle_hz"": 59.787658068497095, ""observed_full_cycle_hz"": 59.787658068497095, ""observed_refresh_hz"": 239.15063227398838, ""per_cycle_slots"": 4, ""permutation"": [1, 3, 2, 0], ""refresh_hz"": 238.09523809529998, ""rendered_frames"": 3373, ""safe_flicker_hz"": 50, ""timing_intervals"": 3372, ""width"": 900}"
P029,36,n3_mask_noise,层数 3，遮罩 + 噪声,3,3,mask+noise,duke puwula uwulu itod vifopi itis efavaki gesow fezalep asorire alemu omamop asuru kutag ulowol evefaki nitatog erom wagog vupa ovadep ututan lotebud kulag dulawod uwiso,4,4,4,,5,10515,2026-07-08T06:39:00.796Z,2026-07-08T06:39:11.311Z,"{""anti_ocr"": {""profile"": ""off""}, ""completeness_ok"": true, ""counts"": [68923, 68748, 69329], ""cycle_hz"": 79.36507936509999, ""cycles"": 1, ""dropped_frame_rate"": 0.010192081536652292, ""dropped_frames"": 26, ""epsilonPixels"": 8, ""frame_count"": 3, ""gamma"": 3.3000000000000003, ""height"": 230, ""insert_inversion"": false, ""inversion_alpha"": null, ""inversion_flicker_warn"": false, ""long_frame_intervals"": 1, ""max_frame_interval_ms"": 112.5, ""mean_frame_interval_ms"": 4.209544554455436, ""mode"": ""temporal"", ""n"": 3, ""noise_residual"": 0, ""observed_effective_cycle_hz"": 79.1851301301774, ""observed_full_cycle_hz"": 79.1851301301774, ""observed_refresh_hz"": 237.55539039053218, ""per_cycle_slots"": 3, ""permutation"": [2, 0, 1], ""refresh_hz"": 238.09523809529998, ""rendered_frames"": 2526, ""safe_flicker_hz"": 50, ""timing_intervals"": 2525, ""width"": 900}"
P030,37,control_anchor,未遮罩原文（量表锚点）,1,1,none,zono wesos nozofer erateg buno ruzoku efagolo opiveku tenom dupadib livezev eparin ugef ivilop uzif efen obenes imupo zufod amotamu lofin osave usenap adurige akali zisog,4,4,4,,0,15014,2026-07-08T06:44:53.769Z,2026-07-08T06:45:08.783Z,"{""anti_ocr"": {""profile"": ""off""}, ""cycle_hz"": 238.09523809519686, ""cycles"": 1, ""dropped_frame_rate"": 0, ""dropped_frames"": 0, ""frame_count"": 1, ""height"": 230, ""insert_inversion"": false, ""long_frame_intervals"": 0, ""max_frame_interval_ms"": 4.599999999976717, ""mean_frame_interval_ms"": 4.16663891201777, ""mode"": ""source_control"", ""n"": 1, ""observed_effective_cycle_hz"": 240.00159867842547, ""observed_full_cycle_hz"": 240.00159867842547, ""observed_refresh_hz"": 240.00159867842547, ""per_cycle_slots"": 1, ""refresh_hz"": 238.09523809519686, ""rendered_frames"": 3604, ""safe_flicker_hz"": 50, ""timing_intervals"": 3603, ""width"": 900}"
P030,37,n2_mask_noise,层数 2，遮罩 + 噪声,2,2,mask+noise,pamat watazid abipa alazeva eguri igizupa alufod nozom bigoza ikaket bonez dapefi dewel bule nilape fozo dudewe liwukud bozomut tesezav gubito iwiwib edovev akula nagoru,4,4,4,,1,10964,2026-07-08T06:45:08.860Z,2026-07-08T06:45:19.823Z,"{""anti_ocr"": {""profile"": ""off""}, ""completeness_ok"": true, ""counts"": [103336, 103664], ""cycle_hz"": 119.04761904759843, ""cycles"": 1, ""dropped_frame_rate"": 0.006042296072507553, ""dropped_frames"": 16, ""epsilonPixels"": 8, ""frame_count"": 2, ""gamma"": 2.2, ""height"": 230, ""insert_inversion"": false, ""inversion_alpha"": null, ""inversion_flicker_warn"": false, ""long_frame_intervals"": 1, ""max_frame_interval_ms"": 70.90000000002328, ""mean_frame_interval_ms"": 4.191983282674768, ""mode"": ""temporal"", ""n"": 2, ""noise_residual"": 0, ""observed_effective_cycle_hz"": 119.27528481959173, ""observed_full_cycle_hz"": 119.27528481959173, ""observed_refresh_hz"": 238.55056963918346, ""per_cycle_slots"": 2, ""permutation"": [1, 0], ""refresh_hz"": 238.09523809519686, ""rendered_frames"": 2633, ""safe_flicker_hz"": 50, ""timing_intervals"": 2632, ""width"": 900}"
P030,37,deployed_full,实际部署完整配置,4,4,mask+noise+anti-ocr+inversion,uror zifabe eliwo otofa rowe tuzigap balu kosivik owofo idiw avew urulare givudab ozet onezip seso fivog tiga ubuzig nibiwuf owug ulumat pona vipobo uwizam ipofolo atawe,4,2,3,,2,12679,2026-07-08T06:45:20.176Z,2026-07-08T06:45:32.855Z,"{""anti_ocr"": {""glyph_alpha"": 0.12, ""profile"": ""strong"", ""salient_pixels"": 25359, ""stripe_alpha"": 0.1, ""stripe_width"": 10}, ""completeness_ok"": true, ""counts"": [51759, 51866, 51554, 51821], ""cycle_hz"": 59.523809523799216, ""cycles"": 6, ""dropped_frame_rate"": 0.026551503518873962, ""dropped_frames"": 83, ""epsilonPixels"": 8, ""frame_count"": 30, ""gamma"": 4.4, ""height"": 230, ""insert_inversion"": true, ""inversion_alpha"": 0.2, ""inversion_flicker_warn"": true, ""long_frame_intervals"": 2, ""max_frame_interval_ms"": 350, ""mean_frame_interval_ms"": 4.28166283273085, ""mode"": ""temporal"", ""n"": 4, ""noise_residual"": 0, ""observed_effective_cycle_hz"": 58.38853028988966, ""observed_full_cycle_hz"": 46.71082423191173, ""observed_refresh_hz"": 233.55412115955863, ""per_cycle_slots"": 5, ""permutation"": [0, 2, 1, 3], ""refresh_hz"": 238.09523809519686, ""rendered_frames"": 3044, ""safe_flicker_hz"": 50, ""timing_intervals"": 3043, ""width"": 900}"
P030,37,n3_mask_noise,层数 3，遮罩 + 噪声,3,3,mask+noise,ivotomo robe rafoki nugan awusa uduwid benak zanom ediw ovom epof ewoza rago epogomi mibo odidisa pedi wirula aduni omikur openep zapam ovevo opesugi unuzi imumuk ibesa p,4,4,3,,3,10517,2026-07-08T06:45:32.906Z,2026-07-08T06:45:43.423Z,"{""anti_ocr"": {""profile"": ""off""}, ""completeness_ok"": true, ""counts"": [68790, 69016, 69194], ""cycle_hz"": 79.36507936506563, ""cycles"": 1, ""dropped_frame_rate"": 0.004339250493096647, ""dropped_frames"": 11, ""epsilonPixels"": 8, ""frame_count"": 3, ""gamma"": 3.3000000000000003, ""height"": 230, ""insert_inversion"": false, ""inversion_alpha"": null, ""inversion_flicker_warn"": false, ""long_frame_intervals"": 1, ""max_frame_interval_ms"": 50, ""mean_frame_interval_ms"": 4.184786053882735, ""mode"": ""temporal"", ""n"": 3, ""noise_residual"": 0, ""observed_effective_cycle_hz"": 79.65361407760845, ""observed_full_cycle_hz"": 79.65361407760845, ""observed_refresh_hz"": 238.96084223282537, ""per_cycle_slots"": 3, ""permutation"": [2, 0, 1], ""refresh_hz"": 238.09523809519686, ""rendered_frames"": 2525, ""safe_flicker_hz"": 50, ""timing_intervals"": 2524, ""width"": 900}"
P030,37,n4_mask_only,层数 4，仅遮罩,4,4,mask-only,suzago epepig ewuf gite uvum idemuba idesid orobepu butad opilisi epidi pubo watoka ewatu inanigu olig muda ubul afozer ewani emate tupudi imukili wofum lorow wosa aned p,3,4,3,,4,10485,2026-07-08T06:45:43.475Z,2026-07-08T06:45:53.959Z,"{""anti_ocr"": {""profile"": ""off""}, ""completeness_ok"": true, ""counts"": [51271, 51690, 52036, 52003], ""cycle_hz"": 59.523809523799216, ""cycles"": 1, ""dropped_frame_rate"": 0.00435126582278481, ""dropped_frames"": 11, ""epsilonPixels"": 8, ""frame_count"": 4, ""gamma"": 4.4, ""height"": 230, ""insert_inversion"": false, ""inversion_alpha"": null, ""inversion_flicker_warn"": false, ""long_frame_intervals"": 1, ""max_frame_interval_ms"": 50.09999999997672, ""mean_frame_interval_ms"": 4.184862932061974, ""mode"": ""temporal"", ""n"": 4, ""noise_residual"": 0, ""observed_effective_cycle_hz"": 59.739113098459235, ""observed_full_cycle_hz"": 59.739113098459235, ""observed_refresh_hz"": 238.95645239383694, ""per_cycle_slots"": 4, ""permutation"": [1, 2, 0, 3], ""refresh_hz"": 238.09523809519686, ""rendered_frames"": 2518, ""safe_flicker_hz"": 50, ""timing_intervals"": 2517, ""width"": 900}"
P030,37,n4_mask_noise,层数 4，遮罩 + 噪声,4,4,mask+noise,afovi osireto ezak liwove kotug poko fofev ukuki vewabi kepo etawige umadona aveza pekumi ubabif olota igisin imus isore esabu iduma giki zelup adalavo ukol porim busile,3,4,3,,5,10699,2026-07-08T06:45:54.004Z,2026-07-08T06:46:04.703Z,"{""anti_ocr"": {""profile"": ""off""}, ""completeness_ok"": true, ""counts"": [51790, 51564, 51782, 51864], ""cycle_hz"": 59.523809523799216, ""cycles"": 1, ""dropped_frame_rate"": 0.0034910783553141972, ""dropped_frames"": 9, ""epsilonPixels"": 8, ""frame_count"": 4, ""gamma"": 4.4, ""height"": 230, ""insert_inversion"": false, ""inversion_alpha"": null, ""inversion_flicker_warn"": false, ""long_frame_intervals"": 1, ""max_frame_interval_ms"": 41.699999999953434, ""mean_frame_interval_ms"": 4.181237835733739, ""mode"": ""temporal"", ""n"": 4, ""noise_residual"": 0, ""observed_effective_cycle_hz"": 59.79090638266193, ""observed_full_cycle_hz"": 59.79090638266193, ""observed_refresh_hz"": 239.16362553064772, ""per_cycle_slots"": 4, ""permutation"": [2, 1, 0, 3], ""refresh_hz"": 238.09523809519686, ""rendered_frames"": 2570, ""safe_flicker_hz"": 50, ""timing_intervals"": 2569, ""width"": 900}"
P031,39,n2_mask_noise,层数 2，遮罩 + 噪声,2,2,mask+noise,popabub laza dawad fivevor awuke izob wozemiv eritar wabifu bosodub daminof resobe piso dinazod aruvak unuw osuf isubu ferar ulegab davopi izafo legiw okazi adim wabu baz,5,5,5,,0,24317,2026-07-08T06:55:44.818Z,2026-07-08T06:56:09.135Z,"{""anti_ocr"": {""profile"": ""off""}, ""completeness_ok"": true, ""counts"": [103608, 103392], ""cycle_hz"": 119.04761904770155, ""cycles"": 1, ""dropped_frame_rate"": 0.0029044934221766614, ""dropped_frames"": 17, ""epsilonPixels"": 8, ""frame_count"": 2, ""gamma"": 2.2, ""height"": 230, ""insert_inversion"": false, ""inversion_alpha"": null, ""inversion_flicker_warn"": false, ""long_frame_intervals"": 1, ""max_frame_interval_ms"": 75, ""mean_frame_interval_ms"": 4.178769705277586, ""mode"": ""temporal"", ""n"": 2, ""noise_residual"": 0, ""observed_effective_cycle_hz"": 119.65244204975545, ""observed_full_cycle_hz"": 119.65244204975545, ""observed_refresh_hz"": 239.3048840995109, ""per_cycle_slots"": 2, ""permutation"": [1, 0], ""refresh_hz"": 238.0952380954031, ""rendered_frames"": 5837, ""safe_flicker_hz"": 50, ""timing_intervals"": 5836, ""width"": 900}"
P031,39,n3_mask_noise,层数 3，遮罩 + 噪声,3,3,mask+noise,aver abubapu baval detep wawama zitedu disebun merokom mituro imifu upav gawi ezugav ovus bipatut sigab wigil mudu atubuko iven kuli ugasat akavuza ipib utab uzoge derafa,5,5,5,,1,10708,2026-07-08T06:56:09.196Z,2026-07-08T06:56:19.904Z,"{""anti_ocr"": {""profile"": ""off""}, ""completeness_ok"": true, ""counts"": [69193, 68826, 68981], ""cycle_hz"": 79.36507936513436, ""cycles"": 1, ""dropped_frame_rate"": 0.005417956656346749, ""dropped_frames"": 14, ""epsilonPixels"": 8, ""frame_count"": 3, ""gamma"": 3.3000000000000003, ""height"": 230, ""insert_inversion"": false, ""inversion_alpha"": null, ""inversion_flicker_warn"": false, ""long_frame_intervals"": 1, ""max_frame_interval_ms"": 62.59999999997672, ""mean_frame_interval_ms"": 4.189377431906597, ""mode"": ""temporal"", ""n"": 3, ""noise_residual"": 0, ""observed_effective_cycle_hz"": 79.56631713214544, ""observed_full_cycle_hz"": 79.56631713214544, ""observed_refresh_hz"": 238.6989513964363, ""per_cycle_slots"": 3, ""permutation"": [1, 0, 2], ""refresh_hz"": 238.0952380954031, ""rendered_frames"": 2571, ""safe_flicker_hz"": 50, ""timing_intervals"": 2570, ""width"": 900}"
P031,39,control_anchor,未遮罩原文（量表锚点）,1,1,none,efemo daze vabu dare uninu dufure mudev nided wifol bepasu uwid mado pime etuf kalev amiwilu ulodip ezev oteb puza taneva ebug gakit ubef zaruti kaga osuto imode adiwobo,5,5,5,,2,10734,2026-07-08T06:56:19.905Z,2026-07-08T06:56:30.639Z,"{""anti_ocr"": {""profile"": ""off""}, ""cycle_hz"": 238.0952380954031, ""cycles"": 1, ""dropped_frame_rate"": 0, ""dropped_frames"": 0, ""frame_count"": 1, ""height"": 230, ""insert_inversion"": false, ""long_frame_intervals"": 0, ""max_frame_interval_ms"": 4.599999999976717, ""mean_frame_interval_ms"": 4.16664077669902, ""mode"": ""source_control"", ""n"": 1, ""observed_effective_cycle_hz"": 240.0014912714026, ""observed_full_cycle_hz"": 240.0014912714026, ""observed_refresh_hz"": 240.0014912714026, ""per_cycle_slots"": 1, ""refresh_hz"": 238.0952380954031, ""rendered_frames"": 2576, ""safe_flicker_hz"": 50, ""timing_intervals"": 2575, ""width"": 900}"
P031,39,n4_mask_noise,层数 4，遮罩 + 噪声,4,4,mask+noise,valew ekiger wepuruz soro izekik suloteg otokita unis udutan bewonif fafok akovig fofo datomu everi otofid ebufap remas bipob uteba inosolo nirar ibipono ipomuka adimat t,5,5,5,,3,11253,2026-07-08T06:56:30.690Z,2026-07-08T06:56:41.943Z,"{""anti_ocr"": {""profile"": ""off""}, ""completeness_ok"": true, ""counts"": [51699, 51692, 51782, 51827], ""cycle_hz"": 59.52380952385077, ""cycles"": 1, ""dropped_frame_rate"": 0.004056047197640118, ""dropped_frames"": 11, ""epsilonPixels"": 8, ""frame_count"": 4, ""gamma"": 4.4, ""height"": 230, ""insert_inversion"": false, ""inversion_alpha"": null, ""inversion_flicker_warn"": false, ""long_frame_intervals"": 1, ""max_frame_interval_ms"": 50.100000000034925, ""mean_frame_interval_ms"": 4.183635690485006, ""mode"": ""temporal"", ""n"": 4, ""noise_residual"": 0, ""observed_effective_cycle_hz"": 59.75663716814159, ""observed_full_cycle_hz"": 59.75663716814159, ""observed_refresh_hz"": 239.02654867256635, ""per_cycle_slots"": 4, ""permutation"": [1, 3, 2, 0], ""refresh_hz"": 238.0952380954031, ""rendered_frames"": 2702, ""safe_flicker_hz"": 50, ""timing_intervals"": 2701, ""width"": 900}"
P031,39,deployed_full,实际部署完整配置,4,4,mask+noise+anti-ocr+inversion,ruki upevag otobusu menol ugobif muroles mibomaw irekid uwoma esekevo ovenew idifav sotiru ifel ifopo etabi idale avepo pamiso nukelu fagiw kuku radod munibov ivulid esas,5,5,5,,4,10380,2026-07-08T06:56:42.283Z,2026-07-08T06:56:52.663Z,"{""anti_ocr"": {""glyph_alpha"": 0.12, ""profile"": ""strong"", ""salient_pixels"": 25742, ""stripe_alpha"": 0.1, ""stripe_width"": 10}, ""completeness_ok"": true, ""counts"": [51893, 51888, 51542, 51677], ""cycle_hz"": 59.52380952385077, ""cycles"": 6, ""dropped_frame_rate"": 0.031116297160637883, ""dropped_frames"": 80, ""epsilonPixels"": 8, ""frame_count"": 30, ""gamma"": 4.4, ""height"": 230, ""insert_inversion"": true, ""inversion_alpha"": 0.2, ""inversion_flicker_warn"": true, ""long_frame_intervals"": 2, ""max_frame_interval_ms"": 337.5, ""mean_frame_interval_ms"": 4.302127659574459, ""mode"": ""temporal"", ""n"": 4, ""noise_residual"": 0, ""observed_effective_cycle_hz"": 58.110781404550075, ""observed_full_cycle_hz"": 46.48862512364006, ""observed_refresh_hz"": 232.4431256182003, ""per_cycle_slots"": 5, ""permutation"": [2, 1, 0, 3], ""refresh_hz"": 238.0952380954031, ""rendered_frames"": 2492, ""safe_flicker_hz"": 50, ""timing_intervals"": 2491, ""width"": 900}"
P031,39,n4_mask_only,层数 4，仅遮罩,4,4,mask-only,ugedi opiti manor wukole usibeb upasuni etuwobo adava ulifa reso roruda evovu inoz nafu luboba setila razar ufeni beposid uzab vene ibenoze mudalo bawe nobaba pigef geker,5,5,5,,5,10475,2026-07-08T06:56:52.716Z,2026-07-08T06:57:03.191Z,"{""anti_ocr"": {""profile"": ""off""}, ""completeness_ok"": true, ""counts"": [51795, 51881, 51571, 51753], ""cycle_hz"": 59.52380952385077, ""cycles"": 1, ""dropped_frame_rate"": 0.00435471100554236, ""dropped_frames"": 11, ""epsilonPixels"": 8, ""frame_count"": 4, ""gamma"": 4.4, ""height"": 230, ""insert_inversion"": false, ""inversion_alpha"": null, ""inversion_flicker_warn"": false, ""long_frame_intervals"": 1, ""max_frame_interval_ms"": 50, ""mean_frame_interval_ms"": 4.184850894632193, ""mode"": ""temporal"", ""n"": 4, ""noise_residual"": 0, ""observed_effective_cycle_hz"": 59.7392849338238, ""observed_full_cycle_hz"": 59.7392849338238, ""observed_refresh_hz"": 238.9571397352952, ""per_cycle_slots"": 4, ""permutation"": [3, 0, 1, 2], ""refresh_hz"": 238.0952380954031, ""rendered_frames"": 2516, ""safe_flicker_hz"": 50, ""timing_intervals"": 2515, ""width"": 900}"
P032,41,n3_mask_noise,层数 3，遮罩 + 噪声,3,3,mask+noise,dunug fazi etepevu izuzino abawa dosur viwon lopuriv firafed wetiga aban tilu okunibe uzupe daso oleduri zidolaf emelo ulusek uwaduw orude oparosi iwibifu ivuwus mema vok,5,5,5,,0,20141,2026-07-13T01:44:43.353Z,2026-07-13T01:45:03.495Z,"{""anti_ocr"": {""profile"": ""off""}, ""completeness_ok"": true, ""counts"": [69333, 68929, 68738], ""cycle_hz"": 79.36507936485938, ""cycles"": 1, ""dropped_frame_rate"": 0.004531410916580845, ""dropped_frames"": 22, ""epsilonPixels"": 8, ""frame_count"": 3, ""gamma"": 3.3000000000000003, ""height"": 230, ""insert_inversion"": false, ""inversion_alpha"": null, ""inversion_flicker_warn"": false, ""long_frame_intervals"": 2, ""max_frame_interval_ms"": 91.69999999995343, ""mean_frame_interval_ms"": 4.185619697910196, ""mode"": ""temporal"", ""n"": 3, ""noise_residual"": 0, ""observed_effective_cycle_hz"": 79.63774957857748, ""observed_full_cycle_hz"": 79.63774957857748, ""observed_refresh_hz"": 238.91324873573245, ""per_cycle_slots"": 3, ""permutation"": [2, 1, 0], ""refresh_hz"": 238.09523809457815, ""rendered_frames"": 4834, ""safe_flicker_hz"": 50, ""timing_intervals"": 4833, ""width"": 900}"
P032,41,n4_mask_noise,层数 4，遮罩 + 噪声,4,4,mask+noise,ikerav edap sumido uwolo vorutom apiwu rogida abiveno obow kubo arif tonatet ruka wolabe ozip sabavir igazowe ikel migeg fimones supulib dufono afuvoz azuku lupebo ukevek,5,5,5,,1,10541,2026-07-13T01:45:03.561Z,2026-07-13T01:45:14.102Z,"{""anti_ocr"": {""profile"": ""off""}, ""completeness_ok"": true, ""counts"": [51638, 51919, 51866, 51577], ""cycle_hz"": 59.52380952364454, ""cycles"": 1, ""dropped_frame_rate"": 0.00550098231827112, ""dropped_frames"": 14, ""epsilonPixels"": 8, ""frame_count"": 4, ""gamma"": 4.4, ""height"": 230, ""insert_inversion"": false, ""inversion_alpha"": null, ""inversion_flicker_warn"": false, ""long_frame_intervals"": 1, ""max_frame_interval_ms"": 62.60000000009313, ""mean_frame_interval_ms"": 4.18968787040699, ""mode"": ""temporal"", ""n"": 4, ""noise_residual"": 0, ""observed_effective_cycle_hz"": 59.670316198451026, ""observed_full_cycle_hz"": 59.670316198451026, ""observed_refresh_hz"": 238.6812647938041, ""per_cycle_slots"": 4, ""permutation"": [3, 2, 1, 0], ""refresh_hz"": 238.09523809457815, ""rendered_frames"": 2532, ""safe_flicker_hz"": 50, ""timing_intervals"": 2531, ""width"": 900}"
P032,41,n2_mask_noise,层数 2，遮罩 + 噪声,2,2,mask+noise,dibomad teveli fopatu titeli ufawufo ufolo vofes esudeg areb rebem pipoze uzezo owir wunof ukiv eresab upeguv ufemag akafe sifera alapiro eril birap nuwume bekul itovi wu,5,5,5,,2,10571,2026-07-13T01:45:14.139Z,2026-07-13T01:45:24.711Z,"{""anti_ocr"": {""profile"": ""off""}, ""completeness_ok"": true, ""counts"": [103481, 103519], ""cycle_hz"": 119.04761904728907, ""cycles"": 1, ""dropped_frame_rate"": 0.00275049115913556, ""dropped_frames"": 7, ""epsilonPixels"": 8, ""frame_count"": 2, ""gamma"": 2.2, ""height"": 230, ""insert_inversion"": false, ""inversion_alpha"": null, ""inversion_flicker_warn"": false, ""long_frame_intervals"": 1, ""max_frame_interval_ms"": 33.40000000002328, ""mean_frame_interval_ms"": 4.178132387706847, ""mode"": ""temporal"", ""n"": 2, ""noise_residual"": 0, ""observed_effective_cycle_hz"": 119.67069341103938, ""observed_full_cycle_hz"": 119.67069341103938, ""observed_refresh_hz"": 239.34138682207876, ""per_cycle_slots"": 2, ""permutation"": [1, 0], ""refresh_hz"": 238.09523809457815, ""rendered_frames"": 2539, ""safe_flicker_hz"": 50, ""timing_intervals"": 2538, ""width"": 900}"
P032,41,n4_mask_only,层数 4，仅遮罩,4,4,mask-only,wutif ogafoz orulom eguvapi epod zibi idobit epoz ikokodu boza gumu ewemap ufok agamu ilap toduf uwobel imoperu saso wovifo tikow owada bura luta esatisi izeriv ekoza pab,4,5,5,,3,12933,2026-07-13T01:45:24.730Z,2026-07-13T01:45:37.663Z,"{""anti_ocr"": {""profile"": ""off""}, ""completeness_ok"": true, ""counts"": [51502, 51421, 51874, 52203], ""cycle_hz"": 59.52380952364454, ""cycles"": 1, ""dropped_frame_rate"": 0.0009655616350177019, ""dropped_frames"": 3, ""epsilonPixels"": 8, ""frame_count"": 4, ""gamma"": 4.4, ""height"": 230, ""insert_inversion"": false, ""inversion_alpha"": null, ""inversion_flicker_warn"": false, ""long_frame_intervals"": 1, ""max_frame_interval_ms"": 16.70000000006985, ""mean_frame_interval_ms"": 4.170682989690737, ""mode"": ""temporal"", ""n"": 4, ""noise_residual"": 0, ""observed_effective_cycle_hz"": 59.94222064298825, ""observed_full_cycle_hz"": 59.94222064298825, ""observed_refresh_hz"": 239.768882571953, ""per_cycle_slots"": 4, ""permutation"": [3, 1, 2, 0], ""refresh_hz"": 238.09523809457815, ""rendered_frames"": 3105, ""safe_flicker_hz"": 50, ""timing_intervals"": 3104, ""width"": 900}"
P032,41,control_anchor,未遮罩原文（量表锚点）,1,1,none,sinam umuwu wonafu kome imava afotova avovif okemez azumag nupun wagom epawifo ubeta moki amug ubuwos imebol wawi funofut awotabu ogomof avovabo fikan natona tofi ukatadu,5,5,5,,4,10606,2026-07-13T01:45:37.664Z,2026-07-13T01:45:48.270Z,"{""anti_ocr"": {""profile"": ""off""}, ""cycle_hz"": 238.09523809457815, ""cycles"": 1, ""dropped_frame_rate"": 0, ""dropped_frames"": 0, ""frame_count"": 1, ""height"": 230, ""insert_inversion"": false, ""long_frame_intervals"": 0, ""max_frame_interval_ms"": 4.300000000046566, ""mean_frame_interval_ms"": 4.166640471512761, ""mode"": ""source_control"", ""n"": 1, ""observed_effective_cycle_hz"": 240.00150885035083, ""observed_full_cycle_hz"": 240.00150885035083, ""observed_refresh_hz"": 240.00150885035083, ""per_cycle_slots"": 1, ""refresh_hz"": 238.09523809457815, ""rendered_frames"": 2546, ""safe_flicker_hz"": 50, ""timing_intervals"": 2545, ""width"": 900}"
P032,41,deployed_full,实际部署完整配置,4,4,mask+noise+anti-ocr+inversion,akig ofovan azewasi ipubot ivovefa zima muni dedor umoda efuz fonik banot serobip fasadov uwefani upupegu owut regi lelatem vurava fikas sibezag kewuw azatur nupe giwod t,5,3,4,,5,12199,2026-07-13T01:45:48.599Z,2026-07-13T01:46:00.799Z,"{""anti_ocr"": {""glyph_alpha"": 0.12, ""profile"": ""strong"", ""salient_pixels"": 25431, ""stripe_alpha"": 0.1, ""stripe_width"": 10}, ""completeness_ok"": true, ""counts"": [52016, 51917, 51527, 51540], ""cycle_hz"": 59.52380952364454, ""cycles"": 6, ""dropped_frame_rate"": 0.0259567387687188, ""dropped_frames"": 78, ""epsilonPixels"": 8, ""frame_count"": 30, ""gamma"": 4.4, ""height"": 230, ""insert_inversion"": true, ""inversion_alpha"": 0.2, ""inversion_flicker_warn"": true, ""long_frame_intervals"": 2, ""max_frame_interval_ms"": 329.0999999999767, ""mean_frame_interval_ms"": 4.279057055005141, ""mode"": ""temporal"", ""n"": 4, ""noise_residual"": 0, ""observed_effective_cycle_hz"": 58.424086612161254, ""observed_full_cycle_hz"": 46.739269289729, ""observed_refresh_hz"": 233.69634644864502, ""per_cycle_slots"": 5, ""permutation"": [2, 3, 1, 0], ""refresh_hz"": 238.09523809457815, ""rendered_frames"": 2928, ""safe_flicker_hz"": 50, ""timing_intervals"": 2927, ""width"": 900}"
P033,42,n3_mask_noise,层数 3，遮罩 + 噪声,3,3,mask+noise,kebiro rabapo fefote afizusi uren tita obozo kelu misepur ropib iliz gazupul izibi ofebetu gidabi vulin ukuro noduna obogari lago azudup akar uvolewi kukat ewefu goton ni,5,5,5,,0,16711,2026-07-13T01:50:41.464Z,2026-07-13T01:50:58.175Z,"{""anti_ocr"": {""profile"": ""off""}, ""completeness_ok"": true, ""counts"": [68939, 68730, 69331], ""cycle_hz"": 79.36507936513436, ""cycles"": 1, ""dropped_frame_rate"": 0.004961548002976929, ""dropped_frames"": 20, ""epsilonPixels"": 8, ""frame_count"": 3, ""gamma"": 3.3000000000000003, ""height"": 230, ""insert_inversion"": false, ""inversion_alpha"": null, ""inversion_flicker_warn"": false, ""long_frame_intervals"": 1, ""max_frame_interval_ms"": 87.5, ""mean_frame_interval_ms"": 4.187409623535281, ""mode"": ""temporal"", ""n"": 3, ""noise_residual"": 0, ""observed_effective_cycle_hz"": 79.60370809195204, ""observed_full_cycle_hz"": 79.60370809195204, ""observed_refresh_hz"": 238.81112427585614, ""per_cycle_slots"": 3, ""permutation"": [1, 2, 0], ""refresh_hz"": 238.0952380954031, ""rendered_frames"": 4012, ""safe_flicker_hz"": 50, ""timing_intervals"": 4011, ""width"": 900}"
P033,42,n4_mask_noise,层数 4，遮罩 + 噪声,4,4,mask+noise,ovulis zata liwawa vuwel umonog ofemep uret uvuvo liwo ganete aroki bolo onolas uvuna eloweru voke uzeg awug puvita dezimuk inog ikufe epali tuwarod febawup rakop mezeri,5,5,5,,1,15613,2026-07-13T01:50:58.242Z,2026-07-13T01:51:13.855Z,"{""anti_ocr"": {""profile"": ""off""}, ""completeness_ok"": true, ""counts"": [51641, 51924, 52127, 51308], ""cycle_hz"": 59.52380952385077, ""cycles"": 1, ""dropped_frame_rate"": 0.003721424774056353, ""dropped_frames"": 14, ""epsilonPixels"": 8, ""frame_count"": 4, ""gamma"": 4.4, ""height"": 230, ""insert_inversion"": false, ""inversion_alpha"": null, ""inversion_flicker_warn"": false, ""long_frame_intervals"": 1, ""max_frame_interval_ms"": 62.600000000034925, ""mean_frame_interval_ms"": 4.182203842049099, ""mode"": ""temporal"", ""n"": 4, ""noise_residual"": 0, ""observed_effective_cycle_hz"": 59.77709586664021, ""observed_full_cycle_hz"": 59.77709586664021, ""observed_refresh_hz"": 239.10838346656084, ""per_cycle_slots"": 4, ""permutation"": [2, 0, 3, 1], ""refresh_hz"": 238.0952380954031, ""rendered_frames"": 3749, ""safe_flicker_hz"": 50, ""timing_intervals"": 3748, ""width"": 900}"
P033,42,n2_mask_noise,层数 2，遮罩 + 噪声,2,2,mask+noise,uvutem kela ivil etate isibid ifagezu ivip tabovir tokir vekelar ipabuwe sutin ezis omat ofura asikoni kufil nonu ibil webukiz vivilo rulipug muzu eseputa losawe asiv ela,5,5,5,,2,13242,2026-07-13T01:51:13.893Z,2026-07-13T01:51:27.135Z,"{""anti_ocr"": {""profile"": ""off""}, ""completeness_ok"": true, ""counts"": [103470, 103530], ""cycle_hz"": 119.04761904770155, ""cycles"": 1, ""dropped_frame_rate"": 0.0025109855618330196, ""dropped_frames"": 8, ""epsilonPixels"": 8, ""frame_count"": 2, ""gamma"": 2.2, ""height"": 230, ""insert_inversion"": false, ""inversion_alpha"": null, ""inversion_flicker_warn"": false, ""long_frame_intervals"": 1, ""max_frame_interval_ms"": 37.5, ""mean_frame_interval_ms"": 4.17712397734423, ""mode"": ""temporal"", ""n"": 2, ""noise_residual"": 0, ""observed_effective_cycle_hz"": 119.69958342435757, ""observed_full_cycle_hz"": 119.69958342435757, ""observed_refresh_hz"": 239.39916684871514, ""per_cycle_slots"": 2, ""permutation"": [1, 0], ""refresh_hz"": 238.0952380954031, ""rendered_frames"": 3179, ""safe_flicker_hz"": 50, ""timing_intervals"": 3178, ""width"": 900}"
P033,42,n4_mask_only,层数 4，仅遮罩,4,4,mask-only,terobug onuv edorip gawu opifa avosono adagam oseko munon efamuge iditu ikibid ubil manew eninu igupiti noka umurip ikikonu bivamog aluto efabos sifuta vele doremu nizewa,5,5,5,,3,11005,2026-07-13T01:51:27.154Z,2026-07-13T01:51:38.159Z,"{""anti_ocr"": {""profile"": ""off""}, ""completeness_ok"": true, ""counts"": [51608, 51726, 52339, 51327], ""cycle_hz"": 59.52380952385077, ""cycles"": 1, ""dropped_frame_rate"": 0.0011342155009451795, ""dropped_frames"": 3, ""epsilonPixels"": 8, ""frame_count"": 4, ""gamma"": 4.4, ""height"": 230, ""insert_inversion"": false, ""inversion_alpha"": null, ""inversion_flicker_warn"": false, ""long_frame_intervals"": 1, ""max_frame_interval_ms"": 16.600000000034925, ""mean_frame_interval_ms"": 4.171347464042396, ""mode"": ""temporal"", ""n"": 4, ""noise_residual"": 0, ""observed_effective_cycle_hz"": 59.93267215331144, ""observed_full_cycle_hz"": 59.93267215331144, ""observed_refresh_hz"": 239.73068861324575, ""per_cycle_slots"": 4, ""permutation"": [1, 0, 3, 2], ""refresh_hz"": 238.0952380954031, ""rendered_frames"": 2643, ""safe_flicker_hz"": 50, ""timing_intervals"": 2642, ""width"": 900}"
P033,42,control_anchor,未遮罩原文（量表锚点）,1,1,none,aragu getuku vuluraz onanu noro rokum udeg areku sabafat daketik izes etogo egugom wevovig unat tovisen abev uduwabu ekidad soza osefaka zapow weseke uvus ruvapi obuzos p,5,5,5,,4,10719,2026-07-13T01:51:38.160Z,2026-07-13T01:51:48.879Z,"{""anti_ocr"": {""profile"": ""off""}, ""cycle_hz"": 238.0952380954031, ""cycles"": 1, ""dropped_frame_rate"": 0, ""dropped_frames"": 0, ""frame_count"": 1, ""height"": 230, ""insert_inversion"": false, ""long_frame_intervals"": 0, ""max_frame_interval_ms"": 4.5, ""mean_frame_interval_ms"": 4.166601866251944, ""mode"": ""source_control"", ""n"": 1, ""observed_effective_cycle_hz"": 240.0037325619372, ""observed_full_cycle_hz"": 240.0037325619372, ""observed_refresh_hz"": 240.0037325619372, ""per_cycle_slots"": 1, ""refresh_hz"": 238.0952380954031, ""rendered_frames"": 2573, ""safe_flicker_hz"": 50, ""timing_intervals"": 2572, ""width"": 900}"
P033,42,deployed_full,实际部署完整配置,4,4,mask+noise+anti-ocr+inversion,iwaru adirob ekima opon gogid ganofo miwa zonuk neri pazif ekeder aludiw gewaro ugiriw wediwew mopalob owave edagon nule rabefel osugeza fuvok umositi inaz fuga opug guta,5,4,4,,5,12494,2026-07-13T01:51:49.217Z,2026-07-13T01:52:01.711Z,"{""anti_ocr"": {""glyph_alpha"": 0.12, ""profile"": ""strong"", ""salient_pixels"": 25825, ""stripe_alpha"": 0.1, ""stripe_width"": 10}, ""completeness_ok"": true, ""counts"": [51903, 51589, 51684, 51824], ""cycle_hz"": 59.52380952385077, ""cycles"": 6, ""dropped_frame_rate"": 0.025341130604288498, ""dropped_frames"": 78, ""epsilonPixels"": 8, ""frame_count"": 30, ""gamma"": 4.4, ""height"": 230, ""insert_inversion"": true, ""inversion_alpha"": 0.2, ""inversion_flicker_warn"": true, ""long_frame_intervals"": 1, ""max_frame_interval_ms"": 333.29999999998836, ""mean_frame_interval_ms"": 4.2763333333333335, ""mode"": ""temporal"", ""n"": 4, ""noise_residual"": 0, ""observed_effective_cycle_hz"": 58.46129862031335, ""observed_full_cycle_hz"": 46.76903889625068, ""observed_refresh_hz"": 233.8451944812534, ""per_cycle_slots"": 5, ""permutation"": [0, 1, 3, 2], ""refresh_hz"": 238.0952380954031, ""rendered_frames"": 3001, ""safe_flicker_hz"": 50, ""timing_intervals"": 3000, ""width"": 900}"
P034,43,n4_mask_noise,层数 4，遮罩 + 噪声,4,4,mask+noise,puna buluni aker ukegam vefog kuveriv visa tapok unosi ufilaku reresu mivera agile lewek duduki imodev dugef rabigi bovunib nube pofat difu udodi ludol oferov tizozig nok,5,5,4,,0,17157,2026-07-13T01:56:41.659Z,2026-07-13T01:56:58.816Z,"{""anti_ocr"": {""profile"": ""off""}, ""completeness_ok"": true, ""counts"": [51609, 51907, 51836, 51648], ""cycle_hz"": 59.52380952385077, ""cycles"": 1, ""dropped_frame_rate"": 0.004833252779120348, ""dropped_frames"": 20, ""epsilonPixels"": 8, ""frame_count"": 4, ""gamma"": 4.4, ""height"": 230, ""insert_inversion"": false, ""inversion_alpha"": null, ""inversion_flicker_warn"": false, ""long_frame_intervals"": 1, ""max_frame_interval_ms"": 87.5, ""mean_frame_interval_ms"": 4.186862554638174, ""mode"": ""temporal"", ""n"": 4, ""noise_residual"": 0, ""observed_effective_cycle_hz"": 59.71058202592582, ""observed_full_cycle_hz"": 59.71058202592582, ""observed_refresh_hz"": 238.84232810370327, ""per_cycle_slots"": 4, ""permutation"": [3, 2, 0, 1], ""refresh_hz"": 238.0952380954031, ""rendered_frames"": 4119, ""safe_flicker_hz"": 50, ""timing_intervals"": 4118, ""width"": 900}"
P034,43,n4_mask_only,层数 4，仅遮罩,4,4,mask-only,lifiga ludowa bukati utilisa upis umag forok ezurur apenob urafe efito pulago nafaw gufabof nuga wugoda pibekir takun mugewe ezarube punif wegikew bewug abines osep umasi,4,5,4,,1,10656,2026-07-13T01:56:58.839Z,2026-07-13T01:57:09.495Z,"{""anti_ocr"": {""profile"": ""off""}, ""completeness_ok"": true, ""counts"": [51759, 52027, 51410, 51804], ""cycle_hz"": 59.52380952385077, ""cycles"": 1, ""dropped_frame_rate"": 0.00156128024980484, ""dropped_frames"": 4, ""epsilonPixels"": 8, ""frame_count"": 4, ""gamma"": 4.4, ""height"": 230, ""insert_inversion"": false, ""inversion_alpha"": null, ""inversion_flicker_warn"": false, ""long_frame_intervals"": 1, ""max_frame_interval_ms"": 20.899999999965075, ""mean_frame_interval_ms"": 4.173182173573104, ""mode"": ""temporal"", ""n"": 4, ""noise_residual"": 0, ""observed_effective_cycle_hz"": 59.90632318501171, ""observed_full_cycle_hz"": 59.90632318501171, ""observed_refresh_hz"": 239.62529274004683, ""per_cycle_slots"": 4, ""permutation"": [1, 3, 0, 2], ""refresh_hz"": 238.0952380954031, ""rendered_frames"": 2559, ""safe_flicker_hz"": 50, ""timing_intervals"": 2558, ""width"": 900}"
P034,43,n3_mask_noise,层数 3，遮罩 + 噪声,3,3,mask+noise,vemo itagi nesal ovam ofabi ipok ivarale ekazabu gipeni ekiwafu ikefob onugibu mopesik kitis olas ezurodi emunu ivule sefigu aredot derewop zetiras udumi itokuki gigikep,3,5,3,,2,10777,2026-07-13T01:57:09.558Z,2026-07-13T01:57:20.336Z,"{""anti_ocr"": {""profile"": ""off""}, ""completeness_ok"": true, ""counts"": [68848, 69002, 69150], ""cycle_hz"": 79.36507936513436, ""cycles"": 1, ""dropped_frame_rate"": 0.005382545174932718, ""dropped_frames"": 14, ""epsilonPixels"": 8, ""frame_count"": 3, ""gamma"": 3.3000000000000003, ""height"": 230, ""insert_inversion"": false, ""inversion_alpha"": null, ""inversion_flicker_warn"": false, ""long_frame_intervals"": 1, ""max_frame_interval_ms"": 62.600000000034925, ""mean_frame_interval_ms"": 4.189215307305759, ""mode"": ""temporal"", ""n"": 3, ""noise_residual"": 0, ""observed_effective_cycle_hz"": 79.56939638600538, ""observed_full_cycle_hz"": 79.56939638600538, ""observed_refresh_hz"": 238.70818915801615, ""per_cycle_slots"": 3, ""permutation"": [2, 1, 0], ""refresh_hz"": 238.0952380954031, ""rendered_frames"": 2588, ""safe_flicker_hz"": 50, ""timing_intervals"": 2587, ""width"": 900}"
P034,43,deployed_full,实际部署完整配置,4,4,mask+noise+anti-ocr+inversion,vugugak fafo anove isomuwa guwe loted naluz avus kati situnu avon usobuki ripito wabise balo luse uzufug onit nifagav opote opuz wureg burufe repefa lero uzufu etutug zus,3,3,2,,3,10340,2026-07-13T01:57:20.715Z,2026-07-13T01:57:31.056Z,"{""anti_ocr"": {""glyph_alpha"": 0.12, ""profile"": ""strong"", ""salient_pixels"": 25277, ""stripe_alpha"": 0.1, ""stripe_width"": 10}, ""completeness_ok"": true, ""counts"": [51683, 51455, 51612, 52250], ""cycle_hz"": 59.52380952385077, ""cycles"": 6, ""dropped_frame_rate"": 0.034616880591209646, ""dropped_frames"": 89, ""epsilonPixels"": 8, ""frame_count"": 30, ""gamma"": 4.4, ""height"": 230, ""insert_inversion"": true, ""inversion_alpha"": 0.2, ""inversion_flicker_warn"": true, ""long_frame_intervals"": 1, ""max_frame_interval_ms"": 379.0999999999767, ""mean_frame_interval_ms"": 4.317767929089425, ""mode"": ""temporal"", ""n"": 4, ""noise_residual"": 0, ""observed_effective_cycle_hz"": 57.900286468782625, ""observed_full_cycle_hz"": 46.3202291750261, ""observed_refresh_hz"": 231.6011458751305, ""per_cycle_slots"": 5, ""permutation"": [2, 1, 0, 3], ""refresh_hz"": 238.0952380954031, ""rendered_frames"": 2483, ""safe_flicker_hz"": 50, ""timing_intervals"": 2482, ""width"": 900}"
P034,43,n2_mask_noise,层数 2，遮罩 + 噪声,2,2,mask+noise,uribov obukam besipuk giwave mogu atano ufunaw elamep mofo rudevup reka wumur idetu buzutaf urapo adavok nosad inuta onube kozibe nagiru laduge amarin gekis fikamom azaz,4,5,3,,4,10329,2026-07-13T01:57:31.086Z,2026-07-13T01:57:41.416Z,"{""anti_ocr"": {""profile"": ""off""}, ""completeness_ok"": true, ""counts"": [103305, 103695], ""cycle_hz"": 119.04761904770155, ""cycles"": 1, ""dropped_frame_rate"": 0.002414486921529175, ""dropped_frames"": 6, ""epsilonPixels"": 8, ""frame_count"": 2, ""gamma"": 2.2, ""height"": 230, ""insert_inversion"": false, ""inversion_alpha"": null, ""inversion_flicker_warn"": false, ""long_frame_intervals"": 1, ""max_frame_interval_ms"": 29.099999999976717, ""mean_frame_interval_ms"": 4.1767244856797, ""mode"": ""temporal"", ""n"": 2, ""noise_residual"": 0, ""observed_effective_cycle_hz"": 119.71103234467533, ""observed_full_cycle_hz"": 119.71103234467533, ""observed_refresh_hz"": 239.42206468935066, ""per_cycle_slots"": 2, ""permutation"": [1, 0], ""refresh_hz"": 238.0952380954031, ""rendered_frames"": 2480, ""safe_flicker_hz"": 50, ""timing_intervals"": 2479, ""width"": 900}"
P034,43,control_anchor,未遮罩原文（量表锚点）,1,1,none,nifizik egima larumi galer musi rudenip ifonu esusemi kiwo lubi pami lazalo elunif ebuzer imive febal loze uzumik oton dusa azuma sivose warabew izuzoza kiti atukuge maga,5,5,5,,5,10327,2026-07-13T01:57:41.417Z,2026-07-13T01:57:51.744Z,"{""anti_ocr"": {""profile"": ""off""}, ""cycle_hz"": 238.0952380954031, ""cycles"": 1, ""dropped_frame_rate"": 0, ""dropped_frames"": 0, ""frame_count"": 1, ""height"": 230, ""insert_inversion"": false, ""long_frame_intervals"": 0, ""max_frame_interval_ms"": 4.5, ""mean_frame_interval_ms"": 4.166666666666667, ""mode"": ""source_control"", ""n"": 1, ""observed_effective_cycle_hz"": 239.99999999999997, ""observed_full_cycle_hz"": 239.99999999999997, ""observed_refresh_hz"": 239.99999999999997, ""per_cycle_slots"": 1, ""refresh_hz"": 238.0952380954031, ""rendered_frames"": 2479, ""safe_flicker_hz"": 50, ""timing_intervals"": 2478, ""width"": 900}"
P035,44,n4_mask_noise,层数 4，遮罩 + 噪声,4,4,mask+noise,adeg datorub kudep ubate rovidi idata edibam subun nidaba toweg fobeki weped usut fove onatis kasu uribab radu eganuzu osuvuwu eset abas fozenon ipun tano mubafu vafu gev,3,3,3,,0,10968,2026-07-13T02:02:46.048Z,2026-07-13T02:02:57.016Z,"{""anti_ocr"": {""profile"": ""off""}, ""completeness_ok"": true, ""counts"": [52129, 51644, 51425, 51802], ""cycle_hz"": 59.52380952385077, ""cycles"": 1, ""dropped_frame_rate"": 0.007538635506973238, ""dropped_frames"": 20, ""epsilonPixels"": 8, ""frame_count"": 4, ""gamma"": 4.4, ""height"": 230, ""insert_inversion"": false, ""inversion_alpha"": null, ""inversion_flicker_warn"": false, ""long_frame_intervals"": 1, ""max_frame_interval_ms"": 87.5, ""mean_frame_interval_ms"": 4.198252943410559, ""mode"": ""temporal"", ""n"": 4, ""noise_residual"": 0, ""observed_effective_cycle_hz"": 59.54857969965623, ""observed_full_cycle_hz"": 59.54857969965623, ""observed_refresh_hz"": 238.19431879862492, ""per_cycle_slots"": 4, ""permutation"": [3, 1, 2, 0], ""refresh_hz"": 238.0952380954031, ""rendered_frames"": 2634, ""safe_flicker_hz"": 50, ""timing_intervals"": 2633, ""width"": 900}"
P035,44,n4_mask_only,层数 4，仅遮罩,4,4,mask-only,muro akef vagaz bepatig rukila kosawo ivaf zutafab ereb gevir ubem agilu fukever vatev ruluvi dizivip putigi agim oliwar igawena oguteni obuvo azefabu isuke pazokot pami,3,3,3,,1,11336,2026-07-13T02:02:57.040Z,2026-07-13T02:03:08.376Z,"{""anti_ocr"": {""profile"": ""off""}, ""completeness_ok"": true, ""counts"": [51694, 51924, 51628, 51754], ""cycle_hz"": 59.52380952385077, ""cycles"": 1, ""dropped_frame_rate"": 0.0014678899082568807, ""dropped_frames"": 4, ""epsilonPixels"": 8, ""frame_count"": 4, ""gamma"": 4.4, ""height"": 230, ""insert_inversion"": false, ""inversion_alpha"": null, ""inversion_flicker_warn"": false, ""long_frame_intervals"": 1, ""max_frame_interval_ms"": 20.899999999965075, ""mean_frame_interval_ms"": 4.172767364939352, ""mode"": ""temporal"", ""n"": 4, ""noise_residual"": 0, ""observed_effective_cycle_hz"": 59.91227838401999, ""observed_full_cycle_hz"": 59.91227838401999, ""observed_refresh_hz"": 239.64911353607997, ""per_cycle_slots"": 4, ""permutation"": [1, 0, 2, 3], ""refresh_hz"": 238.0952380954031, ""rendered_frames"": 2722, ""safe_flicker_hz"": 50, ""timing_intervals"": 2721, ""width"": 900}"
P035,44,n3_mask_noise,层数 3，遮罩 + 噪声,3,3,mask+noise,ivir metak votanet azopig pitasu luru obeviw unig ugomes bako kidebav iniw obanabe uguwun orik pasaka oron efoba abisana usam uwanoz afufu sakavof woge eroge etewemo pako,4,4,4,,2,10906,2026-07-13T02:03:08.438Z,2026-07-13T02:03:19.344Z,"{""anti_ocr"": {""profile"": ""off""}, ""completeness_ok"": true, ""counts"": [69124, 68629, 69247], ""cycle_hz"": 79.36507936513436, ""cycles"": 1, ""dropped_frame_rate"": 0.004939209726443769, ""dropped_frames"": 13, ""epsilonPixels"": 8, ""frame_count"": 3, ""gamma"": 3.3000000000000003, ""height"": 230, ""insert_inversion"": false, ""inversion_alpha"": null, ""inversion_flicker_warn"": false, ""long_frame_intervals"": 1, ""max_frame_interval_ms"": 58.29999999998836, ""mean_frame_interval_ms"": 4.187323405880098, ""mode"": ""temporal"", ""n"": 3, ""noise_residual"": 0, ""observed_effective_cycle_hz"": 79.60534714496762, ""observed_full_cycle_hz"": 79.60534714496762, ""observed_refresh_hz"": 238.81604143490287, ""per_cycle_slots"": 3, ""permutation"": [0, 2, 1], ""refresh_hz"": 238.0952380954031, ""rendered_frames"": 2620, ""safe_flicker_hz"": 50, ""timing_intervals"": 2619, ""width"": 900}"
P035,44,deployed_full,实际部署完整配置,4,4,mask+noise+anti-ocr+inversion,vatir adutalo ebinome sabuz awibamo ukuba ezimez moki dopi utilube vetigi pawo uwat raluw utade edaseki mifusu otazo ibane bakab eliteto ivegut uroga erimura ufuzas bipod,2,2,2,,3,12752,2026-07-13T02:03:19.728Z,2026-07-13T02:03:32.480Z,"{""anti_ocr"": {""glyph_alpha"": 0.12, ""profile"": ""strong"", ""salient_pixels"": 25682, ""stripe_alpha"": 0.1, ""stripe_width"": 10}, ""completeness_ok"": true, ""counts"": [51522, 52016, 51657, 51805], ""cycle_hz"": 59.52380952385077, ""cycles"": 6, ""dropped_frame_rate"": 0.02857142857142857, ""dropped_frames"": 90, ""epsilonPixels"": 8, ""frame_count"": 30, ""gamma"": 4.4, ""height"": 230, ""insert_inversion"": true, ""inversion_alpha"": 0.2, ""inversion_flicker_warn"": true, ""long_frame_intervals"": 2, ""max_frame_interval_ms"": 379.1000000000349, ""mean_frame_interval_ms"": 4.290522875816993, ""mode"": ""temporal"", ""n"": 4, ""noise_residual"": 0, ""observed_effective_cycle_hz"": 58.26795643232539, ""observed_full_cycle_hz"": 46.61436514586031, ""observed_refresh_hz"": 233.07182572930157, ""per_cycle_slots"": 5, ""permutation"": [3, 1, 2, 0], ""refresh_hz"": 238.0952380954031, ""rendered_frames"": 3061, ""safe_flicker_hz"": 50, ""timing_intervals"": 3060, ""width"": 900}"
P035,44,n2_mask_noise,层数 2，遮罩 + 噪声,2,2,mask+noise,oguv upapam zusumen ubinut nodef uvavu getozit odufafo unobuzo otum avibiki fikof owata wibipo aloku ezud setu mitum borol efep irulora ozonar vuzu vanep kogom tedak ured,5,5,5,,4,10953,2026-07-13T02:03:32.511Z,2026-07-13T02:03:43.464Z,"{""anti_ocr"": {""profile"": ""off""}, ""completeness_ok"": true, ""counts"": [103756, 103244], ""cycle_hz"": 119.04761904770155, ""cycles"": 1, ""dropped_frame_rate"": 0.0022770398481973433, ""dropped_frames"": 6, ""epsilonPixels"": 8, ""frame_count"": 2, ""gamma"": 2.2, ""height"": 230, ""insert_inversion"": false, ""inversion_alpha"": null, ""inversion_flicker_warn"": false, ""long_frame_intervals"": 1, ""max_frame_interval_ms"": 29.099999999976717, ""mean_frame_interval_ms"": 4.176150627615054, ""mode"": ""temporal"", ""n"": 2, ""noise_residual"": 0, ""observed_effective_cycle_hz"": 119.72748221621106, ""observed_full_cycle_hz"": 119.72748221621106, ""observed_refresh_hz"": 239.45496443242212, ""per_cycle_slots"": 2, ""permutation"": [0, 1], ""refresh_hz"": 238.0952380954031, ""rendered_frames"": 2630, ""safe_flicker_hz"": 50, ""timing_intervals"": 2629, ""width"": 900}"
P035,44,control_anchor,未遮罩原文（量表锚点）,1,1,none,pupo galower upezil omosan tefugu etedo enawen rukak uruzeso iluf lelib ivomut erav nuzig afut alodimi bomunu bisa kuger ipamipa lifa izenasi vawap kurow memid uzak adel,5,5,5,,5,10686,2026-07-13T02:03:43.466Z,2026-07-13T02:03:54.152Z,"{""anti_ocr"": {""profile"": ""off""}, ""cycle_hz"": 238.0952380954031, ""cycles"": 1, ""dropped_frame_rate"": 0, ""dropped_frames"": 0, ""frame_count"": 1, ""height"": 230, ""insert_inversion"": false, ""long_frame_intervals"": 0, ""max_frame_interval_ms"": 4.400000000023283, ""mean_frame_interval_ms"": 4.166627680311877, ""mode"": ""source_control"", ""n"": 1, ""observed_effective_cycle_hz"": 240.00224563504767, ""observed_full_cycle_hz"": 240.00224563504767, ""observed_refresh_hz"": 240.00224563504767, ""per_cycle_slots"": 1, ""refresh_hz"": 238.0952380954031, ""rendered_frames"": 2566, ""safe_flicker_hz"": 50, ""timing_intervals"": 2565, ""width"": 900}"
P036,45,n4_mask_only,层数 4，仅遮罩,4,4,mask-only,afipas gunuwu tuwu esapusi mebike fofa omup awapon anebu adido epewop barun ditugok barase areku pisegas azoket uluwali egowoba igez agifana komafob timukov upapum amot o,4,4,4,,0,10554,2026-07-13T02:19:32.455Z,2026-07-13T02:19:43.010Z,"{""anti_ocr"": {""profile"": ""off""}, ""completeness_ok"": true, ""counts"": [51726, 51673, 51822, 51779], ""cycle_hz"": 59.523809523824994, ""cycles"": 1, ""dropped_frame_rate"": 0.004322200392927309, ""dropped_frames"": 11, ""epsilonPixels"": 8, ""frame_count"": 4, ""gamma"": 4.4, ""height"": 230, ""insert_inversion"": false, ""inversion_alpha"": null, ""inversion_flicker_warn"": false, ""long_frame_intervals"": 1, ""max_frame_interval_ms"": 50, ""mean_frame_interval_ms"": 4.184688239936858, ""mode"": ""temporal"", ""n"": 4, ""noise_residual"": 0, ""observed_effective_cycle_hz"": 59.74160694077707, ""observed_full_cycle_hz"": 59.74160694077707, ""observed_refresh_hz"": 238.96642776310827, ""per_cycle_slots"": 4, ""permutation"": [1, 3, 0, 2], ""refresh_hz"": 238.09523809529998, ""rendered_frames"": 2535, ""safe_flicker_hz"": 50, ""timing_intervals"": 2534, ""width"": 900}"
P036,45,deployed_full,实际部署完整配置,4,4,mask+noise+anti-ocr+inversion,tubisu wusufoz umiv tonuwid uresit amibig ikakage sivin efawiso kuduve umosak makel osetusu oparid bagiwe udenuv eluti nume ekagu pofot golimi fenofaf ruvan ovok kutiko p,4,4,4,,1,10740,2026-07-13T02:19:43.373Z,2026-07-13T02:19:54.113Z,"{""anti_ocr"": {""glyph_alpha"": 0.12, ""profile"": ""strong"", ""salient_pixels"": 25866, ""stripe_alpha"": 0.1, ""stripe_width"": 10}, ""completeness_ok"": true, ""counts"": [51450, 51830, 51974, 51746], ""cycle_hz"": 59.523809523824994, ""cycles"": 6, ""dropped_frame_rate"": 0.03191888847164852, ""dropped_frames"": 85, ""epsilonPixels"": 8, ""frame_count"": 30, ""gamma"": 4.4, ""height"": 230, ""insert_inversion"": true, ""inversion_alpha"": 0.2, ""inversion_flicker_warn"": true, ""long_frame_intervals"": 1, ""max_frame_interval_ms"": 362.5, ""mean_frame_interval_ms"": 4.30558572536851, ""mode"": ""temporal"", ""n"": 4, ""noise_residual"": 0, ""observed_effective_cycle_hz"": 58.064109263229874, ""observed_full_cycle_hz"": 46.4512874105839, ""observed_refresh_hz"": 232.2564370529195, ""per_cycle_slots"": 5, ""permutation"": [1, 3, 2, 0], ""refresh_hz"": 238.09523809529998, ""rendered_frames"": 2579, ""safe_flicker_hz"": 50, ""timing_intervals"": 2578, ""width"": 900}"
P036,45,n4_mask_noise,层数 4，遮罩 + 噪声,4,4,mask+noise,iben lozuf uzirep ekolesa atom alanok kibefo dotet lakekaz sopo meba temi movil azim pibud vizak evevu afafudo ukada urit ofowoz iwipasa lere puwalu duvudov utela dorir f,4,4,4,,2,10493,2026-07-13T02:19:54.156Z,2026-07-13T02:20:04.650Z,"{""anti_ocr"": {""profile"": ""off""}, ""completeness_ok"": true, ""counts"": [51520, 51840, 51821, 51819], ""cycle_hz"": 59.523809523824994, ""cycles"": 1, ""dropped_frame_rate"": 0.003560126582278481, ""dropped_frames"": 9, ""epsilonPixels"": 8, ""frame_count"": 4, ""gamma"": 4.4, ""height"": 230, ""insert_inversion"": false, ""inversion_alpha"": null, ""inversion_flicker_warn"": false, ""long_frame_intervals"": 1, ""max_frame_interval_ms"": 41.60000000000582, ""mean_frame_interval_ms"": 4.181500595474399, ""mode"": ""temporal"", ""n"": 4, ""noise_residual"": 0, ""observed_effective_cycle_hz"": 59.78714920442024, ""observed_full_cycle_hz"": 59.78714920442024, ""observed_refresh_hz"": 239.14859681768095, ""per_cycle_slots"": 4, ""permutation"": [1, 0, 2, 3], ""refresh_hz"": 238.09523809529998, ""rendered_frames"": 2520, ""safe_flicker_hz"": 50, ""timing_intervals"": 2519, ""width"": 900}"
P036,45,control_anchor,未遮罩原文（量表锚点）,1,1,none,logi ivibi rabev rupezo ukab ibure edibom domudar apero usosid udizim rapiz popowo imat upuvi ewaka gukug owabaza amuzi osag padarim wano ivet rutib fasi ripin teze atumo,4,4,4,,3,10406,2026-07-13T02:20:04.651Z,2026-07-13T02:20:15.057Z,"{""anti_ocr"": {""profile"": ""off""}, ""cycle_hz"": 238.09523809529998, ""cycles"": 1, ""dropped_frame_rate"": 0, ""dropped_frames"": 0, ""frame_count"": 1, ""height"": 230, ""insert_inversion"": false, ""long_frame_intervals"": 0, ""max_frame_interval_ms"": 4.300000000017462, ""mean_frame_interval_ms"": 4.166626602564112, ""mode"": ""source_control"", ""n"": 1, ""observed_effective_cycle_hz"": 240.00230771449668, ""observed_full_cycle_hz"": 240.00230771449668, ""observed_refresh_hz"": 240.00230771449668, ""per_cycle_slots"": 1, ""refresh_hz"": 238.09523809529998, ""rendered_frames"": 2497, ""safe_flicker_hz"": 50, ""timing_intervals"": 2496, ""width"": 900}"
P036,45,n3_mask_noise,层数 3，遮罩 + 噪声,3,3,mask+noise,ezemos esawud okuzi egon akerop osudam omeri ilim ovodov rufed nuzu divow fetibi osega bilez anudev ideke aralara asofu bigote piwuzi utut zumuw okezit muziku rewami suze,2,2,2,,4,18928,2026-07-13T02:20:15.121Z,2026-07-13T02:20:34.050Z,"{""anti_ocr"": {""profile"": ""off""}, ""completeness_ok"": true, ""counts"": [68880, 69002, 69118], ""cycle_hz"": 79.36507936509999, ""cycles"": 1, ""dropped_frame_rate"": 0.00307152259763054, ""dropped_frames"": 14, ""epsilonPixels"": 8, ""frame_count"": 3, ""gamma"": 3.3000000000000003, ""height"": 230, ""insert_inversion"": false, ""inversion_alpha"": null, ""inversion_flicker_warn"": false, ""long_frame_intervals"": 1, ""max_frame_interval_ms"": 62.60000000000582, ""mean_frame_interval_ms"": 4.179489436619719, ""mode"": ""temporal"", ""n"": 3, ""noise_residual"": 0, ""observed_effective_cycle_hz"": 79.7545581555354, ""observed_full_cycle_hz"": 79.7545581555354, ""observed_refresh_hz"": 239.26367446660623, ""per_cycle_slots"": 3, ""permutation"": [1, 0, 2], ""refresh_hz"": 238.09523809529998, ""rendered_frames"": 4545, ""safe_flicker_hz"": 50, ""timing_intervals"": 4544, ""width"": 900}"
P036,45,n2_mask_noise,层数 2，遮罩 + 噪声,2,2,mask+noise,aliw utuz wikopu gozoti dinige ugukoz imodu urora kitufad ewamasi erobuf idele ewitoki atedabo evawu tifari sineko uzid ofoko liri falezik azudom ufasub abut rukidib elib,4,4,4,,5,10351,2026-07-13T02:20:34.138Z,2026-07-13T02:20:44.490Z,"{""anti_ocr"": {""profile"": ""off""}, ""completeness_ok"": true, ""counts"": [103665, 103335], ""cycle_hz"": 119.04761904764999, ""cycles"": 1, ""dropped_frame_rate"": 0.0075878594249201275, ""dropped_frames"": 19, ""epsilonPixels"": 8, ""frame_count"": 2, ""gamma"": 2.2, ""height"": 230, ""insert_inversion"": false, ""inversion_alpha"": null, ""inversion_flicker_warn"": false, ""long_frame_intervals"": 1, ""max_frame_interval_ms"": 83.29999999998836, ""mean_frame_interval_ms"": 4.198470824949691, ""mode"": ""temporal"", ""n"": 2, ""noise_residual"": 0, ""observed_effective_cycle_hz"": 119.0909787984513, ""observed_full_cycle_hz"": 119.0909787984513, ""observed_refresh_hz"": 238.1819575969026, ""per_cycle_slots"": 2, ""permutation"": [1, 0], ""refresh_hz"": 238.09523809529998, ""rendered_frames"": 2486, ""safe_flicker_hz"": 50, ""timing_intervals"": 2485, ""width"": 900}"
P037,46,n4_mask_only,层数 4，仅遮罩,4,4,mask-only,usapif vevodo ivurogi zuba wuli evisiso lebo pekini ipewem oluwu tiwemi ekugup misov davavu omikav vesubov tarowez wukese afadazo zati obedok epikore rinuzed fevo orifa g,5,5,5,,0,13818,2026-07-13T02:25:20.112Z,2026-07-13T02:25:33.930Z,"{""anti_ocr"": {""profile"": ""off""}, ""completeness_ok"": true, ""counts"": [51868, 51687, 51811, 51634], ""cycle_hz"": 59.52380952385077, ""cycles"": 1, ""dropped_frame_rate"": 0.0033052884615384615, ""dropped_frames"": 11, ""epsilonPixels"": 8, ""frame_count"": 4, ""gamma"": 4.4, ""height"": 230, ""insert_inversion"": false, ""inversion_alpha"": null, ""inversion_flicker_warn"": false, ""long_frame_intervals"": 1, ""max_frame_interval_ms"": 50, ""mean_frame_interval_ms"": 4.1804341272233945, ""mode"": ""temporal"", ""n"": 4, ""noise_residual"": 0, ""observed_effective_cycle_hz"": 59.80240147117153, ""observed_full_cycle_hz"": 59.80240147117153, ""observed_refresh_hz"": 239.2096058846861, ""per_cycle_slots"": 4, ""permutation"": [0, 3, 1, 2], ""refresh_hz"": 238.0952380954031, ""rendered_frames"": 3318, ""safe_flicker_hz"": 50, ""timing_intervals"": 3317, ""width"": 900}"
P037,46,deployed_full,实际部署完整配置,4,4,mask+noise+anti-ocr+inversion,defefe dapabud esit igarop ubape awizen loponok vabo elis vovure ezazogu kuzivob mitiro abas ininol apeb dotep ewiwe topifuz ipodat onef elew zegem muzuvum pikibig izal z,5,4,2,,1,15011,2026-07-13T02:25:34.295Z,2026-07-13T02:25:49.306Z,"{""anti_ocr"": {""glyph_alpha"": 0.12, ""profile"": ""strong"", ""salient_pixels"": 25659, ""stripe_alpha"": 0.1, ""stripe_width"": 10}, ""completeness_ok"": true, ""counts"": [51874, 51767, 51779, 51580], ""cycle_hz"": 59.52380952385077, ""cycles"": 6, ""dropped_frame_rate"": 0.023312550826782324, ""dropped_frames"": 86, ""epsilonPixels"": 8, ""frame_count"": 30, ""gamma"": 4.4, ""height"": 230, ""insert_inversion"": true, ""inversion_alpha"": 0.2, ""inversion_flicker_warn"": true, ""long_frame_intervals"": 2, ""max_frame_interval_ms"": 362.5, ""mean_frame_interval_ms"": 4.267277268942548, ""mode"": ""temporal"", ""n"": 4, ""noise_residual"": 0, ""observed_effective_cycle_hz"": 58.58536585365853, ""observed_full_cycle_hz"": 46.86829268292682, ""observed_refresh_hz"": 234.34146341463412, ""per_cycle_slots"": 5, ""permutation"": [3, 1, 0, 2], ""refresh_hz"": 238.0952380954031, ""rendered_frames"": 3604, ""safe_flicker_hz"": 50, ""timing_intervals"": 3603, ""width"": 900}"
P037,46,n4_mask_noise,层数 4，遮罩 + 噪声,4,4,mask+noise,otof mosedet ebutu melawo bulo titugu ivulo etiwanu amifo zonadug losutu osatotu uvizar zipuwif igubot adoto esumen narado owobeb ivek vurokek rapedum rofuseg zikef enitu,5,5,4,,2,11692,2026-07-13T02:25:49.350Z,2026-07-13T02:26:01.042Z,"{""anti_ocr"": {""profile"": ""off""}, ""completeness_ok"": true, ""counts"": [51778, 51505, 52048, 51669], ""cycle_hz"": 59.52380952385077, ""cycles"": 1, ""dropped_frame_rate"": 0.003197158081705151, ""dropped_frames"": 9, ""epsilonPixels"": 8, ""frame_count"": 4, ""gamma"": 4.4, ""height"": 230, ""insert_inversion"": false, ""inversion_alpha"": null, ""inversion_flicker_warn"": false, ""long_frame_intervals"": 1, ""max_frame_interval_ms"": 41.70000000001164, ""mean_frame_interval_ms"": 4.180007127583741, ""mode"": ""temporal"", ""n"": 4, ""noise_residual"": 0, ""observed_effective_cycle_hz"": 59.80851045689792, ""observed_full_cycle_hz"": 59.80851045689792, ""observed_refresh_hz"": 239.23404182759168, ""per_cycle_slots"": 4, ""permutation"": [3, 0, 2, 1], ""refresh_hz"": 238.0952380954031, ""rendered_frames"": 2807, ""safe_flicker_hz"": 50, ""timing_intervals"": 2806, ""width"": 900}"
P037,46,control_anchor,未遮罩原文（量表锚点）,1,1,none,afeleg zinon ididiti wafo inuvob bape oviweze vimodu dibepud ipasip azilir ezat zulebi mifalo ogode sifumom upan mozi azipugu itol vuzo iked foru kokawu apaz ebezobo ibuf,5,5,5,,3,11070,2026-07-13T02:26:01.044Z,2026-07-13T02:26:12.114Z,"{""anti_ocr"": {""profile"": ""off""}, ""cycle_hz"": 238.0952380954031, ""cycles"": 1, ""dropped_frame_rate"": 0, ""dropped_frames"": 0, ""frame_count"": 1, ""height"": 230, ""insert_inversion"": false, ""long_frame_intervals"": 0, ""max_frame_interval_ms"": 4.300000000046566, ""mean_frame_interval_ms"": 4.16661648475725, ""mode"": ""source_control"", ""n"": 1, ""observed_effective_cycle_hz"": 240.00289051279475, ""observed_full_cycle_hz"": 240.00289051279475, ""observed_refresh_hz"": 240.00289051279475, ""per_cycle_slots"": 1, ""refresh_hz"": 238.0952380954031, ""rendered_frames"": 2658, ""safe_flicker_hz"": 50, ""timing_intervals"": 2657, ""width"": 900}"
P037,46,n3_mask_noise,层数 3，遮罩 + 噪声,3,3,mask+noise,tumig etibu dedepe ekekugi agom azukar wasatil iketuve evuli utovi arobu asifipu azok pimifur epunofi ibid wirop igonuk kamif inekite vogime zodani kumo idipef ubeso vafa,4,5,3,,4,11119,2026-07-13T02:26:12.179Z,2026-07-13T02:26:23.298Z,"{""anti_ocr"": {""profile"": ""off""}, ""completeness_ok"": true, ""counts"": [68641, 69288, 69071], ""cycle_hz"": 79.36507936513436, ""cycles"": 1, ""dropped_frame_rate"": 0.005218039508013418, ""dropped_frames"": 14, ""epsilonPixels"": 8, ""frame_count"": 3, ""gamma"": 3.3000000000000003, ""height"": 230, ""insert_inversion"": false, ""inversion_alpha"": null, ""inversion_flicker_warn"": false, ""long_frame_intervals"": 1, ""max_frame_interval_ms"": 62.5, ""mean_frame_interval_ms"": 4.188460097414762, ""mode"": ""temporal"", ""n"": 3, ""noise_residual"": 0, ""observed_effective_cycle_hz"": 79.5837433282643, ""observed_full_cycle_hz"": 79.5837433282643, ""observed_refresh_hz"": 238.75122998479293, ""per_cycle_slots"": 3, ""permutation"": [2, 0, 1], ""refresh_hz"": 238.0952380954031, ""rendered_frames"": 2670, ""safe_flicker_hz"": 50, ""timing_intervals"": 2669, ""width"": 900}"
P037,46,n2_mask_noise,层数 2，遮罩 + 噪声,2,2,mask+noise,vaworup ikala oligo olope kufu mawat alogi zugivi bovodon raso unuri nedo zosomu wuwi ezok bakaluz lotak wibokir agadeg evatak ubesato gegil olon isope ofepabi izagif sew,5,5,4,,5,10834,2026-07-13T02:26:23.336Z,2026-07-13T02:26:34.170Z,"{""anti_ocr"": {""profile"": ""off""}, ""completeness_ok"": true, ""counts"": [103937, 103063], ""cycle_hz"": 119.04761904770155, ""cycles"": 1, ""dropped_frame_rate"": 0.0026840490797546013, ""dropped_frames"": 7, ""epsilonPixels"": 8, ""frame_count"": 2, ""gamma"": 2.2, ""height"": 230, ""insert_inversion"": false, ""inversion_alpha"": null, ""inversion_flicker_warn"": false, ""long_frame_intervals"": 1, ""max_frame_interval_ms"": 33.29999999998836, ""mean_frame_interval_ms"": 4.177893118031508, ""mode"": ""temporal"", ""n"": 2, ""noise_residual"": 0, ""observed_effective_cycle_hz"": 119.67754700139008, ""observed_full_cycle_hz"": 119.67754700139008, ""observed_refresh_hz"": 239.35509400278016, ""per_cycle_slots"": 2, ""permutation"": [0, 1], ""refresh_hz"": 238.0952380954031, ""rendered_frames"": 2602, ""safe_flicker_hz"": 50, ""timing_intervals"": 2601, ""width"": 900}"
P038,47,deployed_full,实际部署完整配置,4,4,mask+noise+anti-ocr+inversion,mobi lalo kizok sedu soro ramena zezovuf sufi ogisoz okadep sonubun wosizas mazo itezusa zope iwuk movil uwal sirupu gowe uzez utasid uboka asekopu ipelono tazige todavu,4,2,5,,0,23104,2026-07-13T02:30:56.194Z,2026-07-13T02:31:19.299Z,"{""anti_ocr"": {""glyph_alpha"": 0.12, ""profile"": ""strong"", ""salient_pixels"": 25160, ""stripe_alpha"": 0.1, ""stripe_width"": 10}, ""completeness_ok"": true, ""counts"": [51581, 51617, 51653, 52149], ""cycle_hz"": 59.52380952385077, ""cycles"": 6, ""dropped_frame_rate"": 0.017018259173905335, ""dropped_frames"": 96, ""epsilonPixels"": 8, ""frame_count"": 30, ""gamma"": 4.4, ""height"": 230, ""insert_inversion"": true, ""inversion_alpha"": 0.2, ""inversion_flicker_warn"": true, ""long_frame_intervals"": 1, ""max_frame_interval_ms"": 408.3999999999942, ""mean_frame_interval_ms"": 4.2395311091073005, ""mode"": ""temporal"", ""n"": 4, ""noise_residual"": 0, ""observed_effective_cycle_hz"": 58.96878536000209, ""observed_full_cycle_hz"": 47.17502828800167, ""observed_refresh_hz"": 235.87514144000835, ""per_cycle_slots"": 5, ""permutation"": [0, 2, 1, 3], ""refresh_hz"": 238.0952380954031, ""rendered_frames"": 5546, ""safe_flicker_hz"": 50, ""timing_intervals"": 5545, ""width"": 900}"
P038,47,control_anchor,未遮罩原文（量表锚点）,1,1,none,nifaf azigi zira marim atanaw ofalaz urafew izuviko bosebiz awolupe soguzuk isow sane sidedup tumudow rofig dezo zisuw ugawu debu noziz obisa efebure zolusa agasano silug,5,5,5,,1,10814,2026-07-13T02:31:19.301Z,2026-07-13T02:31:30.114Z,"{""anti_ocr"": {""profile"": ""off""}, ""cycle_hz"": 238.0952380954031, ""cycles"": 1, ""dropped_frame_rate"": 0, ""dropped_frames"": 0, ""frame_count"": 1, ""height"": 230, ""insert_inversion"": false, ""long_frame_intervals"": 0, ""max_frame_interval_ms"": 4.7000000000116415, ""mean_frame_interval_ms"": 4.166628131021204, ""mode"": ""source_control"", ""n"": 1, ""observed_effective_cycle_hz"": 240.00221967370743, ""observed_full_cycle_hz"": 240.00221967370743, ""observed_refresh_hz"": 240.00221967370743, ""per_cycle_slots"": 1, ""refresh_hz"": 238.0952380954031, ""rendered_frames"": 2596, ""safe_flicker_hz"": 50, ""timing_intervals"": 2595, ""width"": 900}"
P038,47,n4_mask_only,层数 4，仅遮罩,4,4,mask-only,koweteb watupe uwave befami ligim irepofi sukali rikuf biwo zemepo odulo ravuru famew iduniwo wowi pimevef usudi lasa obizi ovodis nire vamiti inavuwe kagigav tikofaf sil,4,5,5,,2,12110,2026-07-13T02:31:30.140Z,2026-07-13T02:31:42.250Z,"{""anti_ocr"": {""profile"": ""off""}, ""completeness_ok"": true, ""counts"": [51832, 51724, 51723, 51721], ""cycle_hz"": 59.52380952385077, ""cycles"": 1, ""dropped_frame_rate"": 0.001717032967032967, ""dropped_frames"": 5, ""epsilonPixels"": 8, ""frame_count"": 4, ""gamma"": 4.4, ""height"": 230, ""insert_inversion"": false, ""inversion_alpha"": null, ""inversion_flicker_warn"": false, ""long_frame_intervals"": 1, ""max_frame_interval_ms"": 25, ""mean_frame_interval_ms"": 4.173821809425521, ""mode"": ""temporal"", ""n"": 4, ""noise_residual"": 0, ""observed_effective_cycle_hz"": 59.89714257456757, ""observed_full_cycle_hz"": 59.89714257456757, ""observed_refresh_hz"": 239.58857029827027, ""per_cycle_slots"": 4, ""permutation"": [1, 0, 2, 3], ""refresh_hz"": 238.0952380954031, ""rendered_frames"": 2908, ""safe_flicker_hz"": 50, ""timing_intervals"": 2907, ""width"": 900}"
P038,47,n2_mask_noise,层数 2，遮罩 + 噪声,2,2,mask+noise,borudiw bezu azomil mosiw iginow pipe iwiw wokek otob ibefi pivo iman ledop lazog uwek sedunug mikisi inen molo rotef umikag awad momus faru fedagu ogafi loriziw zibozo l,4,5,5,,3,10565,2026-07-13T02:31:42.326Z,2026-07-13T02:31:52.891Z,"{""anti_ocr"": {""profile"": ""off""}, ""completeness_ok"": true, ""counts"": [103408, 103592], ""cycle_hz"": 119.04761904770155, ""cycles"": 1, ""dropped_frame_rate"": 0.00626713670191931, ""dropped_frames"": 16, ""epsilonPixels"": 8, ""frame_count"": 2, ""gamma"": 2.2, ""height"": 230, ""insert_inversion"": false, ""inversion_alpha"": null, ""inversion_flicker_warn"": false, ""long_frame_intervals"": 1, ""max_frame_interval_ms"": 70.90000000002328, ""mean_frame_interval_ms"": 4.192905005912504, ""mode"": ""temporal"", ""n"": 2, ""noise_residual"": 0, ""observed_effective_cycle_hz"": 119.24906462105376, ""observed_full_cycle_hz"": 119.24906462105376, ""observed_refresh_hz"": 238.49812924210752, ""per_cycle_slots"": 2, ""permutation"": [1, 0], ""refresh_hz"": 238.0952380954031, ""rendered_frames"": 2538, ""safe_flicker_hz"": 50, ""timing_intervals"": 2537, ""width"": 900}"
P038,47,n4_mask_noise,层数 4，遮罩 + 噪声,4,4,mask+noise,pekob sikumiv inor bokelo rukeguw omipin wore romus elilob wawuv iwidib upik awasot demiwom esil isodeze idowip irurome edemib sigen mifegem mobul dinuvi uganizi ipupi do,4,5,5,,4,11071,2026-07-13T02:31:52.948Z,2026-07-13T02:32:04.019Z,"{""anti_ocr"": {""profile"": ""off""}, ""completeness_ok"": true, ""counts"": [51983, 51750, 51723, 51544], ""cycle_hz"": 59.52380952385077, ""cycles"": 1, ""dropped_frame_rate"": 0.004496065942300487, ""dropped_frames"": 12, ""epsilonPixels"": 8, ""frame_count"": 4, ""gamma"": 4.4, ""height"": 230, ""insert_inversion"": false, ""inversion_alpha"": null, ""inversion_flicker_warn"": false, ""long_frame_intervals"": 1, ""max_frame_interval_ms"": 54, ""mean_frame_interval_ms"": 4.18543470079037, ""mode"": ""temporal"", ""n"": 4, ""noise_residual"": 0, ""observed_effective_cycle_hz"": 59.73095218826147, ""observed_full_cycle_hz"": 59.73095218826147, ""observed_refresh_hz"": 238.92380875304588, ""per_cycle_slots"": 4, ""permutation"": [3, 0, 2, 1], ""refresh_hz"": 238.0952380954031, ""rendered_frames"": 2658, ""safe_flicker_hz"": 50, ""timing_intervals"": 2657, ""width"": 900}"
P038,47,n3_mask_noise,层数 3，遮罩 + 噪声,3,3,mask+noise,wude ugova vofu zolomes pugav lafu uromola pumag ozon inevage tegotor ilovaga unaga nipi uluva ugul afofik wezi okeki epupeb owuna imuzabo ezapefa libufe wareso guni idem,4,5,5,,5,10788,2026-07-13T02:32:04.135Z,2026-07-13T02:32:14.923Z,"{""anti_ocr"": {""profile"": ""off""}, ""completeness_ok"": true, ""counts"": [69533, 68517, 68950], ""cycle_hz"": 79.36507936513436, ""cycles"": 1, ""dropped_frame_rate"": 0.010321100917431193, ""dropped_frames"": 27, ""epsilonPixels"": 8, ""frame_count"": 3, ""gamma"": 3.3000000000000003, ""height"": 230, ""insert_inversion"": false, ""inversion_alpha"": null, ""inversion_flicker_warn"": false, ""long_frame_intervals"": 1, ""max_frame_interval_ms"": 116.69999999995343, ""mean_frame_interval_ms"": 4.210081112398596, ""mode"": ""temporal"", ""n"": 3, ""noise_residual"": 0, ""observed_effective_cycle_hz"": 79.17503830310396, ""observed_full_cycle_hz"": 79.17503830310396, ""observed_refresh_hz"": 237.52511490931187, ""per_cycle_slots"": 3, ""permutation"": [2, 0, 1], ""refresh_hz"": 238.0952380954031, ""rendered_frames"": 2590, ""safe_flicker_hz"": 50, ""timing_intervals"": 2589, ""width"": 900}"
P039,49,control_anchor,未遮罩原文（量表锚点）,1,1,none,elebiwo pidelo oruzaz udadab sokes ober bonoz emafa olur vuvuz atowul rakem dede dagebo bironu ofowes mure fewiwe figapo ilawa pufab wukofo nabag emazob mipos obet ados e,5,5,5,,0,14918,2026-07-13T02:42:16.909Z,2026-07-13T02:42:31.828Z,"{""anti_ocr"": {""profile"": ""off""}, ""cycle_hz"": 238.0952380954031, ""cycles"": 1, ""dropped_frame_rate"": 0, ""dropped_frames"": 0, ""frame_count"": 1, ""height"": 230, ""insert_inversion"": false, ""long_frame_intervals"": 0, ""max_frame_interval_ms"": 4.5, ""mean_frame_interval_ms"": 4.166638725901096, ""mode"": ""source_control"", ""n"": 1, ""observed_effective_cycle_hz"": 240.00160939888912, ""observed_full_cycle_hz"": 240.00160939888912, ""observed_refresh_hz"": 240.00160939888912, ""per_cycle_slots"": 1, ""refresh_hz"": 238.0952380954031, ""rendered_frames"": 3580, ""safe_flicker_hz"": 50, ""timing_intervals"": 3579, ""width"": 900}"
P039,49,n2_mask_noise,层数 2，遮罩 + 噪声,2,2,mask+noise,gulesi opodu lubal akogo uwodoso oretol foru fiweraf rubu favu orebupe ubat okopaz onum enega esik unemaz tekup zavi adidida lugus owifar fesag unoso delepe devek zunipo,5,5,4,,1,10436,2026-07-13T02:42:31.904Z,2026-07-13T02:42:42.339Z,"{""anti_ocr"": {""profile"": ""off""}, ""completeness_ok"": true, ""counts"": [103655, 103345], ""cycle_hz"": 119.04761904770155, ""cycles"": 1, ""dropped_frame_rate"": 0.0067406819984139575, ""dropped_frames"": 17, ""epsilonPixels"": 8, ""frame_count"": 2, ""gamma"": 2.2, ""height"": 230, ""insert_inversion"": false, ""inversion_alpha"": null, ""inversion_flicker_warn"": false, ""long_frame_intervals"": 1, ""max_frame_interval_ms"": 75.10000000000582, ""mean_frame_interval_ms"": 4.1949301397205545, ""mode"": ""temporal"", ""n"": 2, ""noise_residual"": 0, ""observed_effective_cycle_hz"": 119.19149624582485, ""observed_full_cycle_hz"": 119.19149624582485, ""observed_refresh_hz"": 238.3829924916497, ""per_cycle_slots"": 2, ""permutation"": [0, 1], ""refresh_hz"": 238.0952380954031, ""rendered_frames"": 2506, ""safe_flicker_hz"": 50, ""timing_intervals"": 2505, ""width"": 900}"
P039,49,deployed_full,实际部署完整配置,4,4,mask+noise+anti-ocr+inversion,wasurit fawuz nozo elan uriwuze tawapo ilon ubus zofol ifazamu opeb nofonil okubono afok afez senodag veveke osem veruzub ufifur imenen pokidug tisofes asif egazi dopuru,3,3,2,,2,12028,2026-07-13T02:42:42.696Z,2026-07-13T02:42:54.724Z,"{""anti_ocr"": {""glyph_alpha"": 0.12, ""profile"": ""strong"", ""salient_pixels"": 25283, ""stripe_alpha"": 0.1, ""stripe_width"": 10}, ""completeness_ok"": true, ""counts"": [51481, 51369, 51754, 52396], ""cycle_hz"": 59.52380952385077, ""cycles"": 6, ""dropped_frame_rate"": 0.0279367216425446, ""dropped_frames"": 83, ""epsilonPixels"": 8, ""frame_count"": 30, ""gamma"": 4.4, ""height"": 230, ""insert_inversion"": true, ""inversion_alpha"": 0.2, ""inversion_flicker_warn"": true, ""long_frame_intervals"": 1, ""max_frame_interval_ms"": 354.20000000001164, ""mean_frame_interval_ms"": 4.287846260387807, ""mode"": ""temporal"", ""n"": 4, ""noise_residual"": 0, ""observed_effective_cycle_hz"": 58.304329217575344, ""observed_full_cycle_hz"": 46.643463374060275, ""observed_refresh_hz"": 233.21731687030137, ""per_cycle_slots"": 5, ""permutation"": [1, 2, 3, 0], ""refresh_hz"": 238.0952380954031, ""rendered_frames"": 2889, ""safe_flicker_hz"": 50, ""timing_intervals"": 2888, ""width"": 900}"
P039,49,n3_mask_noise,层数 3，遮罩 + 噪声,3,3,mask+noise,ugis ipopasi rufi baru letuza vupuw ipipu osurite dufezed belive ifigopo zifo bunebin uduwevo apeva bedeton itebuna nuger ozososo zedifor enigor omagawe sedo esuza gote z,4,4,3,,3,10573,2026-07-13T02:42:54.767Z,2026-07-13T02:43:05.339Z,"{""anti_ocr"": {""profile"": ""off""}, ""completeness_ok"": true, ""counts"": [68995, 69141, 68864], ""cycle_hz"": 79.36507936513436, ""cycles"": 1, ""dropped_frame_rate"": 0.003142183817753339, ""dropped_frames"": 8, ""epsilonPixels"": 8, ""frame_count"": 3, ""gamma"": 3.3000000000000003, ""height"": 230, ""insert_inversion"": false, ""inversion_alpha"": null, ""inversion_flicker_warn"": false, ""long_frame_intervals"": 1, ""max_frame_interval_ms"": 37.5, ""mean_frame_interval_ms"": 4.179747832939327, ""mode"": ""temporal"", ""n"": 3, ""noise_residual"": 0, ""observed_effective_cycle_hz"": 79.74962764653749, ""observed_full_cycle_hz"": 79.74962764653749, ""observed_refresh_hz"": 239.24888293961249, ""per_cycle_slots"": 3, ""permutation"": [1, 2, 0], ""refresh_hz"": 238.0952380954031, ""rendered_frames"": 2539, ""safe_flicker_hz"": 50, ""timing_intervals"": 2538, ""width"": 900}"
P039,49,n4_mask_only,层数 4，仅遮罩,4,4,mask-only,ruri suba otenu tepi ifew arova soro ribisam aget tofe bake ufavino zeloloz rilupo kebelog erope pazebuk gapime agev rugipep uzen ebov ilalik lodu igizite sofaru emide uf,4,4,3,,4,10256,2026-07-13T02:43:05.371Z,2026-07-13T02:43:15.628Z,"{""anti_ocr"": {""profile"": ""off""}, ""completeness_ok"": true, ""counts"": [51889, 51371, 51914, 51826], ""cycle_hz"": 59.52380952385077, ""cycles"": 1, ""dropped_frame_rate"": 0.0028351559335763467, ""dropped_frames"": 7, ""epsilonPixels"": 8, ""frame_count"": 4, ""gamma"": 4.4, ""height"": 230, ""insert_inversion"": false, ""inversion_alpha"": null, ""inversion_flicker_warn"": false, ""long_frame_intervals"": 1, ""max_frame_interval_ms"": 33.300000000046566, ""mean_frame_interval_ms"": 4.178513403736799, ""mode"": ""temporal"", ""n"": 4, ""noise_residual"": 0, ""observed_effective_cycle_hz"": 59.82989064398542, ""observed_full_cycle_hz"": 59.82989064398542, ""observed_refresh_hz"": 239.3195625759417, ""per_cycle_slots"": 4, ""permutation"": [2, 1, 3, 0], ""refresh_hz"": 238.0952380954031, ""rendered_frames"": 2463, ""safe_flicker_hz"": 50, ""timing_intervals"": 2462, ""width"": 900}"
P039,49,n4_mask_noise,层数 4，遮罩 + 噪声,4,4,mask+noise,otoz fipofid limideb akina gakowav zuruwa ufofom vepo ipesu nedimok esaba uminu ubef nivo izoroso pofu abora lukarol omozibi magiras etavu mewise efupumo sopeko fogo emud,5,4,4,,5,10337,2026-07-13T02:43:15.722Z,2026-07-13T02:43:26.060Z,"{""anti_ocr"": {""profile"": ""off""}, ""completeness_ok"": true, ""counts"": [51667, 51789, 51663, 51881], ""cycle_hz"": 59.52380952385077, ""cycles"": 1, ""dropped_frame_rate"": 0.008393285371702638, ""dropped_frames"": 21, ""epsilonPixels"": 8, ""frame_count"": 4, ""gamma"": 4.4, ""height"": 230, ""insert_inversion"": false, ""inversion_alpha"": null, ""inversion_flicker_warn"": false, ""long_frame_intervals"": 1, ""max_frame_interval_ms"": 91.79999999998836, ""mean_frame_interval_ms"": 4.201934703748488, ""mode"": ""temporal"", ""n"": 4, ""noise_residual"": 0, ""observed_effective_cycle_hz"": 59.49640287769784, ""observed_full_cycle_hz"": 59.49640287769784, ""observed_refresh_hz"": 237.98561151079136, ""per_cycle_slots"": 4, ""permutation"": [2, 1, 3, 0], ""refresh_hz"": 238.0952380954031, ""rendered_frames"": 2482, ""safe_flicker_hz"": 50, ""timing_intervals"": 2481, ""width"": 900}"
P040,50,control_anchor,未遮罩原文（量表锚点）,1,1,none,ikiwafi unure falupiz fetove wafefu godo gosa ovopofo ipunoke wavopa osege welo tutun vudik tivogi dibomef avil zelamu kiteku foladid dofugas tinuvi misudof tapiza rufabe,5,5,3,,0,26126,2026-07-13T04:52:04.976Z,2026-07-13T04:52:31.103Z,"{""anti_ocr"": {""profile"": ""off""}, ""cycle_hz"": 238.09523813747495, ""cycles"": 1, ""dropped_frame_rate"": 0, ""dropped_frames"": 0, ""frame_count"": 1, ""height"": 230, ""insert_inversion"": false, ""long_frame_intervals"": 0, ""max_frame_interval_ms"": 4.5, ""mean_frame_interval_ms"": 4.1666347687400025, ""mode"": ""source_control"", ""n"": 1, ""observed_effective_cycle_hz"": 240.00183733464158, ""observed_full_cycle_hz"": 240.00183733464158, ""observed_refresh_hz"": 240.00183733464158, ""per_cycle_slots"": 1, ""refresh_hz"": 238.09523813747495, ""rendered_frames"": 6271, ""safe_flicker_hz"": 50, ""timing_intervals"": 6270, ""width"": 900}"
P040,50,n2_mask_noise,层数 2，遮罩 + 噪声,2,2,mask+noise,zilur egakow ibimaki ibevu atiwer umet irure otepab edovozo mofu iguna toruziw evavan uwik gekuw mipaw miwovi elawu iraz egapeva giketow ifem letufo abob idetawu uwug ani,3,5,2,,1,11805,2026-07-13T04:52:31.178Z,2026-07-13T04:52:42.983Z,"{""anti_ocr"": {""profile"": ""off""}, ""completeness_ok"": true, ""counts"": [103393, 103607], ""cycle_hz"": 119.04761906873748, ""cycles"": 1, ""dropped_frame_rate"": 0.005614035087719298, ""dropped_frames"": 16, ""epsilonPixels"": 8, ""frame_count"": 2, ""gamma"": 2.2, ""height"": 230, ""insert_inversion"": false, ""inversion_alpha"": null, ""inversion_flicker_warn"": false, ""long_frame_intervals"": 1, ""max_frame_interval_ms"": 70.70000000018626, ""mean_frame_interval_ms"": 4.190155257586582, ""mode"": ""temporal"", ""n"": 2, ""noise_residual"": 0, ""observed_effective_cycle_hz"": 119.32732065111752, ""observed_full_cycle_hz"": 119.32732065111752, ""observed_refresh_hz"": 238.65464130223504, ""per_cycle_slots"": 2, ""permutation"": [1, 0], ""refresh_hz"": 238.09523813747495, ""rendered_frames"": 2835, ""safe_flicker_hz"": 50, ""timing_intervals"": 2834, ""width"": 900}"
P040,50,deployed_full,实际部署完整配置,4,4,mask+noise+anti-ocr+inversion,weneg efapiba ozip ewuvid subifi tozozuf ebis naroso figofir ifupo imosuno adutet reso ifeked wapa ukas lifig guwul gerag igeb lemozor atowal zavozef fopa vega ogam nudot,2,2,1,,2,11500,2026-07-13T04:52:43.347Z,2026-07-13T04:52:54.847Z,"{""anti_ocr"": {""glyph_alpha"": 0.12, ""profile"": ""strong"", ""salient_pixels"": 25683, ""stripe_alpha"": 0.1, ""stripe_width"": 10}, ""completeness_ok"": true, ""counts"": [51840, 52052, 51634, 51474], ""cycle_hz"": 59.52380953436874, ""cycles"": 6, ""dropped_frame_rate"": 0.029876977152899824, ""dropped_frames"": 85, ""epsilonPixels"": 8, ""frame_count"": 30, ""gamma"": 4.4, ""height"": 230, ""insert_inversion"": true, ""inversion_alpha"": 0.2, ""inversion_flicker_warn"": true, ""long_frame_intervals"": 1, ""max_frame_interval_ms"": 362.5, ""mean_frame_interval_ms"": 4.2964855072463095, ""mode"": ""temporal"", ""n"": 4, ""noise_residual"": 0, ""observed_effective_cycle_hz"": 58.18709258494142, ""observed_full_cycle_hz"": 46.549674067953134, ""observed_refresh_hz"": 232.74837033976567, ""per_cycle_slots"": 5, ""permutation"": [3, 0, 2, 1], ""refresh_hz"": 238.09523813747495, ""rendered_frames"": 2761, ""safe_flicker_hz"": 50, ""timing_intervals"": 2760, ""width"": 900}"
P040,50,n3_mask_noise,层数 3，遮罩 + 噪声,3,3,mask+noise,ilun utefo wufela iwuked agosari udiwina efobupa gawone gelagin etitub anit aliw useki dabuge ifos uzav sifavi iwopube kenefen batom ugiba ratod baga zumabeg ezezog inele,3,5,3,,3,11229,2026-07-13T04:52:54.890Z,2026-07-13T04:53:06.119Z,"{""anti_ocr"": {""profile"": ""off""}, ""completeness_ok"": true, ""counts"": [69127, 68776, 69097], ""cycle_hz"": 79.36507937915832, ""cycles"": 1, ""dropped_frame_rate"": 0.0033284023668639054, ""dropped_frames"": 9, ""epsilonPixels"": 8, ""frame_count"": 3, ""gamma"": 3.3000000000000003, ""height"": 230, ""insert_inversion"": false, ""inversion_alpha"": null, ""inversion_flicker_warn"": false, ""long_frame_intervals"": 1, ""max_frame_interval_ms"": 41.69999999925494, ""mean_frame_interval_ms"": 4.1805565862707335, ""mode"": ""temporal"", ""n"": 3, ""noise_residual"": 0, ""observed_effective_cycle_hz"": 79.73419961065123, ""observed_full_cycle_hz"": 79.73419961065123, ""observed_refresh_hz"": 239.20259883195368, ""per_cycle_slots"": 3, ""permutation"": [2, 1, 0], ""refresh_hz"": 238.09523813747495, ""rendered_frames"": 2696, ""safe_flicker_hz"": 50, ""timing_intervals"": 2695, ""width"": 900}"
P040,50,n4_mask_only,层数 4，仅遮罩,4,4,mask-only,tozama evobu balo aperaz irav inegiso owesov ufova kawebev irazol mivinug rema isuwor migofup uted usedo dolireg wune suwe isos ebivame zafibow didozab asowo metef zuwe d,3,3,2,,4,16056,2026-07-13T04:53:06.151Z,2026-07-13T04:53:22.207Z,"{""anti_ocr"": {""profile"": ""off""}, ""completeness_ok"": true, ""counts"": [51921, 51652, 51877, 51550], ""cycle_hz"": 59.52380953436874, ""cycles"": 1, ""dropped_frame_rate"": 0.001813001813001813, ""dropped_frames"": 7, ""epsilonPixels"": 8, ""frame_count"": 4, ""gamma"": 4.4, ""height"": 230, ""insert_inversion"": false, ""inversion_alpha"": null, ""inversion_flicker_warn"": false, ""long_frame_intervals"": 1, ""max_frame_interval_ms"": 33.40000000037253, ""mean_frame_interval_ms"": 4.1742345614945515, ""mode"": ""temporal"", ""n"": 4, ""noise_residual"": 0, ""observed_effective_cycle_hz"": 59.89121989121988, ""observed_full_cycle_hz"": 59.89121989121988, ""observed_refresh_hz"": 239.56487956487953, ""per_cycle_slots"": 4, ""permutation"": [2, 3, 0, 1], ""refresh_hz"": 238.09523813747495, ""rendered_frames"": 3855, ""safe_flicker_hz"": 50, ""timing_intervals"": 3854, ""width"": 900}"
P040,50,n4_mask_noise,层数 4，遮罩 + 噪声,4,4,mask+noise,osud isis rimazi ulit esuluw ipubezu epoz kuki pesi idinip buda itiloru muwe akifas inozoni negutol zobomut tezo odek ifuzuti sefibu awel vovoku iposif kipovir epiteme uf,3,3,3,,5,14479,2026-07-13T04:53:22.304Z,2026-07-13T04:53:36.783Z,"{""anti_ocr"": {""profile"": ""off""}, ""completeness_ok"": true, ""counts"": [51750, 51557, 51769, 51924], ""cycle_hz"": 59.52380953436874, ""cycles"": 1, ""dropped_frame_rate"": 0.006005147269087789, ""dropped_frames"": 21, ""epsilonPixels"": 8, ""frame_count"": 4, ""gamma"": 4.4, ""height"": 230, ""insert_inversion"": false, ""inversion_alpha"": null, ""inversion_flicker_warn"": false, ""long_frame_intervals"": 1, ""max_frame_interval_ms"": 91.70000000018626, ""mean_frame_interval_ms"": 4.191800920598443, ""mode"": ""temporal"", ""n"": 4, ""noise_residual"": 0, ""observed_effective_cycle_hz"": 59.640236913805715, ""observed_full_cycle_hz"": 59.640236913805715, ""observed_refresh_hz"": 238.56094765522286, ""per_cycle_slots"": 4, ""permutation"": [2, 3, 1, 0], ""refresh_hz"": 238.09523813747495, ""rendered_frames"": 3477, ""safe_flicker_hz"": 50, ""timing_intervals"": 3476, ""width"": 900}"
P041,51,n2_mask_noise,层数 2，遮罩 + 噪声,2,2,mask+noise,udenus nibo safipo erogura pasuga sowof utiv gozid radana waguv wovi witizuv lenu zadak viwesur lakulab fipufa poki utopu vefi wefus uden vosak giwurif omosof ukopowe lid,5,5,5,,0,21660,2026-07-13T04:57:52.139Z,2026-07-13T04:58:13.799Z,"{""anti_ocr"": {""profile"": ""off""}, ""completeness_ok"": true, ""counts"": [103432, 103568], ""cycle_hz"": 119.04761904770155, ""cycles"": 1, ""dropped_frame_rate"": 0.0030680728667305847, ""dropped_frames"": 16, ""epsilonPixels"": 8, ""frame_count"": 2, ""gamma"": 2.2, ""height"": 230, ""insert_inversion"": false, ""inversion_alpha"": null, ""inversion_flicker_warn"": false, ""long_frame_intervals"": 1, ""max_frame_interval_ms"": 70.80000000001746, ""mean_frame_interval_ms"": 4.179457587997698, ""mode"": ""temporal"", ""n"": 2, ""noise_residual"": 0, ""observed_effective_cycle_hz"": 119.63274886096904, ""observed_full_cycle_hz"": 119.63274886096904, ""observed_refresh_hz"": 239.2654977219381, ""per_cycle_slots"": 2, ""permutation"": [0, 1], ""refresh_hz"": 238.0952380954031, ""rendered_frames"": 5200, ""safe_flicker_hz"": 50, ""timing_intervals"": 5199, ""width"": 900}"
P041,51,n3_mask_noise,层数 3，遮罩 + 噪声,3,3,mask+noise,mituwan vowatu sigalu orukewa rume arekar rola ewipuw itapike etazoto zuvewi ubewo senipa kiwemib anikog uvefe iwozu ogogit esebu evir deker onopi tofif gevi vatolu wumak,4,5,4,,1,14314,2026-07-13T04:58:13.861Z,2026-07-13T04:58:28.176Z,"{""anti_ocr"": {""profile"": ""off""}, ""completeness_ok"": true, ""counts"": [68776, 69075, 69149], ""cycle_hz"": 79.36507936513436, ""cycles"": 1, ""dropped_frame_rate"": 0.004057971014492754, ""dropped_frames"": 14, ""epsilonPixels"": 8, ""frame_count"": 3, ""gamma"": 3.3000000000000003, ""height"": 230, ""insert_inversion"": false, ""inversion_alpha"": null, ""inversion_flicker_warn"": false, ""long_frame_intervals"": 1, ""max_frame_interval_ms"": 62.59999999997672, ""mean_frame_interval_ms"": 4.183643771827707, ""mode"": ""temporal"", ""n"": 3, ""noise_residual"": 0, ""observed_effective_cycle_hz"": 79.67536231884058, ""observed_full_cycle_hz"": 79.67536231884058, ""observed_refresh_hz"": 239.02608695652174, ""per_cycle_slots"": 3, ""permutation"": [1, 0, 2], ""refresh_hz"": 238.0952380954031, ""rendered_frames"": 3437, ""safe_flicker_hz"": 50, ""timing_intervals"": 3436, ""width"": 900}"
P041,51,control_anchor,未遮罩原文（量表锚点）,1,1,none,ubigev gamigig avotig avudu uruvep doti elis vatezom emoluke rodod vali sekazo inob akaworu pafuwu atudape dinavit opuv gipatu sevud rulo sewedi kenes ugos opoka omigu no,5,5,5,,2,10422,2026-07-13T04:58:28.177Z,2026-07-13T04:58:38.599Z,"{""anti_ocr"": {""profile"": ""off""}, ""cycle_hz"": 238.0952380954031, ""cycles"": 1, ""dropped_frame_rate"": 0, ""dropped_frames"": 0, ""frame_count"": 1, ""height"": 230, ""insert_inversion"": false, ""long_frame_intervals"": 0, ""max_frame_interval_ms"": 4.599999999976717, ""mean_frame_interval_ms"": 4.166680000000005, ""mode"": ""source_control"", ""n"": 1, ""observed_effective_cycle_hz"": 239.99923200245732, ""observed_full_cycle_hz"": 239.99923200245732, ""observed_refresh_hz"": 239.99923200245732, ""per_cycle_slots"": 1, ""refresh_hz"": 238.0952380954031, ""rendered_frames"": 2501, ""safe_flicker_hz"": 50, ""timing_intervals"": 2500, ""width"": 900}"
P041,51,n4_mask_noise,层数 4，遮罩 + 噪声,4,4,mask+noise,iwatedo otozap omomu etepuro asowu peled wadog odagovo ponove aluse ivozani ukun opezer ekag sovuvi iwunug tenaf ofudi evadebu ivazep toda wotagi muwa nuko even bofa base,4,4,4,,3,10590,2026-07-13T04:58:38.650Z,2026-07-13T04:58:49.239Z,"{""anti_ocr"": {""profile"": ""off""}, ""completeness_ok"": true, ""counts"": [51745, 51821, 51310, 52124], ""cycle_hz"": 59.52380952385077, ""cycles"": 1, ""dropped_frame_rate"": 0.004308656482569526, ""dropped_frames"": 11, ""epsilonPixels"": 8, ""frame_count"": 4, ""gamma"": 4.4, ""height"": 230, ""insert_inversion"": false, ""inversion_alpha"": null, ""inversion_flicker_warn"": false, ""long_frame_intervals"": 1, ""max_frame_interval_ms"": 50, ""mean_frame_interval_ms"": 4.184697088906373, ""mode"": ""temporal"", ""n"": 4, ""noise_residual"": 0, ""observed_effective_cycle_hz"": 59.74148061104583, ""observed_full_cycle_hz"": 59.74148061104583, ""observed_refresh_hz"": 238.96592244418332, ""per_cycle_slots"": 4, ""permutation"": [2, 3, 0, 1], ""refresh_hz"": 238.0952380954031, ""rendered_frames"": 2543, ""safe_flicker_hz"": 50, ""timing_intervals"": 2542, ""width"": 900}"
P041,51,deployed_full,实际部署完整配置,4,4,mask+noise+anti-ocr+inversion,uvuro asowa oborag anunoz awukedu zudupun irigok pazi elapetu uzoma utesigo merik disol inok ifosak doze amob atowuv vazizo defel alapeto eputizu romufer awolero unevilu,3,1,3,,4,10632,2026-07-13T04:58:49.575Z,2026-07-13T04:59:00.207Z,"{""anti_ocr"": {""glyph_alpha"": 0.12, ""profile"": ""strong"", ""salient_pixels"": 25407, ""stripe_alpha"": 0.1, ""stripe_width"": 10}, ""completeness_ok"": true, ""counts"": [51705, 51830, 51498, 51967], ""cycle_hz"": 59.52380952385077, ""cycles"": 6, ""dropped_frame_rate"": 0.029657794676806085, ""dropped_frames"": 78, ""epsilonPixels"": 8, ""frame_count"": 30, ""gamma"": 4.4, ""height"": 230, ""insert_inversion"": true, ""inversion_alpha"": 0.2, ""inversion_flicker_warn"": true, ""long_frame_intervals"": 1, ""max_frame_interval_ms"": 333.3999999999651, ""mean_frame_interval_ms"": 4.295650470219436, ""mode"": ""temporal"", ""n"": 4, ""noise_residual"": 0, ""observed_effective_cycle_hz"": 58.19840364880273, ""observed_full_cycle_hz"": 46.55872291904218, ""observed_refresh_hz"": 232.79361459521093, ""per_cycle_slots"": 5, ""permutation"": [1, 2, 0, 3], ""refresh_hz"": 238.0952380954031, ""rendered_frames"": 2553, ""safe_flicker_hz"": 50, ""timing_intervals"": 2552, ""width"": 900}"
P041,51,n4_mask_only,层数 4，仅遮罩,4,4,mask-only,edimiwa iwut vivi umuku muwu kufadi vazora ubitora olod umuko lotutal uluva wesezo puwa vetar zanipam ikibulo aloluti utafuli ikip ruratad idago egopa okaguf zibon nifu u,3,4,4,,5,10476,2026-07-13T04:59:00.259Z,2026-07-13T04:59:10.735Z,"{""anti_ocr"": {""profile"": ""off""}, ""completeness_ok"": true, ""counts"": [51734, 51884, 51856, 51526], ""cycle_hz"": 59.52380952385077, ""cycles"": 1, ""dropped_frame_rate"": 0.00435471100554236, ""dropped_frames"": 11, ""epsilonPixels"": 8, ""frame_count"": 4, ""gamma"": 4.4, ""height"": 230, ""insert_inversion"": false, ""inversion_alpha"": null, ""inversion_flicker_warn"": false, ""long_frame_intervals"": 1, ""max_frame_interval_ms"": 49.90000000002328, ""mean_frame_interval_ms"": 4.184850894632216, ""mode"": ""temporal"", ""n"": 4, ""noise_residual"": 0, ""observed_effective_cycle_hz"": 59.73928493382346, ""observed_full_cycle_hz"": 59.73928493382346, ""observed_refresh_hz"": 238.95713973529385, ""per_cycle_slots"": 4, ""permutation"": [2, 1, 0, 3], ""refresh_hz"": 238.0952380954031, ""rendered_frames"": 2516, ""safe_flicker_hz"": 50, ""timing_intervals"": 2515, ""width"": 900}"
P042,52,n2_mask_noise,层数 2，遮罩 + 噪声,2,2,mask+noise,okunamo menarep uzus ululeru ipilamu otanut udorag ukomi mideze etum powumud uwin anokin wewetud ogepow itigi uvoweg babigef waguwa mudufi erodipi wove ometek igewem mesu,5,5,5,,0,11338,2026-07-13T05:03:18.494Z,2026-07-13T05:03:29.832Z,"{""anti_ocr"": {""profile"": ""off""}, ""completeness_ok"": true, ""counts"": [103408, 103592], ""cycle_hz"": 119.04761904759843, ""cycles"": 1, ""dropped_frame_rate"": 0.006206644760861628, ""dropped_frames"": 17, ""epsilonPixels"": 8, ""frame_count"": 2, ""gamma"": 2.2, ""height"": 230, ""insert_inversion"": false, ""inversion_alpha"": null, ""inversion_flicker_warn"": false, ""long_frame_intervals"": 1, ""max_frame_interval_ms"": 74.89999999999418, ""mean_frame_interval_ms"": 4.192615723732545, ""mode"": ""temporal"", ""n"": 2, ""noise_residual"": 0, ""observed_effective_cycle_hz"": 119.2572925702971, ""observed_full_cycle_hz"": 119.2572925702971, ""observed_refresh_hz"": 238.5145851405942, ""per_cycle_slots"": 2, ""permutation"": [1, 0], ""refresh_hz"": 238.09523809519686, ""rendered_frames"": 2723, ""safe_flicker_hz"": 50, ""timing_intervals"": 2722, ""width"": 900}"
P042,52,n3_mask_noise,层数 3，遮罩 + 噪声,3,3,mask+noise,waduzi fakega usim paguwi nezamo dodog damam lonibo ewozifi bedorot uvikup vafibu nagawat ugatini evefus oded ragiz ikekon tibokan lemad uwat izanuwu ifilep zarod ilewe z,5,5,5,,1,10756,2026-07-13T05:03:29.892Z,2026-07-13T05:03:40.648Z,"{""anti_ocr"": {""profile"": ""off""}, ""completeness_ok"": true, ""counts"": [69070, 69004, 68926], ""cycle_hz"": 79.36507936506563, ""cycles"": 1, ""dropped_frame_rate"": 0.004626060138781804, ""dropped_frames"": 12, ""epsilonPixels"": 8, ""frame_count"": 3, ""gamma"": 3.3000000000000003, ""height"": 230, ""insert_inversion"": false, ""inversion_alpha"": null, ""inversion_flicker_warn"": false, ""long_frame_intervals"": 1, ""max_frame_interval_ms"": 54.20000000001164, ""mean_frame_interval_ms"": 4.1859798605732035, ""mode"": ""temporal"", ""n"": 3, ""noise_residual"": 0, ""observed_effective_cycle_hz"": 79.6308975284197, ""observed_full_cycle_hz"": 79.6308975284197, ""observed_refresh_hz"": 238.89269258525908, ""per_cycle_slots"": 3, ""permutation"": [1, 2, 0], ""refresh_hz"": 238.09523809519686, ""rendered_frames"": 2583, ""safe_flicker_hz"": 50, ""timing_intervals"": 2582, ""width"": 900}"
P042,52,control_anchor,未遮罩原文（量表锚点）,1,1,none,zeka ebibe sigom nogafu teseg vuzo sotala eduwov wobad unado gapozeb ziwuz zevuk ovago abufag ladubag amivup fuboneb tiwadup opulib zepew aneku ufim ebasano nutike ofado,5,5,5,,2,10670,2026-07-13T05:03:40.649Z,2026-07-13T05:03:51.320Z,"{""anti_ocr"": {""profile"": ""off""}, ""cycle_hz"": 238.09523809519686, ""cycles"": 1, ""dropped_frame_rate"": 0, ""dropped_frames"": 0, ""frame_count"": 1, ""height"": 230, ""insert_inversion"": false, ""long_frame_intervals"": 0, ""max_frame_interval_ms"": 4.5, ""mean_frame_interval_ms"": 4.166653650917617, ""mode"": ""source_control"", ""n"": 1, ""observed_effective_cycle_hz"": 240.0007497094872, ""observed_full_cycle_hz"": 240.0007497094872, ""observed_refresh_hz"": 240.0007497094872, ""per_cycle_slots"": 1, ""refresh_hz"": 238.09523809519686, ""rendered_frames"": 2562, ""safe_flicker_hz"": 50, ""timing_intervals"": 2561, ""width"": 900}"
P042,52,n4_mask_noise,层数 4，遮罩 + 噪声,4,4,mask+noise,utesuz wudo bivitad lavige isadam ewezoz afew wowunu mepip zoles barem dubap irudepo otov baduvo egol tuvo akira kofibul sozap kogodi ivozuk ovat ufiv belika gibi asodig,5,5,5,,3,10526,2026-07-13T05:03:51.377Z,2026-07-13T05:04:01.904Z,"{""anti_ocr"": {""profile"": ""off""}, ""completeness_ok"": true, ""counts"": [51666, 51809, 51569, 51956], ""cycle_hz"": 59.523809523799216, ""cycles"": 1, ""dropped_frame_rate"": 0.004726270185112249, ""dropped_frames"": 12, ""epsilonPixels"": 8, ""frame_count"": 4, ""gamma"": 4.4, ""height"": 230, ""insert_inversion"": false, ""inversion_alpha"": null, ""inversion_flicker_warn"": false, ""long_frame_intervals"": 1, ""max_frame_interval_ms"": 54.20000000001164, ""mean_frame_interval_ms"": 4.186426592797786, ""mode"": ""temporal"", ""n"": 4, ""noise_residual"": 0, ""observed_effective_cycle_hz"": 59.71680010586909, ""observed_full_cycle_hz"": 59.71680010586909, ""observed_refresh_hz"": 238.86720042347636, ""per_cycle_slots"": 4, ""permutation"": [1, 3, 2, 0], ""refresh_hz"": 238.09523809519686, ""rendered_frames"": 2528, ""safe_flicker_hz"": 50, ""timing_intervals"": 2527, ""width"": 900}"
P042,52,deployed_full,实际部署完整配置,4,4,mask+noise+anti-ocr+inversion,usimeb uzavaga upir unabe ubifiv ukawo kasu komiba ugeme ofozi ladi veza irona pame kodimi bofakuk amugepa osatin loro damib tirib ozuw lotudug ubozap mepafu utuw iwevado,4,3,4,,4,12953,2026-07-13T05:04:02.255Z,2026-07-13T05:04:15.208Z,"{""anti_ocr"": {""glyph_alpha"": 0.12, ""profile"": ""strong"", ""salient_pixels"": 25755, ""stripe_alpha"": 0.1, ""stripe_width"": 10}, ""completeness_ok"": true, ""counts"": [51711, 51748, 51869, 51672], ""cycle_hz"": 59.523809523799216, ""cycles"": 6, ""dropped_frame_rate"": 0.02569727358194923, ""dropped_frames"": 82, ""epsilonPixels"": 8, ""frame_count"": 30, ""gamma"": 4.4, ""height"": 230, ""insert_inversion"": true, ""inversion_alpha"": 0.2, ""inversion_flicker_warn"": true, ""long_frame_intervals"": 1, ""max_frame_interval_ms"": 350, ""mean_frame_interval_ms"": 4.277838533290443, ""mode"": ""temporal"", ""n"": 4, ""noise_residual"": 0, ""observed_effective_cycle_hz"": 58.44072843200655, ""observed_full_cycle_hz"": 46.75258274560524, ""observed_refresh_hz"": 233.7629137280262, ""per_cycle_slots"": 5, ""permutation"": [2, 0, 1, 3], ""refresh_hz"": 238.09523809519686, ""rendered_frames"": 3110, ""safe_flicker_hz"": 50, ""timing_intervals"": 3109, ""width"": 900}"
P042,52,n4_mask_only,层数 4，仅遮罩,4,4,mask-only,rolugo amafe towud napuz sogat tisup umukimo arutuko ironeli ituzef dimibel wopor kavoz ezeziva difipo evuzek lafi urev faso weneze ekenite zulitu kikis iwele zose nidab,5,5,5,,5,10787,2026-07-13T05:04:15.261Z,2026-07-13T05:04:26.048Z,"{""anti_ocr"": {""profile"": ""off""}, ""completeness_ok"": true, ""counts"": [51770, 51481, 51872, 51877], ""cycle_hz"": 59.523809523799216, ""cycles"": 1, ""dropped_frame_rate"": 0.004229142637447136, ""dropped_frames"": 11, ""epsilonPixels"": 8, ""frame_count"": 4, ""gamma"": 4.4, ""height"": 230, ""insert_inversion"": false, ""inversion_alpha"": null, ""inversion_flicker_warn"": false, ""long_frame_intervals"": 1, ""max_frame_interval_ms"": 50, ""mean_frame_interval_ms"": 4.18428571428571, ""mode"": ""temporal"", ""n"": 4, ""noise_residual"": 0, ""observed_effective_cycle_hz"": 59.74735404574947, ""observed_full_cycle_hz"": 59.74735404574947, ""observed_refresh_hz"": 238.98941618299787, ""per_cycle_slots"": 4, ""permutation"": [2, 3, 0, 1], ""refresh_hz"": 238.09523809519686, ""rendered_frames"": 2591, ""safe_flicker_hz"": 50, ""timing_intervals"": 2590, ""width"": 900}"
P043,53,n3_mask_noise,层数 3，遮罩 + 噪声,3,3,mask+noise,omez izozal udikuwu nugapiv wararip nitolek opefi efenisa eniv lema lofur vugat gipus nikin ewutuf tepave okolot abesi kiki omone ilew fifegik ofuvi igewol femuda etapazo,5,4,2,,0,13846,2026-07-13T05:08:17.306Z,2026-07-13T05:08:31.152Z,"{""anti_ocr"": {""profile"": ""off""}, ""completeness_ok"": true, ""counts"": [69113, 69024, 68863], ""cycle_hz"": 79.36507936509999, ""cycles"": 1, ""dropped_frame_rate"": 0.005980861244019139, ""dropped_frames"": 20, ""epsilonPixels"": 8, ""frame_count"": 3, ""gamma"": 3.3000000000000003, ""height"": 230, ""insert_inversion"": false, ""inversion_alpha"": null, ""inversion_flicker_warn"": false, ""long_frame_intervals"": 1, ""max_frame_interval_ms"": 87.5, ""mean_frame_interval_ms"": 4.191726835138393, ""mode"": ""temporal"", ""n"": 3, ""noise_residual"": 0, ""observed_effective_cycle_hz"": 79.52172134383086, ""observed_full_cycle_hz"": 79.52172134383086, ""observed_refresh_hz"": 238.56516403149257, ""per_cycle_slots"": 3, ""permutation"": [1, 0, 2], ""refresh_hz"": 238.09523809529998, ""rendered_frames"": 3325, ""safe_flicker_hz"": 50, ""timing_intervals"": 3324, ""width"": 900}"
P043,53,n4_mask_noise,层数 4，遮罩 + 噪声,4,4,mask+noise,mafu unal usomo ewovumu fozek zalukit mirafu osasaz depos mikefov domeket kobel umazaw weworuw vipa igabon okuzami tazip anib vowotut gore anedo sozanan alelip mepov pawu,4,3,2,,1,10628,2026-07-13T05:08:31.220Z,2026-07-13T05:08:41.848Z,"{""anti_ocr"": {""profile"": ""off""}, ""completeness_ok"": true, ""counts"": [51819, 51921, 51775, 51485], ""cycle_hz"": 59.523809523824994, ""cycles"": 1, ""dropped_frame_rate"": 0.005845674201091193, ""dropped_frames"": 15, ""epsilonPixels"": 8, ""frame_count"": 4, ""gamma"": 4.4, ""height"": 230, ""insert_inversion"": false, ""inversion_alpha"": null, ""inversion_flicker_warn"": false, ""long_frame_intervals"": 1, ""max_frame_interval_ms"": 66.60000000000582, ""mean_frame_interval_ms"": 4.191140729125835, ""mode"": ""temporal"", ""n"": 4, ""noise_residual"": 0, ""observed_effective_cycle_hz"": 59.64963148640051, ""observed_full_cycle_hz"": 59.64963148640051, ""observed_refresh_hz"": 238.59852594560203, ""per_cycle_slots"": 4, ""permutation"": [2, 3, 0, 1], ""refresh_hz"": 238.09523809529998, ""rendered_frames"": 2552, ""safe_flicker_hz"": 50, ""timing_intervals"": 2551, ""width"": 900}"
P043,53,n2_mask_noise,层数 2，遮罩 + 噪声,2,2,mask+noise,enufi roma rudaved abipugo pogale ogoli mibesef ozoko gifimev epofiv awirawu umeko wubabin pimuke obud udabiv eposeb abupe imonogo momuz pisovu nebu mimo badekin porogab,5,5,5,,2,10667,2026-07-13T05:08:41.885Z,2026-07-13T05:08:52.552Z,"{""anti_ocr"": {""profile"": ""off""}, ""completeness_ok"": true, ""counts"": [103180, 103820], ""cycle_hz"": 119.04761904764999, ""cycles"": 1, ""dropped_frame_rate"": 0.0027258566978193145, ""dropped_frames"": 7, ""epsilonPixels"": 8, ""frame_count"": 2, ""gamma"": 2.2, ""height"": 230, ""insert_inversion"": false, ""inversion_alpha"": null, ""inversion_flicker_warn"": false, ""long_frame_intervals"": 1, ""max_frame_interval_ms"": 33.29999999998836, ""mean_frame_interval_ms"": 4.178016399843809, ""mode"": ""temporal"", ""n"": 2, ""noise_residual"": 0, ""observed_effective_cycle_hz"": 119.67401564500608, ""observed_full_cycle_hz"": 119.67401564500608, ""observed_refresh_hz"": 239.34803129001216, ""per_cycle_slots"": 2, ""permutation"": [1, 0], ""refresh_hz"": 238.09523809529998, ""rendered_frames"": 2562, ""safe_flicker_hz"": 50, ""timing_intervals"": 2561, ""width"": 900}"
P043,53,n4_mask_only,层数 4，仅遮罩,4,4,mask-only,nobupi vasip wuzi ozon sowube sewu umefeva mogilal lovos afozan miwik ofezoba emiri luwoz agakugo toke edib adifive gakogo afutu domusa ibapave mefera epev letasu siwit e,4,3,3,,3,10645,2026-07-13T05:08:52.571Z,2026-07-13T05:09:03.216Z,"{""anti_ocr"": {""profile"": ""off""}, ""completeness_ok"": true, ""counts"": [51625, 51997, 51894, 51484], ""cycle_hz"": 59.523809523824994, ""cycles"": 1, ""dropped_frame_rate"": 0.0011727912431587178, ""dropped_frames"": 3, ""epsilonPixels"": 8, ""frame_count"": 4, ""gamma"": 4.4, ""height"": 230, ""insert_inversion"": false, ""inversion_alpha"": null, ""inversion_flicker_warn"": false, ""long_frame_intervals"": 1, ""max_frame_interval_ms"": 16.699999999982538, ""mean_frame_interval_ms"": 4.171506849315062, ""mode"": ""temporal"", ""n"": 4, ""noise_residual"": 0, ""observed_effective_cycle_hz"": 59.93038224090381, ""observed_full_cycle_hz"": 59.93038224090381, ""observed_refresh_hz"": 239.72152896361524, ""per_cycle_slots"": 4, ""permutation"": [3, 2, 0, 1], ""refresh_hz"": 238.09523809529998, ""rendered_frames"": 2556, ""safe_flicker_hz"": 50, ""timing_intervals"": 2555, ""width"": 900}"
P043,53,control_anchor,未遮罩原文（量表锚点）,1,1,none,kosi guwu opiz puraze fipus ikor ewimok utavaf pukon bavan basuf afelusi dimir uwabafo ugopu owat fime mawosen duzenu ubuvet odusem surukal bomoz vapo pitoros inuzete ret,5,5,5,,4,10638,2026-07-13T05:09:03.218Z,2026-07-13T05:09:13.856Z,"{""anti_ocr"": {""profile"": ""off""}, ""cycle_hz"": 238.09523809529998, ""cycles"": 1, ""dropped_frame_rate"": 0, ""dropped_frames"": 0, ""frame_count"": 1, ""height"": 230, ""insert_inversion"": false, ""long_frame_intervals"": 0, ""max_frame_interval_ms"": 4.399999999994179, ""mean_frame_interval_ms"": 4.166666666666667, ""mode"": ""source_control"", ""n"": 1, ""observed_effective_cycle_hz"": 239.99999999999997, ""observed_full_cycle_hz"": 239.99999999999997, ""observed_refresh_hz"": 239.99999999999997, ""per_cycle_slots"": 1, ""refresh_hz"": 238.09523809529998, ""rendered_frames"": 2554, ""safe_flicker_hz"": 50, ""timing_intervals"": 2553, ""width"": 900}"
P043,53,deployed_full,实际部署完整配置,4,4,mask+noise+anti-ocr+inversion,benupen toba tifiru kitavo okidid osez itonu wane amudo tolono zugef obebe wevefig elen omeseku ifuz owiw vasozed abazi awum wafezef nidor lugov ubofi berikol rogo komomo,3,1,3,,5,10746,2026-07-13T05:09:14.198Z,2026-07-13T05:09:24.944Z,"{""anti_ocr"": {""glyph_alpha"": 0.12, ""profile"": ""strong"", ""salient_pixels"": 25570, ""stripe_alpha"": 0.1, ""stripe_width"": 10}, ""completeness_ok"": true, ""counts"": [51655, 51544, 52105, 51696], ""cycle_hz"": 59.523809523824994, ""cycles"": 6, ""dropped_frame_rate"": 0.03008649868371568, ""dropped_frames"": 80, ""epsilonPixels"": 8, ""frame_count"": 30, ""gamma"": 4.4, ""height"": 230, ""insert_inversion"": true, ""inversion_alpha"": 0.2, ""inversion_flicker_warn"": true, ""long_frame_intervals"": 1, ""max_frame_interval_ms"": 341.5999999999767, ""mean_frame_interval_ms"": 4.297518417991465, ""mode"": ""temporal"", ""n"": 4, ""noise_residual"": 0, ""observed_effective_cycle_hz"": 58.17310728754078, ""observed_full_cycle_hz"": 46.53848583003263, ""observed_refresh_hz"": 232.69242915016312, ""per_cycle_slots"": 5, ""permutation"": [3, 1, 2, 0], ""refresh_hz"": 238.09523809529998, ""rendered_frames"": 2580, ""safe_flicker_hz"": 50, ""timing_intervals"": 2579, ""width"": 900}"
P044,54,n3_mask_noise,层数 3，遮罩 + 噪声,3,3,mask+noise,asori odof luboge abebav asid ubebo kata isezulo zolip guropoz lire uzun denubal ezof serub erobozu sukez ruzaz guzeniz gedezuz owofur awafu lomani zokape tidese ikarot d,4,4,4,,0,11616,2026-07-13T05:12:58.521Z,2026-07-13T05:13:10.137Z,"{""anti_ocr"": {""profile"": ""off""}, ""completeness_ok"": true, ""counts"": [69243, 68895, 68862], ""cycle_hz"": 79.36507936513436, ""cycles"": 1, ""dropped_frame_rate"": 0.004284184219921457, ""dropped_frames"": 12, ""epsilonPixels"": 8, ""frame_count"": 3, ""gamma"": 3.3000000000000003, ""height"": 230, ""insert_inversion"": false, ""inversion_alpha"": null, ""inversion_flicker_warn"": false, ""long_frame_intervals"": 1, ""max_frame_interval_ms"": 54.30000000001746, ""mean_frame_interval_ms"": 4.184582287558271, ""mode"": ""temporal"", ""n"": 3, ""noise_residual"": 0, ""observed_effective_cycle_hz"": 79.65749277398852, ""observed_full_cycle_hz"": 79.65749277398852, ""observed_refresh_hz"": 238.97247832196555, ""per_cycle_slots"": 3, ""permutation"": [0, 2, 1], ""refresh_hz"": 238.0952380954031, ""rendered_frames"": 2790, ""safe_flicker_hz"": 50, ""timing_intervals"": 2789, ""width"": 900}"
P044,54,n4_mask_noise,层数 4，遮罩 + 噪声,4,4,mask+noise,rageze nifir reweb uruwop otepug wazepim afuwu ukef gefe akulu iwuk woku kovet evag vemewa wolav wosowa gimeni muso otege uzokuru oriso eramiru uzopol eletomu zowoven fut,5,5,5,,1,10830,2026-07-13T05:13:10.243Z,2026-07-13T05:13:21.073Z,"{""anti_ocr"": {""profile"": ""off""}, ""completeness_ok"": true, ""counts"": [51693, 52238, 51535, 51534], ""cycle_hz"": 59.52380952385077, ""cycles"": 1, ""dropped_frame_rate"": 0.009149828440716736, ""dropped_frames"": 24, ""epsilonPixels"": 8, ""frame_count"": 4, ""gamma"": 4.4, ""height"": 230, ""insert_inversion"": false, ""inversion_alpha"": null, ""inversion_flicker_warn"": false, ""long_frame_intervals"": 1, ""max_frame_interval_ms"": 104.10000000000582, ""mean_frame_interval_ms"": 4.205078876490958, ""mode"": ""temporal"", ""n"": 4, ""noise_residual"": 0, ""observed_effective_cycle_hz"": 59.451916918290785, ""observed_full_cycle_hz"": 59.451916918290785, ""observed_refresh_hz"": 237.80766767316314, ""per_cycle_slots"": 4, ""permutation"": [0, 2, 3, 1], ""refresh_hz"": 238.0952380954031, ""rendered_frames"": 2600, ""safe_flicker_hz"": 50, ""timing_intervals"": 2599, ""width"": 900}"
P044,54,n2_mask_noise,层数 2，遮罩 + 噪声,2,2,mask+noise,odufo ralar wulopi zula magim ekor efepo dogape nuwipim rofabeg imisi unafobe denazo ulaso ofuvifi erorele arovo olapar ogize onif wunipe daluva vofu linu ilovo bubevo zi,5,5,5,,2,10806,2026-07-13T05:13:21.115Z,2026-07-13T05:13:31.921Z,"{""anti_ocr"": {""profile"": ""off""}, ""completeness_ok"": true, ""counts"": [103734, 103266], ""cycle_hz"": 119.04761904770155, ""cycles"": 1, ""dropped_frame_rate"": 0.0034575489819439107, ""dropped_frames"": 9, ""epsilonPixels"": 8, ""frame_count"": 2, ""gamma"": 2.2, ""height"": 230, ""insert_inversion"": false, ""inversion_alpha"": null, ""inversion_flicker_warn"": false, ""long_frame_intervals"": 1, ""max_frame_interval_ms"": 41.70000000001164, ""mean_frame_interval_ms"": 4.181110254433303, ""mode"": ""temporal"", ""n"": 2, ""noise_residual"": 0, ""observed_effective_cycle_hz"": 119.58546165335903, ""observed_full_cycle_hz"": 119.58546165335903, ""observed_refresh_hz"": 239.17092330671807, ""per_cycle_slots"": 2, ""permutation"": [0, 1], ""refresh_hz"": 238.0952380954031, ""rendered_frames"": 2595, ""safe_flicker_hz"": 50, ""timing_intervals"": 2594, ""width"": 900}"
P044,54,n4_mask_only,层数 4，仅遮罩,4,4,mask-only,ebuma wudug ufusi pakid erutabi animafi isorelu vitas libabun ezul enosuso kopirid lusiwos meso usuz dimukuk ones owovog fagu fazi asaweg voni ugotinu gamini wupilol owor,4,4,4,,3,10565,2026-07-13T05:13:31.940Z,2026-07-13T05:13:42.505Z,"{""anti_ocr"": {""profile"": ""off""}, ""completeness_ok"": true, ""counts"": [51575, 51862, 51691, 51872], ""cycle_hz"": 59.52380952385077, ""cycles"": 1, ""dropped_frame_rate"": 0.0011815675462780622, ""dropped_frames"": 3, ""epsilonPixels"": 8, ""frame_count"": 4, ""gamma"": 4.4, ""height"": 230, ""insert_inversion"": false, ""inversion_alpha"": null, ""inversion_flicker_warn"": false, ""long_frame_intervals"": 1, ""max_frame_interval_ms"": 16.60000000000582, ""mean_frame_interval_ms"": 4.171529968454259, ""mode"": ""temporal"", ""n"": 4, ""noise_residual"": 0, ""observed_effective_cycle_hz"": 59.930050099253236, ""observed_full_cycle_hz"": 59.930050099253236, ""observed_refresh_hz"": 239.72020039701295, ""per_cycle_slots"": 4, ""permutation"": [0, 3, 1, 2], ""refresh_hz"": 238.0952380954031, ""rendered_frames"": 2537, ""safe_flicker_hz"": 50, ""timing_intervals"": 2536, ""width"": 900}"
P044,54,control_anchor,未遮罩原文（量表锚点）,1,1,none,rogufa opivav tatow tawevu ewadesi filana iguku uvapa defut kotu adepuso ugabig elerofo ebigomu ekumate fidada tuwikor ineb ididoge ulet gefinav fugagew mukepu dobeno ove,5,5,5,,4,10582,2026-07-13T05:13:42.506Z,2026-07-13T05:13:53.088Z,"{""anti_ocr"": {""profile"": ""off""}, ""cycle_hz"": 238.0952380954031, ""cycles"": 1, ""dropped_frame_rate"": 0, ""dropped_frames"": 0, ""frame_count"": 1, ""height"": 230, ""insert_inversion"": false, ""long_frame_intervals"": 0, ""max_frame_interval_ms"": 4.400000000023283, ""mean_frame_interval_ms"": 4.166640409610074, ""mode"": ""source_control"", ""n"": 1, ""observed_effective_cycle_hz"": 240.00151241599053, ""observed_full_cycle_hz"": 240.00151241599053, ""observed_refresh_hz"": 240.00151241599053, ""per_cycle_slots"": 1, ""refresh_hz"": 238.0952380954031, ""rendered_frames"": 2540, ""safe_flicker_hz"": 50, ""timing_intervals"": 2539, ""width"": 900}"
P044,54,deployed_full,实际部署完整配置,4,4,mask+noise+anti-ocr+inversion,livoku itekive igovefa bitopot ogoz risa kuso elaw onugogo kolivud adik vegogu itikud mebeke novive fuleba imip rovebak emopu uzuz alifake vunak meduf omalote ninupuv kad,2,2,2,,5,10486,2026-07-13T05:13:53.451Z,2026-07-13T05:14:03.937Z,"{""anti_ocr"": {""glyph_alpha"": 0.12, ""profile"": ""strong"", ""salient_pixels"": 26046, ""stripe_alpha"": 0.1, ""stripe_width"": 10}, ""completeness_ok"": true, ""counts"": [51540, 52148, 51504, 51808], ""cycle_hz"": 59.52380952385077, ""cycles"": 6, ""dropped_frame_rate"": 0.03266717909300538, ""dropped_frames"": 85, ""epsilonPixels"": 8, ""frame_count"": 30, ""gamma"": 4.4, ""height"": 230, ""insert_inversion"": true, ""inversion_alpha"": 0.2, ""inversion_flicker_warn"": true, ""long_frame_intervals"": 1, ""max_frame_interval_ms"": 362.5, ""mean_frame_interval_ms"": 4.309018673023436, ""mode"": ""temporal"", ""n"": 4, ""noise_residual"": 0, ""observed_effective_cycle_hz"": 58.01785022773799, ""observed_full_cycle_hz"": 46.41428018219039, ""observed_refresh_hz"": 232.07140091095195, ""per_cycle_slots"": 5, ""permutation"": [1, 3, 0, 2], ""refresh_hz"": 238.0952380954031, ""rendered_frames"": 2518, ""safe_flicker_hz"": 50, ""timing_intervals"": 2517, ""width"": 900}"
P045,55,n4_mask_noise,层数 4，遮罩 + 噪声,4,4,mask+noise,asaker bekepo ubofe udeb nisodi omem vitided awimav olizuro zetov atar kira asaraf negubi dinapo gudawa idusibi lorusis isamo sikika duvuge bemobed megop segu sofap esege,5,3,4,,0,16215,2026-07-13T05:18:36.306Z,2026-07-13T05:18:52.521Z,"{""anti_ocr"": {""profile"": ""off""}, ""completeness_ok"": true, ""counts"": [52142, 51407, 51707, 51744], ""cycle_hz"": 59.52380952385077, ""cycles"": 1, ""dropped_frame_rate"": 0.0048568507157464216, ""dropped_frames"": 19, ""epsilonPixels"": 8, ""frame_count"": 4, ""gamma"": 4.4, ""height"": 230, ""insert_inversion"": false, ""inversion_alpha"": null, ""inversion_flicker_warn"": false, ""long_frame_intervals"": 1, ""max_frame_interval_ms"": 83.29999999998836, ""mean_frame_interval_ms"": 4.1869766247110185, ""mode"": ""temporal"", ""n"": 4, ""noise_residual"": 0, ""observed_effective_cycle_hz"": 59.70895526966425, ""observed_full_cycle_hz"": 59.70895526966425, ""observed_refresh_hz"": 238.835821078657, ""per_cycle_slots"": 4, ""permutation"": [3, 2, 1, 0], ""refresh_hz"": 238.0952380954031, ""rendered_frames"": 3894, ""safe_flicker_hz"": 50, ""timing_intervals"": 3893, ""width"": 900}"
P045,55,n4_mask_only,层数 4，仅遮罩,4,4,mask-only,suviv igazutu ereso regikiv okebi kawi zaduzov odet napida erudiv gobovin zibuz nowowod evane vovu aveki omazuka fika utef amebulo kumek odakiz ovik esomo uvebip defo wuk,4,4,4,,1,10791,2026-07-13T05:18:52.546Z,2026-07-13T05:19:03.337Z,"{""anti_ocr"": {""profile"": ""off""}, ""completeness_ok"": true, ""counts"": [51561, 51633, 51813, 51993], ""cycle_hz"": 59.52380952385077, ""cycles"": 1, ""dropped_frame_rate"": 0.0015420200462606013, ""dropped_frames"": 4, ""epsilonPixels"": 8, ""frame_count"": 4, ""gamma"": 4.4, ""height"": 230, ""insert_inversion"": false, ""inversion_alpha"": null, ""inversion_flicker_warn"": false, ""long_frame_intervals"": 1, ""max_frame_interval_ms"": 20.70000000001164, ""mean_frame_interval_ms"": 4.173050193050198, ""mode"": ""temporal"", ""n"": 4, ""noise_residual"": 0, ""observed_effective_cycle_hz"": 59.90821783460699, ""observed_full_cycle_hz"": 59.90821783460699, ""observed_refresh_hz"": 239.63287133842795, ""per_cycle_slots"": 4, ""permutation"": [1, 2, 3, 0], ""refresh_hz"": 238.0952380954031, ""rendered_frames"": 2591, ""safe_flicker_hz"": 50, ""timing_intervals"": 2590, ""width"": 900}"
P045,55,n3_mask_noise,层数 3，遮罩 + 噪声,3,3,mask+noise,omunafi emosed upisi egunam ginaber esede kisiv mumawuf emedo tubum pine ofoz wedot diluwo ibos ubabola aronafe zanezo nibopi gosumi atuz evil vimo foru imubat tokis uwav,3,4,4,,2,11035,2026-07-13T05:19:03.399Z,2026-07-13T05:19:14.433Z,"{""anti_ocr"": {""profile"": ""off""}, ""completeness_ok"": true, ""counts"": [69170, 69206, 68624], ""cycle_hz"": 79.36507936513436, ""cycles"": 1, ""dropped_frame_rate"": 0.005257228689447991, ""dropped_frames"": 14, ""epsilonPixels"": 8, ""frame_count"": 3, ""gamma"": 3.3000000000000003, ""height"": 230, ""insert_inversion"": false, ""inversion_alpha"": null, ""inversion_flicker_warn"": false, ""long_frame_intervals"": 1, ""max_frame_interval_ms"": 62.60000000000582, ""mean_frame_interval_ms"": 4.1886749716874245, ""mode"": ""temporal"", ""n"": 3, ""noise_residual"": 0, ""observed_effective_cycle_hz"": 79.57966077254466, ""observed_full_cycle_hz"": 79.57966077254466, ""observed_refresh_hz"": 238.73898231763397, ""per_cycle_slots"": 3, ""permutation"": [0, 2, 1], ""refresh_hz"": 238.0952380954031, ""rendered_frames"": 2650, ""safe_flicker_hz"": 50, ""timing_intervals"": 2649, ""width"": 900}"
P045,55,deployed_full,实际部署完整配置,4,4,mask+noise+anti-ocr+inversion,busabi iwitot kapefi amuv ivol reni usogor iduwa tokeze wadekef fizoro otepa rezilub ebupom ovevo usag idup okubiv nuzis bagumew seli ufut elek zusira labuwon rofoti ruzi,3,2,2,,3,10667,2026-07-13T05:19:14.823Z,2026-07-13T05:19:25.489Z,"{""anti_ocr"": {""glyph_alpha"": 0.12, ""profile"": ""strong"", ""salient_pixels"": 25302, ""stripe_alpha"": 0.1, ""stripe_width"": 10}, ""completeness_ok"": true, ""counts"": [51563, 51868, 51723, 51846], ""cycle_hz"": 59.52380952385077, ""cycles"": 6, ""dropped_frame_rate"": 0.033949453036589965, ""dropped_frames"": 90, ""epsilonPixels"": 8, ""frame_count"": 30, ""gamma"": 4.4, ""height"": 230, ""insert_inversion"": true, ""inversion_alpha"": 0.2, ""inversion_flicker_warn"": true, ""long_frame_intervals"": 1, ""max_frame_interval_ms"": 383.19999999998254, ""mean_frame_interval_ms"": 4.31468176493557, ""mode"": ""temporal"", ""n"": 4, ""noise_residual"": 0, ""observed_effective_cycle_hz"": 57.94170082987179, ""observed_full_cycle_hz"": 46.35336066389743, ""observed_refresh_hz"": 231.76680331948717, ""per_cycle_slots"": 5, ""permutation"": [0, 3, 2, 1], ""refresh_hz"": 238.0952380954031, ""rendered_frames"": 2562, ""safe_flicker_hz"": 50, ""timing_intervals"": 2561, ""width"": 900}"
P045,55,n2_mask_noise,层数 2，遮罩 + 噪声,2,2,mask+noise,edusipi okef lizibuz vazela kesiw fimu ikere gisune pirisiv asuvo sugemo purusi efewis ezelebo donupef zuke mogumef miwor ofowaze otomu puna govagok aduti tezuv asezo ewa,5,5,4,,4,11994,2026-07-13T05:19:25.519Z,2026-07-13T05:19:37.513Z,"{""anti_ocr"": {""profile"": ""off""}, ""completeness_ok"": true, ""counts"": [103740, 103260], ""cycle_hz"": 119.04761904770155, ""cycles"": 1, ""dropped_frame_rate"": 0.0020797227036395147, ""dropped_frames"": 6, ""epsilonPixels"": 8, ""frame_count"": 2, ""gamma"": 2.2, ""height"": 230, ""insert_inversion"": false, ""inversion_alpha"": null, ""inversion_flicker_warn"": false, ""long_frame_intervals"": 1, ""max_frame_interval_ms"": 29.199999999982538, ""mean_frame_interval_ms"": 4.175303924973953, ""mode"": ""temporal"", ""n"": 2, ""noise_residual"": 0, ""observed_effective_cycle_hz"": 119.75176154466867, ""observed_full_cycle_hz"": 119.75176154466867, ""observed_refresh_hz"": 239.50352308933734, ""per_cycle_slots"": 2, ""permutation"": [1, 0], ""refresh_hz"": 238.0952380954031, ""rendered_frames"": 2880, ""safe_flicker_hz"": 50, ""timing_intervals"": 2879, ""width"": 900}"
P045,55,control_anchor,未遮罩原文（量表锚点）,1,1,none,nadep ipobo epetuga suso sinevus evez iwim abepoze onupiz ukuva ubaduvu ipid vewur rigaf dobome taralu epum nimi kidezen wukozi inafes owowabu uvikopo fomevaf omawor vaba,5,5,5,,5,10775,2026-07-13T05:19:37.514Z,2026-07-13T05:19:48.289Z,"{""anti_ocr"": {""profile"": ""off""}, ""cycle_hz"": 238.0952380954031, ""cycles"": 1, ""dropped_frame_rate"": 0, ""dropped_frames"": 0, ""frame_count"": 1, ""height"": 230, ""insert_inversion"": false, ""long_frame_intervals"": 0, ""max_frame_interval_ms"": 4.599999999976717, ""mean_frame_interval_ms"": 4.166653771760172, ""mode"": ""source_control"", ""n"": 1, ""observed_effective_cycle_hz"": 240.0007427489127, ""observed_full_cycle_hz"": 240.0007427489127, ""observed_refresh_hz"": 240.0007427489127, ""per_cycle_slots"": 1, ""refresh_hz"": 238.0952380954031, ""rendered_frames"": 2586, ""safe_flicker_hz"": 50, ""timing_intervals"": 2585, ""width"": 900}"
P046,56,n4_mask_noise,层数 4，遮罩 + 噪声,4,4,mask+noise,agozav dewazo ikezero umot uwaz sinu vevet pawar gakutup usavek unin zenim zuto epedome enotovu egefedu roli nidikir sevofid uvow sezure dafumig ofes avudule guge zizewa,2,3,1,,0,13295,2026-07-13T05:24:53.355Z,2026-07-13T05:25:06.650Z,"{""anti_ocr"": {""profile"": ""off""}, ""completeness_ok"": true, ""counts"": [51649, 51923, 51630, 51798], ""cycle_hz"": 59.52380952385077, ""cycles"": 1, ""dropped_frame_rate"": 0.006228589224540642, ""dropped_frames"": 20, ""epsilonPixels"": 8, ""frame_count"": 4, ""gamma"": 4.4, ""height"": 230, ""insert_inversion"": false, ""inversion_alpha"": null, ""inversion_flicker_warn"": false, ""long_frame_intervals"": 1, ""max_frame_interval_ms"": 87.5, ""mean_frame_interval_ms"": 4.192729551864619, ""mode"": ""temporal"", ""n"": 4, ""noise_residual"": 0, ""observed_effective_cycle_hz"": 59.62702743104867, ""observed_full_cycle_hz"": 59.62702743104867, ""observed_refresh_hz"": 238.50810972419467, ""per_cycle_slots"": 4, ""permutation"": [1, 2, 0, 3], ""refresh_hz"": 238.0952380954031, ""rendered_frames"": 3192, ""safe_flicker_hz"": 50, ""timing_intervals"": 3191, ""width"": 900}"
P046,56,n4_mask_only,层数 4，仅遮罩,4,4,mask-only,funi mabu zewisob ugunut lego gusaz wuki opil lakobab ekulolo doza enosefa nolosi igurak ifodure bifu zuvusov fafafiz itesu opiku sikigi kuzed utomi anid iledu panovu eme,3,5,3,,1,14856,2026-07-13T05:25:06.674Z,2026-07-13T05:25:21.530Z,"{""anti_ocr"": {""profile"": ""off""}, ""completeness_ok"": true, ""counts"": [51789, 51735, 51671, 51805], ""cycle_hz"": 59.52380952385077, ""cycles"": 1, ""dropped_frame_rate"": 0.0011204481792717086, ""dropped_frames"": 4, ""epsilonPixels"": 8, ""frame_count"": 4, ""gamma"": 4.4, ""height"": 230, ""insert_inversion"": false, ""inversion_alpha"": null, ""inversion_flicker_warn"": false, ""long_frame_intervals"": 1, ""max_frame_interval_ms"": 20.900000000023283, ""mean_frame_interval_ms"": 4.171340437464947, ""mode"": ""temporal"", ""n"": 4, ""noise_residual"": 0, ""observed_effective_cycle_hz"": 59.9327731092437, ""observed_full_cycle_hz"": 59.9327731092437, ""observed_refresh_hz"": 239.7310924369748, ""per_cycle_slots"": 4, ""permutation"": [0, 3, 1, 2], ""refresh_hz"": 238.0952380954031, ""rendered_frames"": 3567, ""safe_flicker_hz"": 50, ""timing_intervals"": 3566, ""width"": 900}"
P046,56,n3_mask_noise,层数 3，遮罩 + 噪声,3,3,mask+noise,ebud gipowep ubido nigedef tesa adore veno fete igorire osafuka ifidedi zuzoku vonawe nido uledez ofuril wusew owika ubibura ovobode usut iben iduw agiwa owuva azofapa lu,2,5,3,,2,11018,2026-07-13T05:25:21.591Z,2026-07-13T05:25:32.610Z,"{""anti_ocr"": {""profile"": ""off""}, ""completeness_ok"": true, ""counts"": [69335, 68825, 68840], ""cycle_hz"": 79.36507936513436, ""cycles"": 1, ""dropped_frame_rate"": 0.0052651372696502444, ""dropped_frames"": 14, ""epsilonPixels"": 8, ""frame_count"": 3, ""gamma"": 3.3000000000000003, ""height"": 230, ""insert_inversion"": false, ""inversion_alpha"": null, ""inversion_flicker_warn"": false, ""long_frame_intervals"": 1, ""max_frame_interval_ms"": 62.5, ""mean_frame_interval_ms"": 4.188657844990548, ""mode"": ""temporal"", ""n"": 3, ""noise_residual"": 0, ""observed_effective_cycle_hz"": 79.5799861600024, ""observed_full_cycle_hz"": 79.5799861600024, ""observed_refresh_hz"": 238.73995848000723, ""per_cycle_slots"": 3, ""permutation"": [2, 0, 1], ""refresh_hz"": 238.0952380954031, ""rendered_frames"": 2646, ""safe_flicker_hz"": 50, ""timing_intervals"": 2645, ""width"": 900}"
P046,56,deployed_full,实际部署完整配置,4,4,mask+noise+anti-ocr+inversion,azol ebib rokura apofe rufeg efuvoru nanapi kefimub ugogi ugube pesuz ibim ebono ilasu idudi nevabo funuf idiwide beko padifav usogudo wipano verok lutimo kazo urep ezep,1,1,1,,3,10720,2026-07-13T05:25:33.001Z,2026-07-13T05:25:43.722Z,"{""anti_ocr"": {""glyph_alpha"": 0.12, ""profile"": ""strong"", ""salient_pixels"": 25668, ""stripe_alpha"": 0.1, ""stripe_width"": 10}, ""completeness_ok"": true, ""counts"": [51650, 52202, 51345, 51803], ""cycle_hz"": 59.52380952385077, ""cycles"": 6, ""dropped_frame_rate"": 0.03415915915915916, ""dropped_frames"": 91, ""epsilonPixels"": 8, ""frame_count"": 30, ""gamma"": 4.4, ""height"": 230, ""insert_inversion"": true, ""inversion_alpha"": 0.2, ""inversion_flicker_warn"": true, ""long_frame_intervals"": 1, ""max_frame_interval_ms"": 387.5, ""mean_frame_interval_ms"": 4.315623785464429, ""mode"": ""temporal"", ""n"": 4, ""noise_residual"": 0, ""observed_effective_cycle_hz"": 57.92905323258989, ""observed_full_cycle_hz"": 46.34324258607191, ""observed_refresh_hz"": 231.71621293035955, ""per_cycle_slots"": 5, ""permutation"": [3, 1, 0, 2], ""refresh_hz"": 238.0952380954031, ""rendered_frames"": 2574, ""safe_flicker_hz"": 50, ""timing_intervals"": 2573, ""width"": 900}"
P046,56,n2_mask_noise,层数 2，遮罩 + 噪声,2,2,mask+noise,osad ivivi iweduw ewumi lugi vekupit anodod bumuz zivi iled kusila uwemov iziv somew rumo iginem pugud agog gapi poru kamefus lipik mimesef agezo ifufos egim mogeve olaga,2,2,3,,4,11609,2026-07-13T05:25:43.753Z,2026-07-13T05:25:55.362Z,"{""anti_ocr"": {""profile"": ""off""}, ""completeness_ok"": true, ""counts"": [103530, 103470], ""cycle_hz"": 119.04761904770155, ""cycles"": 1, ""dropped_frame_rate"": 0.0021482277121374865, ""dropped_frames"": 6, ""epsilonPixels"": 8, ""frame_count"": 2, ""gamma"": 2.2, ""height"": 230, ""insert_inversion"": false, ""inversion_alpha"": null, ""inversion_flicker_warn"": false, ""long_frame_intervals"": 1, ""max_frame_interval_ms"": 29.099999999976717, ""mean_frame_interval_ms"": 4.175601004664522, ""mode"": ""temporal"", ""n"": 2, ""noise_residual"": 0, ""observed_effective_cycle_hz"": 119.74324161754319, ""observed_full_cycle_hz"": 119.74324161754319, ""observed_refresh_hz"": 239.48648323508638, ""per_cycle_slots"": 2, ""permutation"": [0, 1], ""refresh_hz"": 238.0952380954031, ""rendered_frames"": 2788, ""safe_flicker_hz"": 50, ""timing_intervals"": 2787, ""width"": 900}"
P046,56,control_anchor,未遮罩原文（量表锚点）,1,1,none,inodav ziru nolug ekedone kesovu dekopoz zuku tised gusuv futo irunuz uwarid otim ozoz renavam usini arim etoze tipituw inodule uvazuto ukima bapar pulam afus gubum iwek,4,3,3,,5,11271,2026-07-13T05:25:55.363Z,2026-07-13T05:26:06.634Z,"{""anti_ocr"": {""profile"": ""off""}, ""cycle_hz"": 238.0952380954031, ""cycles"": 1, ""dropped_frame_rate"": 0, ""dropped_frames"": 0, ""frame_count"": 1, ""height"": 230, ""insert_inversion"": false, ""long_frame_intervals"": 0, ""max_frame_interval_ms"": 4.600000000034925, ""mean_frame_interval_ms"": 4.166605029585799, ""mode"": ""source_control"", ""n"": 1, ""observed_effective_cycle_hz"": 240.0035503483779, ""observed_full_cycle_hz"": 240.0035503483779, ""observed_refresh_hz"": 240.0035503483779, ""per_cycle_slots"": 1, ""refresh_hz"": 238.0952380954031, ""rendered_frames"": 2705, ""safe_flicker_hz"": 50, ""timing_intervals"": 2704, ""width"": 900}"
P047,57,n4_mask_only,层数 4，仅遮罩,4,4,mask-only,kizunu vetu esugumu obore avununu odiz abiri ukav izin elamo enal abufewa orina kosatoz odur ominiza naviz vebenev sudisaf uzev obet enefaze lurowad sotel egukur oviwog a,5,5,5,,0,10498,2026-07-13T05:32:41.896Z,2026-07-13T05:32:52.394Z,"{""anti_ocr"": {""profile"": ""off""}, ""completeness_ok"": true, ""counts"": [51581, 51760, 51777, 51882], ""cycle_hz"": 59.523809523824994, ""cycles"": 1, ""dropped_frame_rate"": 0.004344391785150079, ""dropped_frames"": 11, ""epsilonPixels"": 8, ""frame_count"": 4, ""gamma"": 4.4, ""height"": 230, ""insert_inversion"": false, ""inversion_alpha"": null, ""inversion_flicker_warn"": false, ""long_frame_intervals"": 1, ""max_frame_interval_ms"": 50.20000000001164, ""mean_frame_interval_ms"": 4.184847282824276, ""mode"": ""temporal"", ""n"": 4, ""noise_residual"": 0, ""observed_effective_cycle_hz"": 59.73933649289099, ""observed_full_cycle_hz"": 59.73933649289099, ""observed_refresh_hz"": 238.95734597156397, ""per_cycle_slots"": 4, ""permutation"": [1, 0, 3, 2], ""refresh_hz"": 238.09523809529998, ""rendered_frames"": 2522, ""safe_flicker_hz"": 50, ""timing_intervals"": 2521, ""width"": 900}"
P047,57,deployed_full,实际部署完整配置,4,4,mask+noise+anti-ocr+inversion,ebediba lagiro lelep ozop igar nisebuw lovuk ipagobu rurega difes nugo rapu digi punaz emivuze ufat eketa dawi govem zodaf nazabu masativ okoke emilek koloto sopopet uras,5,5,5,,1,10315,2026-07-13T05:32:52.751Z,2026-07-13T05:33:03.066Z,"{""anti_ocr"": {""glyph_alpha"": 0.12, ""profile"": ""strong"", ""salient_pixels"": 25701, ""stripe_alpha"": 0.1, ""stripe_width"": 10}, ""completeness_ok"": true, ""counts"": [51859, 51630, 51667, 51844], ""cycle_hz"": 59.523809523824994, ""cycles"": 6, ""dropped_frame_rate"": 0.032434544744040644, ""dropped_frames"": 83, ""epsilonPixels"": 8, ""frame_count"": 30, ""gamma"": 4.4, ""height"": 230, ""insert_inversion"": true, ""inversion_alpha"": 0.2, ""inversion_flicker_warn"": true, ""long_frame_intervals"": 1, ""max_frame_interval_ms"": 354.1000000000058, ""mean_frame_interval_ms"": 4.307956381260097, ""mode"": ""temporal"", ""n"": 4, ""noise_residual"": 0, ""observed_effective_cycle_hz"": 58.032156752449254, ""observed_full_cycle_hz"": 46.425725401959404, ""observed_refresh_hz"": 232.12862700979701, ""per_cycle_slots"": 5, ""permutation"": [1, 3, 0, 2], ""refresh_hz"": 238.09523809529998, ""rendered_frames"": 2477, ""safe_flicker_hz"": 50, ""timing_intervals"": 2476, ""width"": 900}"
P047,57,n4_mask_noise,层数 4，遮罩 + 噪声,4,4,mask+noise,ekek iwad umuz donaboz orebe erape biwa azova tuwubu nitivo tanum vupen oref uwelok zopu epoli uvukob medefud imovuv muzi wezok diluzod akigu utudop bawuwi asotafi ebadas,3,5,5,,2,10589,2026-07-13T05:33:03.149Z,2026-07-13T05:33:13.738Z,"{""anti_ocr"": {""profile"": ""off""}, ""completeness_ok"": true, ""counts"": [51498, 51922, 51952, 51628], ""cycle_hz"": 59.523809523824994, ""cycles"": 1, ""dropped_frame_rate"": 0.00703125, ""dropped_frames"": 18, ""epsilonPixels"": 8, ""frame_count"": 4, ""gamma"": 4.4, ""height"": 230, ""insert_inversion"": false, ""inversion_alpha"": null, ""inversion_flicker_warn"": false, ""long_frame_intervals"": 1, ""max_frame_interval_ms"": 79.19999999998254, ""mean_frame_interval_ms"": 4.196184107002353, ""mode"": ""temporal"", ""n"": 4, ""noise_residual"": 0, ""observed_effective_cycle_hz"": 59.57793881894129, ""observed_full_cycle_hz"": 59.57793881894129, ""observed_refresh_hz"": 238.31175527576517, ""per_cycle_slots"": 4, ""permutation"": [1, 3, 2, 0], ""refresh_hz"": 238.09523809529998, ""rendered_frames"": 2543, ""safe_flicker_hz"": 50, ""timing_intervals"": 2542, ""width"": 900}"
P047,57,control_anchor,未遮罩原文（量表锚点）,1,1,none,epes ibemiri ibinesu ifelar ategu ezon azibewa wabosok wukanu emodawu vonekav gade uvori ukanin redus lepabe vaki zawa gatobo erafuz apig ozotage ulat ubeket anuz pateluw,5,5,5,,3,10559,2026-07-13T05:33:13.740Z,2026-07-13T05:33:24.298Z,"{""anti_ocr"": {""profile"": ""off""}, ""cycle_hz"": 238.09523809529998, ""cycles"": 1, ""dropped_frame_rate"": 0, ""dropped_frames"": 0, ""frame_count"": 1, ""height"": 230, ""insert_inversion"": false, ""long_frame_intervals"": 0, ""max_frame_interval_ms"": 4.399999999994179, ""mean_frame_interval_ms"": 4.166653512233618, ""mode"": ""source_control"", ""n"": 1, ""observed_effective_cycle_hz"": 240.00075769773568, ""observed_full_cycle_hz"": 240.00075769773568, ""observed_refresh_hz"": 240.00075769773568, ""per_cycle_slots"": 1, ""refresh_hz"": 238.09523809529998, ""rendered_frames"": 2535, ""safe_flicker_hz"": 50, ""timing_intervals"": 2534, ""width"": 900}"
P047,57,n3_mask_noise,层数 3，遮罩 + 噪声,3,3,mask+noise,losu rape apefes isafi mabuvev onilu irage bopabu umisasi zivo fugavu zavebe rome imik tilod laleno osoduke vepol nofonaz murimek posuzu feza vobo takom anib bewik bapuno,5,5,5,,4,10426,2026-07-13T05:33:24.344Z,2026-07-13T05:33:34.770Z,"{""anti_ocr"": {""profile"": ""off""}, ""completeness_ok"": true, ""counts"": [68703, 68968, 69329], ""cycle_hz"": 79.36507936509999, ""cycles"": 1, ""dropped_frame_rate"": 0.0035828025477707007, ""dropped_frames"": 9, ""epsilonPixels"": 8, ""frame_count"": 3, ""gamma"": 3.3000000000000003, ""height"": 230, ""insert_inversion"": false, ""inversion_alpha"": null, ""inversion_flicker_warn"": false, ""long_frame_intervals"": 1, ""max_frame_interval_ms"": 41.60000000000582, ""mean_frame_interval_ms"": 4.18162205353576, ""mode"": ""temporal"", ""n"": 3, ""noise_residual"": 0, ""observed_effective_cycle_hz"": 79.71388352792052, ""observed_full_cycle_hz"": 79.71388352792052, ""observed_refresh_hz"": 239.14165058376153, ""per_cycle_slots"": 3, ""permutation"": [2, 1, 0], ""refresh_hz"": 238.09523809529998, ""rendered_frames"": 2504, ""safe_flicker_hz"": 50, ""timing_intervals"": 2503, ""width"": 900}"
P047,57,n2_mask_noise,层数 2，遮罩 + 噪声,2,2,mask+noise,waka wowalub uzegebo dazaz ziwufa udoku dove kinevad aten vedusuz katal sovuni owekure azit vifezom ugipe tolanak zemo umigifu zodilof nupebi seredi okazav fopete mola av,5,5,5,,5,11587,2026-07-13T05:33:34.808Z,2026-07-13T05:33:46.394Z,"{""anti_ocr"": {""profile"": ""off""}, ""completeness_ok"": true, ""counts"": [103371, 103629], ""cycle_hz"": 119.04761904764999, ""cycles"": 1, ""dropped_frame_rate"": 0.002509860164933668, ""dropped_frames"": 7, ""epsilonPixels"": 8, ""frame_count"": 2, ""gamma"": 2.2, ""height"": 230, ""insert_inversion"": false, ""inversion_alpha"": null, ""inversion_flicker_warn"": false, ""long_frame_intervals"": 1, ""max_frame_interval_ms"": 33.29999999998836, ""mean_frame_interval_ms"": 4.177102803738322, ""mode"": ""temporal"", ""n"": 2, ""noise_residual"": 0, ""observed_effective_cycle_hz"": 119.70019017787213, ""observed_full_cycle_hz"": 119.70019017787213, ""observed_refresh_hz"": 239.40038035574426, ""per_cycle_slots"": 2, ""permutation"": [0, 1], ""refresh_hz"": 238.09523809529998, ""rendered_frames"": 2783, ""safe_flicker_hz"": 50, ""timing_intervals"": 2782, ""width"": 900}"
P048,58,n4_mask_only,层数 4，仅遮罩,4,4,mask-only,lazene kaguz ufube meduwo bulig nesamu vekig pobaz agoviw soresu biburi vonadog avimumu emolu tudoda ivisulu gibuwe luriw vazirap itosun okenu ulonule lasok vezini osesok,5,5,5,,0,17131,2026-07-13T05:40:29.920Z,2026-07-13T05:40:47.051Z,"{""anti_ocr"": {""profile"": ""off""}, ""completeness_ok"": true, ""counts"": [51664, 51866, 51695, 51775], ""cycle_hz"": 59.52380952405701, ""cycles"": 1, ""dropped_frame_rate"": 0.0026679602231384912, ""dropped_frames"": 11, ""epsilonPixels"": 8, ""frame_count"": 4, ""gamma"": 4.4, ""height"": 230, ""insert_inversion"": false, ""inversion_alpha"": null, ""inversion_flicker_warn"": false, ""long_frame_intervals"": 1, ""max_frame_interval_ms"": 50, ""mean_frame_interval_ms"": 4.177796692606998, ""mode"": ""temporal"", ""n"": 4, ""noise_residual"": 0, ""observed_effective_cycle_hz"": 59.84015460646957, ""observed_full_cycle_hz"": 59.84015460646957, ""observed_refresh_hz"": 239.36061842587827, ""per_cycle_slots"": 4, ""permutation"": [0, 1, 3, 2], ""refresh_hz"": 238.09523809622803, ""rendered_frames"": 4113, ""safe_flicker_hz"": 50, ""timing_intervals"": 4112, ""width"": 900}"
P048,58,deployed_full,实际部署完整配置,4,4,mask+noise+anti-ocr+inversion,igul dedudap denama bigu azor uzaripa bazivas zobaz mima egis vikusi ekira anon vanov igib ekewidu sudu tugu gaduzen upatog tadewak udigu apis ozudusi abozi neban vurod r,5,5,5,,1,13057,2026-07-13T05:40:47.418Z,2026-07-13T05:41:00.475Z,"{""anti_ocr"": {""glyph_alpha"": 0.12, ""profile"": ""strong"", ""salient_pixels"": 25599, ""stripe_alpha"": 0.1, ""stripe_width"": 10}, ""completeness_ok"": true, ""counts"": [51776, 51803, 51592, 51829], ""cycle_hz"": 59.52380952405701, ""cycles"": 6, ""dropped_frame_rate"": 0.02670807453416149, ""dropped_frames"": 86, ""epsilonPixels"": 8, ""frame_count"": 30, ""gamma"": 4.4, ""height"": 230, ""insert_inversion"": true, ""inversion_alpha"": 0.2, ""inversion_flicker_warn"": true, ""long_frame_intervals"": 1, ""max_frame_interval_ms"": 366.70000000001164, ""mean_frame_interval_ms"": 4.28229100191449, ""mode"": ""temporal"", ""n"": 4, ""noise_residual"": 0, ""observed_effective_cycle_hz"": 58.37996527751901, ""observed_full_cycle_hz"": 46.70397222201521, ""observed_refresh_hz"": 233.51986111007605, ""per_cycle_slots"": 5, ""permutation"": [0, 2, 3, 1], ""refresh_hz"": 238.09523809622803, ""rendered_frames"": 3135, ""safe_flicker_hz"": 50, ""timing_intervals"": 3134, ""width"": 900}"
P048,58,n4_mask_noise,层数 4，遮罩 + 噪声,4,4,mask+noise,uzinav upon uzed fafefab mutamot lunu pive lowufan wanok onomo arabapa ovarat tamidi obev elebi olis tipite zamoz udev fedifil agatosa nepavun ebepa sopi umugatu foniwos,5,5,5,,2,12541,2026-07-13T05:41:00.518Z,2026-07-13T05:41:13.059Z,"{""anti_ocr"": {""profile"": ""off""}, ""completeness_ok"": true, ""counts"": [52270, 51332, 51855, 51543], ""cycle_hz"": 59.52380952405701, ""cycles"": 1, ""dropped_frame_rate"": 0.002649884067572044, ""dropped_frames"": 8, ""epsilonPixels"": 8, ""frame_count"": 4, ""gamma"": 4.4, ""height"": 230, ""insert_inversion"": false, ""inversion_alpha"": null, ""inversion_flicker_warn"": false, ""long_frame_intervals"": 1, ""max_frame_interval_ms"": 37.5, ""mean_frame_interval_ms"": 4.177715044835614, ""mode"": ""temporal"", ""n"": 4, ""noise_residual"": 0, ""observed_effective_cycle_hz"": 59.84132410108815, ""observed_full_cycle_hz"": 59.84132410108815, ""observed_refresh_hz"": 239.3652964043526, ""per_cycle_slots"": 4, ""permutation"": [3, 2, 1, 0], ""refresh_hz"": 238.09523809622803, ""rendered_frames"": 3012, ""safe_flicker_hz"": 50, ""timing_intervals"": 3011, ""width"": 900}"
P048,58,control_anchor,未遮罩原文（量表锚点）,1,1,none,pibeduz ugusel bezawi kukukon gavafi ufakefi ovar ufuz kumo aviwuw itav kelegup ozor etadevu uzar bomenev wabami gamub takuno badipi imumav zenodo vago lebowag nagir enon,5,5,5,,3,10750,2026-07-13T05:41:13.060Z,2026-07-13T05:41:23.811Z,"{""anti_ocr"": {""profile"": ""off""}, ""cycle_hz"": 238.09523809622803, ""cycles"": 1, ""dropped_frame_rate"": 0, ""dropped_frames"": 0, ""frame_count"": 1, ""height"": 230, ""insert_inversion"": false, ""long_frame_intervals"": 0, ""max_frame_interval_ms"": 4.300000000046566, ""mean_frame_interval_ms"": 4.166614967041471, ""mode"": ""source_control"", ""n"": 1, ""observed_effective_cycle_hz"": 240.00297793536123, ""observed_full_cycle_hz"": 240.00297793536123, ""observed_refresh_hz"": 240.00297793536123, ""per_cycle_slots"": 1, ""refresh_hz"": 238.09523809622803, ""rendered_frames"": 2580, ""safe_flicker_hz"": 50, ""timing_intervals"": 2579, ""width"": 900}"
P048,58,n3_mask_noise,层数 3，遮罩 + 噪声,3,3,mask+noise,umapiru okowi fewag asekari boluf sopuz uvatit igad uwabop ratake anad geko ubelev weme falab owibes wasifaf ivapi dawem aluwudo gebava mudatuf ododeru upog ezab sifo mil,5,5,5,,4,12094,2026-07-13T05:41:23.877Z,2026-07-13T05:41:35.971Z,"{""anti_ocr"": {""profile"": ""off""}, ""completeness_ok"": true, ""counts"": [69177, 68571, 69252], ""cycle_hz"": 79.36507936540934, ""cycles"": 1, ""dropped_frame_rate"": 0.005140507196710075, ""dropped_frames"": 15, ""epsilonPixels"": 8, ""frame_count"": 3, ""gamma"": 3.3000000000000003, ""height"": 230, ""insert_inversion"": false, ""inversion_alpha"": null, ""inversion_flicker_warn"": false, ""long_frame_intervals"": 1, ""max_frame_interval_ms"": 66.79999999998836, ""mean_frame_interval_ms"": 4.188219083706499, ""mode"": ""temporal"", ""n"": 3, ""noise_residual"": 0, ""observed_effective_cycle_hz"": 79.58832302495965, ""observed_full_cycle_hz"": 79.58832302495965, ""observed_refresh_hz"": 238.76496907487893, ""per_cycle_slots"": 3, ""permutation"": [1, 0, 2], ""refresh_hz"": 238.09523809622803, ""rendered_frames"": 2904, ""safe_flicker_hz"": 50, ""timing_intervals"": 2903, ""width"": 900}"
P048,58,n2_mask_noise,层数 2，遮罩 + 噪声,2,2,mask+noise,epunula evinor ufipen powefo wowal edef emet gufe rozodo towage anat amawe eduzim apuwof onotefu gunaw upapene wuzibo amef ipigam dozuziv umir tewedet vawifon zipi ozasa,5,5,5,,5,11448,2026-07-13T05:41:36.010Z,2026-07-13T05:41:47.459Z,"{""anti_ocr"": {""profile"": ""off""}, ""completeness_ok"": true, ""counts"": [103475, 103525], ""cycle_hz"": 119.04761904811402, ""cycles"": 1, ""dropped_frame_rate"": 0.002902757619738752, ""dropped_frames"": 8, ""epsilonPixels"": 8, ""frame_count"": 2, ""gamma"": 2.2, ""height"": 230, ""insert_inversion"": false, ""inversion_alpha"": null, ""inversion_flicker_warn"": false, ""long_frame_intervals"": 1, ""max_frame_interval_ms"": 37.5, ""mean_frame_interval_ms"": 4.178748180494909, ""mode"": ""temporal"", ""n"": 2, ""noise_residual"": 0, ""observed_effective_cycle_hz"": 119.653058380939, ""observed_full_cycle_hz"": 119.653058380939, ""observed_refresh_hz"": 239.306116761878, ""per_cycle_slots"": 2, ""permutation"": [0, 1], ""refresh_hz"": 238.09523809622803, ""rendered_frames"": 2749, ""safe_flicker_hz"": 50, ""timing_intervals"": 2748, ""width"": 900}"
P049,59,deployed_full,实际部署完整配置,4,4,mask+noise+anti-ocr+inversion,umem irupapo udowoge varav urodit raneku evapip dumil wase fapiwo uloke mobu womope edusoko magum dono isuwu vuwobav venot lotapef gadiso itupu ukefe gurob ovat imupuve o,5,5,5,,0,10986,2026-07-13T05:46:53.762Z,2026-07-13T05:47:04.748Z,"{""anti_ocr"": {""glyph_alpha"": 0.12, ""profile"": ""strong"", ""salient_pixels"": 25565, ""stripe_alpha"": 0.1, ""stripe_width"": 10}, ""completeness_ok"": true, ""counts"": [51578, 51813, 51849, 51760], ""cycle_hz"": 59.52380952385077, ""cycles"": 6, ""dropped_frame_rate"": 0.03477306002928258, ""dropped_frames"": 95, ""epsilonPixels"": 8, ""frame_count"": 30, ""gamma"": 4.4, ""height"": 230, ""insert_inversion"": true, ""inversion_alpha"": 0.2, ""inversion_flicker_warn"": true, ""long_frame_intervals"": 1, ""max_frame_interval_ms"": 404.20000000001164, ""mean_frame_interval_ms"": 4.318316268486925, ""mode"": ""temporal"", ""n"": 4, ""noise_residual"": 0, ""observed_effective_cycle_hz"": 57.89293429580051, ""observed_full_cycle_hz"": 46.3143474366404, ""observed_refresh_hz"": 231.57173718320203, ""per_cycle_slots"": 5, ""permutation"": [0, 1, 2, 3], ""refresh_hz"": 238.0952380954031, ""rendered_frames"": 2638, ""safe_flicker_hz"": 50, ""timing_intervals"": 2637, ""width"": 900}"
P049,59,control_anchor,未遮罩原文（量表锚点）,1,1,none,oditu ogusubo pizesed teru wuzomo uzapimu repo towa tawu wabopar gawipa uvubugu utis libem dowi fefa adig mamekos lazur udokuv fani alelu gapu libema erava onemok okapime,5,5,5,,1,10654,2026-07-13T05:47:04.749Z,2026-07-13T05:47:15.403Z,"{""anti_ocr"": {""profile"": ""off""}, ""cycle_hz"": 238.0952380954031, ""cycles"": 1, ""dropped_frame_rate"": 0, ""dropped_frames"": 0, ""frame_count"": 1, ""height"": 230, ""insert_inversion"": false, ""long_frame_intervals"": 0, ""max_frame_interval_ms"": 4.600000000034925, ""mean_frame_interval_ms"": 4.166666666666667, ""mode"": ""source_control"", ""n"": 1, ""observed_effective_cycle_hz"": 239.99999999999997, ""observed_full_cycle_hz"": 239.99999999999997, ""observed_refresh_hz"": 239.99999999999997, ""per_cycle_slots"": 1, ""refresh_hz"": 238.0952380954031, ""rendered_frames"": 2557, ""safe_flicker_hz"": 50, ""timing_intervals"": 2556, ""width"": 900}"
P049,59,n4_mask_only,层数 4，仅遮罩,4,4,mask-only,belikeg fubuzo numag afewaw anef edopeg legoduf fibet eloziw nalin wori nisome apokani nari uvasi otape peda ibegok pawu izen bewabub eget opurito norep dale agomobo geke,5,5,5,,2,11527,2026-07-13T05:47:15.429Z,2026-07-13T05:47:26.956Z,"{""anti_ocr"": {""profile"": ""off""}, ""completeness_ok"": true, ""counts"": [51808, 51575, 51844, 51773], ""cycle_hz"": 59.52380952385077, ""cycles"": 1, ""dropped_frame_rate"": 0.0018037518037518038, ""dropped_frames"": 5, ""epsilonPixels"": 8, ""frame_count"": 4, ""gamma"": 4.4, ""height"": 230, ""insert_inversion"": false, ""inversion_alpha"": null, ""inversion_flicker_warn"": false, ""long_frame_intervals"": 1, ""max_frame_interval_ms"": 25, ""mean_frame_interval_ms"": 4.174159739790395, ""mode"": ""temporal"", ""n"": 4, ""noise_residual"": 0, ""observed_effective_cycle_hz"": 59.89229343976993, ""observed_full_cycle_hz"": 59.89229343976993, ""observed_refresh_hz"": 239.56917375907972, ""per_cycle_slots"": 4, ""permutation"": [3, 2, 1, 0], ""refresh_hz"": 238.0952380954031, ""rendered_frames"": 2768, ""safe_flicker_hz"": 50, ""timing_intervals"": 2767, ""width"": 900}"
P049,59,n2_mask_noise,层数 2，遮罩 + 噪声,2,2,mask+noise,sogid kekabu ilofave epopimo meni nimiri alir weri movopul umisulu paved orapesu obemalo amewupa ilurel ufasu rodo diwew udifok sivuvu widame ukubur tifas wasigum pudel u,5,5,5,,3,11198,2026-07-13T05:47:27.029Z,2026-07-13T05:47:38.227Z,"{""anti_ocr"": {""profile"": ""off""}, ""completeness_ok"": true, ""counts"": [103451, 103549], ""cycle_hz"": 119.04761904770155, ""cycles"": 1, ""dropped_frame_rate"": 0.005917159763313609, ""dropped_frames"": 16, ""epsilonPixels"": 8, ""frame_count"": 2, ""gamma"": 2.2, ""height"": 230, ""insert_inversion"": false, ""inversion_alpha"": null, ""inversion_flicker_warn"": false, ""long_frame_intervals"": 1, ""max_frame_interval_ms"": 70.79999999998836, ""mean_frame_interval_ms"": 4.191443452380944, ""mode"": ""temporal"", ""n"": 2, ""noise_residual"": 0, ""observed_effective_cycle_hz"": 119.29064669021734, ""observed_full_cycle_hz"": 119.29064669021734, ""observed_refresh_hz"": 238.5812933804347, ""per_cycle_slots"": 2, ""permutation"": [1, 0], ""refresh_hz"": 238.0952380954031, ""rendered_frames"": 2689, ""safe_flicker_hz"": 50, ""timing_intervals"": 2688, ""width"": 900}"
P049,59,n4_mask_noise,层数 4，遮罩 + 噪声,4,4,mask+noise,efogusi etop kina ebavoko rifeni ediz epufu loma analo sepu rusim miziti valo azepir uzag ugis neke pabis ekaror azuvin kilumor etosopi nebi bovamap mezik duzoz vopukeg r,5,5,5,,4,10663,2026-07-13T05:47:38.284Z,2026-07-13T05:47:48.947Z,"{""anti_ocr"": {""profile"": ""off""}, ""completeness_ok"": true, ""counts"": [51601, 51808, 51835, 51756], ""cycle_hz"": 59.52380952385077, ""cycles"": 1, ""dropped_frame_rate"": 0.004665629860031105, ""dropped_frames"": 12, ""epsilonPixels"": 8, ""frame_count"": 4, ""gamma"": 4.4, ""height"": 230, ""insert_inversion"": false, ""inversion_alpha"": null, ""inversion_flicker_warn"": false, ""long_frame_intervals"": 1, ""max_frame_interval_ms"": 54.20000000001164, ""mean_frame_interval_ms"": 4.186171875000014, ""mode"": ""temporal"", ""n"": 4, ""noise_residual"": 0, ""observed_effective_cycle_hz"": 59.72043371964969, ""observed_full_cycle_hz"": 59.72043371964969, ""observed_refresh_hz"": 238.88173487859876, ""per_cycle_slots"": 4, ""permutation"": [0, 2, 1, 3], ""refresh_hz"": 238.0952380954031, ""rendered_frames"": 2561, ""safe_flicker_hz"": 50, ""timing_intervals"": 2560, ""width"": 900}"
P049,59,n3_mask_noise,层数 3，遮罩 + 噪声,3,3,mask+noise,osuti ebuzen izenol nofelom soto edik ivorig onek imemagu besel noget ozadip anuwis uzadil emire owupo guri ufub apuroki gikaw epiketo lezuru gusuliv unifiro ufaw epefo l,5,5,4,,5,10686,2026-07-13T05:47:49.062Z,2026-07-13T05:47:59.747Z,"{""anti_ocr"": {""profile"": ""off""}, ""completeness_ok"": true, ""counts"": [69411, 68688, 68901], ""cycle_hz"": 79.36507936513436, ""cycles"": 1, ""dropped_frame_rate"": 0.010034735623311463, ""dropped_frames"": 26, ""epsilonPixels"": 8, ""frame_count"": 3, ""gamma"": 3.3000000000000003, ""height"": 230, ""insert_inversion"": false, ""inversion_alpha"": null, ""inversion_flicker_warn"": false, ""long_frame_intervals"": 1, ""max_frame_interval_ms"": 112.59999999997672, ""mean_frame_interval_ms"": 4.208849902534095, ""mode"": ""temporal"", ""n"": 3, ""noise_residual"": 0, ""observed_effective_cycle_hz"": 79.19819928304821, ""observed_full_cycle_hz"": 79.19819928304821, ""observed_refresh_hz"": 237.59459784914463, ""per_cycle_slots"": 3, ""permutation"": [1, 2, 0], ""refresh_hz"": 238.0952380954031, ""rendered_frames"": 2566, ""safe_flicker_hz"": 50, ""timing_intervals"": 2565, ""width"": 900}"
P050,60,deployed_full,实际部署完整配置,4,4,mask+noise+anti-ocr+inversion,azirifa ekanog lune sikanib iwimi elob orolal afepova aziw ilewa tenal awev iziwoge tami inufube gisumab iviza igin elosuv taza zefeva ovutoku sikav gefubiw teve nasa ule,5,5,5,,0,10481,2026-07-13T05:52:44.611Z,2026-07-13T05:52:55.092Z,"{""anti_ocr"": {""glyph_alpha"": 0.12, ""profile"": ""strong"", ""salient_pixels"": 25439, ""stripe_alpha"": 0.1, ""stripe_width"": 10}, ""completeness_ok"": true, ""counts"": [51690, 51671, 51840, 51799], ""cycle_hz"": 59.52380952385077, ""cycles"": 6, ""dropped_frame_rate"": 0.036767522022213714, ""dropped_frames"": 96, ""epsilonPixels"": 8, ""frame_count"": 30, ""gamma"": 4.4, ""height"": 230, ""insert_inversion"": true, ""inversion_alpha"": 0.2, ""inversion_flicker_warn"": true, ""long_frame_intervals"": 2, ""max_frame_interval_ms"": 404.0999999999767, ""mean_frame_interval_ms"": 4.327355864811128, ""mode"": ""temporal"", ""n"": 4, ""noise_residual"": 0, ""observed_effective_cycle_hz"": 57.771999301682456, ""observed_full_cycle_hz"": 46.21759944134597, ""observed_refresh_hz"": 231.08799720672982, ""per_cycle_slots"": 5, ""permutation"": [2, 0, 1, 3], ""refresh_hz"": 238.0952380954031, ""rendered_frames"": 2516, ""safe_flicker_hz"": 50, ""timing_intervals"": 2515, ""width"": 900}"
P050,60,control_anchor,未遮罩原文（量表锚点）,1,1,none,vogoka refop reto afule owiba tumok atodas ifokut epul winup wuzit emizelu rivez uvebere woni wurazu butef telag ukin bazovi otozu kibod fozid apodik odinib opat itogulu,3,3,3,,1,10695,2026-07-13T05:52:55.093Z,2026-07-13T05:53:05.788Z,"{""anti_ocr"": {""profile"": ""off""}, ""cycle_hz"": 238.0952380954031, ""cycles"": 1, ""dropped_frame_rate"": 0, ""dropped_frames"": 0, ""frame_count"": 1, ""height"": 230, ""insert_inversion"": false, ""long_frame_intervals"": 0, ""max_frame_interval_ms"": 4.599999999976717, ""mean_frame_interval_ms"": 4.16664068589243, ""mode"": ""source_control"", ""n"": 1, ""observed_effective_cycle_hz"": 240.0014965019273, ""observed_full_cycle_hz"": 240.0014965019273, ""observed_refresh_hz"": 240.0014965019273, ""per_cycle_slots"": 1, ""refresh_hz"": 238.0952380954031, ""rendered_frames"": 2567, ""safe_flicker_hz"": 50, ""timing_intervals"": 2566, ""width"": 900}"
P050,60,n4_mask_only,层数 4，仅遮罩,4,4,mask-only,abineg monom zetaku nulobo afoko asorid funupi sobuwa mafeba izuwodi ruwoza atuvofi nuditu maremi iwez powofu peno iwubop ekopima raresop semupeb nedep suviluf akodemi pu,4,4,3,,2,10400,2026-07-13T05:53:05.812Z,2026-07-13T05:53:16.212Z,"{""anti_ocr"": {""profile"": ""off""}, ""completeness_ok"": true, ""counts"": [51722, 51595, 51907, 51776], ""cycle_hz"": 59.52380952385077, ""cycles"": 1, ""dropped_frame_rate"": 0.001599360255897641, ""dropped_frames"": 4, ""epsilonPixels"": 8, ""frame_count"": 4, ""gamma"": 4.4, ""height"": 230, ""insert_inversion"": false, ""inversion_alpha"": null, ""inversion_flicker_warn"": false, ""long_frame_intervals"": 1, ""max_frame_interval_ms"": 20.79999999998836, ""mean_frame_interval_ms"": 4.173327993592306, ""mode"": ""temporal"", ""n"": 4, ""noise_residual"": 0, ""observed_effective_cycle_hz"": 59.90423000153546, ""observed_full_cycle_hz"": 59.90423000153546, ""observed_refresh_hz"": 239.61692000614184, ""per_cycle_slots"": 4, ""permutation"": [2, 3, 0, 1], ""refresh_hz"": 238.0952380954031, ""rendered_frames"": 2498, ""safe_flicker_hz"": 50, ""timing_intervals"": 2497, ""width"": 900}"
P050,60,n2_mask_noise,层数 2，遮罩 + 噪声,2,2,mask+noise,ovabuwo zenupod owati ukebew alek vidabu evuf zusu onuga ozego gefutot ipita tukomiz abitu ewag anunor irules wiril nugira ukeveb osumege omiveni repuvi elati gatawi ubom,3,4,3,,3,10425,2026-07-13T05:53:16.251Z,2026-07-13T05:53:26.676Z,"{""anti_ocr"": {""profile"": ""off""}, ""completeness_ok"": true, ""counts"": [103243, 103757], ""cycle_hz"": 119.04761904770155, ""cycles"": 1, ""dropped_frame_rate"": 0.0031872509960159364, ""dropped_frames"": 8, ""epsilonPixels"": 8, ""frame_count"": 2, ""gamma"": 2.2, ""height"": 230, ""insert_inversion"": false, ""inversion_alpha"": null, ""inversion_flicker_warn"": false, ""long_frame_intervals"": 1, ""max_frame_interval_ms"": 37.59999999997672, ""mean_frame_interval_ms"": 4.179976019184648, ""mode"": ""temporal"", ""n"": 2, ""noise_residual"": 0, ""observed_effective_cycle_hz"": 119.61791113278463, ""observed_full_cycle_hz"": 119.61791113278463, ""observed_refresh_hz"": 239.23582226556925, ""per_cycle_slots"": 2, ""permutation"": [0, 1], ""refresh_hz"": 238.0952380954031, ""rendered_frames"": 2503, ""safe_flicker_hz"": 50, ""timing_intervals"": 2502, ""width"": 900}"
P050,60,n4_mask_noise,层数 4，遮罩 + 噪声,4,4,mask+noise,movis itamuru igifel gesasoz ogavu izivo lonazu sameka namusar sotede izokuw bigukor azetu devanek fimosuk putul pawa ufil ulufiso bagon zuze iwip vasuko valo efime udoda,3,3,3,,4,12114,2026-07-13T05:53:26.770Z,2026-07-13T05:53:38.884Z,"{""anti_ocr"": {""profile"": ""off""}, ""completeness_ok"": true, ""counts"": [51814, 51514, 51980, 51692], ""cycle_hz"": 59.52380952385077, ""cycles"": 1, ""dropped_frame_rate"": 0.007169682485489928, ""dropped_frames"": 21, ""epsilonPixels"": 8, ""frame_count"": 4, ""gamma"": 4.4, ""height"": 230, ""insert_inversion"": false, ""inversion_alpha"": null, ""inversion_flicker_warn"": false, ""long_frame_intervals"": 1, ""max_frame_interval_ms"": 91.70000000001164, ""mean_frame_interval_ms"": 4.196767537826689, ""mode"": ""temporal"", ""n"": 4, ""noise_residual"": 0, ""observed_effective_cycle_hz"": 59.56965634781463, ""observed_full_cycle_hz"": 59.56965634781463, ""observed_refresh_hz"": 238.27862539125852, ""per_cycle_slots"": 4, ""permutation"": [3, 0, 2, 1], ""refresh_hz"": 238.0952380954031, ""rendered_frames"": 2909, ""safe_flicker_hz"": 50, ""timing_intervals"": 2908, ""width"": 900}"
P050,60,n3_mask_noise,层数 3，遮罩 + 噪声,3,3,mask+noise,adid dufok avig okum popo wopig uzesit gigego osove isuketu kunafir emaw asol pulofuk pemuf inim ipul ulavuk mivi onov wuzawaw bati umow guvu adaba amuz esak emab ledi wa,3,3,3,,5,10404,2026-07-13T05:53:38.936Z,2026-07-13T05:53:49.340Z,"{""anti_ocr"": {""profile"": ""off""}, ""completeness_ok"": true, ""counts"": [69084, 69035, 68881], ""cycle_hz"": 79.36507936513436, ""cycles"": 1, ""dropped_frame_rate"": 0.00438421681944998, ""dropped_frames"": 11, ""epsilonPixels"": 8, ""frame_count"": 3, ""gamma"": 3.3000000000000003, ""height"": 230, ""insert_inversion"": false, ""inversion_alpha"": null, ""inversion_flicker_warn"": false, ""long_frame_intervals"": 1, ""max_frame_interval_ms"": 50, ""mean_frame_interval_ms"": 4.184987990392328, ""mode"": ""temporal"", ""n"": 3, ""noise_residual"": 0, ""observed_effective_cycle_hz"": 79.64977058442754, ""observed_full_cycle_hz"": 79.64977058442754, ""observed_refresh_hz"": 238.94931175328261, ""per_cycle_slots"": 3, ""permutation"": [2, 1, 0], ""refresh_hz"": 238.0952380954031, ""rendered_frames"": 2499, ""safe_flicker_hz"": 50, ""timing_intervals"": 2498, ""width"": 900}"
P051,61,control_anchor,未遮罩原文（量表锚点）,1,1,none,urowava gibubed amerul ewalol wivaku petali vananaw nibera gukiben aputom nozegi nuwekit zidap udodag vagozu ibabu gisa laweku igilur ruzulu uzom ates bomumuf emudo asusu,5,5,5,,0,15142,2026-07-13T05:58:44.046Z,2026-07-13T05:58:59.189Z,"{""anti_ocr"": {""profile"": ""off""}, ""cycle_hz"": 238.0952380954031, ""cycles"": 1, ""dropped_frame_rate"": 0, ""dropped_frames"": 0, ""frame_count"": 1, ""height"": 230, ""insert_inversion"": false, ""long_frame_intervals"": 0, ""max_frame_interval_ms"": 4.600000000034925, ""mean_frame_interval_ms"": 4.16662080352229, ""mode"": ""source_control"", ""n"": 1, ""observed_effective_cycle_hz"": 240.00264174619423, ""observed_full_cycle_hz"": 240.00264174619423, ""observed_refresh_hz"": 240.00264174619423, ""per_cycle_slots"": 1, ""refresh_hz"": 238.0952380954031, ""rendered_frames"": 3635, ""safe_flicker_hz"": 50, ""timing_intervals"": 3634, ""width"": 900}"
P051,61,n2_mask_noise,层数 2，遮罩 + 噪声,2,2,mask+noise,eluf efar zavadam tobi evememi zopab ofubav idezoz kuzo luzesi buselug wuge omuzor ananore rosa adog igeru nokelo azuka kuni zozele ozig upiguva agoli kedenid rorosef vup,4,5,5,,1,12110,2026-07-13T05:58:59.263Z,2026-07-13T05:59:11.372Z,"{""anti_ocr"": {""profile"": ""off""}, ""completeness_ok"": true, ""counts"": [103358, 103642], ""cycle_hz"": 119.04761904770155, ""cycles"": 1, ""dropped_frame_rate"": 0.005473828258638385, ""dropped_frames"": 16, ""epsilonPixels"": 8, ""frame_count"": 2, ""gamma"": 2.2, ""height"": 230, ""insert_inversion"": false, ""inversion_alpha"": null, ""inversion_flicker_warn"": false, ""long_frame_intervals"": 1, ""max_frame_interval_ms"": 70.90000000002328, ""mean_frame_interval_ms"": 4.189576883384925, ""mode"": ""temporal"", ""n"": 2, ""noise_residual"": 0, ""observed_effective_cycle_hz"": 119.34379387639504, ""observed_full_cycle_hz"": 119.34379387639504, ""observed_refresh_hz"": 238.68758775279008, ""per_cycle_slots"": 2, ""permutation"": [1, 0], ""refresh_hz"": 238.0952380954031, ""rendered_frames"": 2908, ""safe_flicker_hz"": 50, ""timing_intervals"": 2907, ""width"": 900}"
P051,61,deployed_full,实际部署完整配置,4,4,mask+noise+anti-ocr+inversion,alido idan tuvufa verur maru egip guvari derosep gopal reku bubaf urizof mewinil ododen urobu ogigu evuz osarawu urat gazapo feka duwu ewokuwe natolan gepo fisisil vodip,4,2,4,,2,20432,2026-07-13T05:59:11.724Z,2026-07-13T05:59:32.157Z,"{""anti_ocr"": {""glyph_alpha"": 0.12, ""profile"": ""strong"", ""salient_pixels"": 25306, ""stripe_alpha"": 0.1, ""stripe_width"": 10}, ""completeness_ok"": true, ""counts"": [51853, 51681, 52029, 51437], ""cycle_hz"": 59.52380952385077, ""cycles"": 6, ""dropped_frame_rate"": 0.016446048937023665, ""dropped_frames"": 82, ""epsilonPixels"": 8, ""frame_count"": 30, ""gamma"": 4.4, ""height"": 230, ""insert_inversion"": true, ""inversion_alpha"": 0.2, ""inversion_flicker_warn"": true, ""long_frame_intervals"": 1, ""max_frame_interval_ms"": 350, ""mean_frame_interval_ms"": 4.237153344208809, ""mode"": ""temporal"", ""n"": 4, ""noise_residual"": 0, ""observed_effective_cycle_hz"": 59.00187689494201, ""observed_full_cycle_hz"": 47.20150151595361, ""observed_refresh_hz"": 236.00750757976803, ""per_cycle_slots"": 5, ""permutation"": [3, 2, 1, 0], ""refresh_hz"": 238.0952380954031, ""rendered_frames"": 4905, ""safe_flicker_hz"": 50, ""timing_intervals"": 4904, ""width"": 900}"
P051,61,n3_mask_noise,层数 3，遮罩 + 噪声,3,3,mask+noise,ebabitu malobog usulewu wuvidi namopip pabigiw otoza fofokiv efemo unewive ifogiwi lezug isimo gemokoz itamu vizof ikot evavel malu odarizo bovoban fabipen akoz elufep ag,4,5,4,,3,22225,2026-07-13T05:59:32.212Z,2026-07-13T05:59:54.437Z,"{""anti_ocr"": {""profile"": ""off""}, ""completeness_ok"": true, ""counts"": [69187, 68913, 68900], ""cycle_hz"": 79.36507936513436, ""cycles"": 1, ""dropped_frame_rate"": 0.002244668911335578, ""dropped_frames"": 12, ""epsilonPixels"": 8, ""frame_count"": 3, ""gamma"": 3.3000000000000003, ""height"": 230, ""insert_inversion"": false, ""inversion_alpha"": null, ""inversion_flicker_warn"": false, ""long_frame_intervals"": 1, ""max_frame_interval_ms"": 54.20000000001164, ""mean_frame_interval_ms"": 4.176021747281594, ""mode"": ""temporal"", ""n"": 3, ""noise_residual"": 0, ""observed_effective_cycle_hz"": 79.82078482956143, ""observed_full_cycle_hz"": 79.82078482956143, ""observed_refresh_hz"": 239.4623544886843, ""per_cycle_slots"": 3, ""permutation"": [1, 2, 0], ""refresh_hz"": 238.0952380954031, ""rendered_frames"": 5335, ""safe_flicker_hz"": 50, ""timing_intervals"": 5334, ""width"": 900}"
P051,61,n4_mask_only,层数 4，仅遮罩,4,4,mask-only,wokiw telum iteluno ozaw ogon zoduno iwap ekira osema zifidi tokap vefudiw mubi daramo ovok zededo rezuk irurib bifus omar iredez ifuzuw onod dezera awub wese egurane owa,3,5,4,,4,16235,2026-07-13T05:59:54.490Z,2026-07-13T06:00:10.725Z,"{""anti_ocr"": {""profile"": ""off""}, ""completeness_ok"": true, ""counts"": [52014, 52044, 51575, 51367], ""cycle_hz"": 59.52380952385077, ""cycles"": 1, ""dropped_frame_rate"": 0.0030698388334612432, ""dropped_frames"": 12, ""epsilonPixels"": 8, ""frame_count"": 4, ""gamma"": 4.4, ""height"": 230, ""insert_inversion"": false, ""inversion_alpha"": null, ""inversion_flicker_warn"": false, ""long_frame_intervals"": 1, ""max_frame_interval_ms"": 54.09999999997672, ""mean_frame_interval_ms"": 4.179497049012061, ""mode"": ""temporal"", ""n"": 4, ""noise_residual"": 0, ""observed_effective_cycle_hz"": 59.815809669992326, ""observed_full_cycle_hz"": 59.815809669992326, ""observed_refresh_hz"": 239.2632386799693, ""per_cycle_slots"": 4, ""permutation"": [2, 0, 3, 1], ""refresh_hz"": 238.0952380954031, ""rendered_frames"": 3898, ""safe_flicker_hz"": 50, ""timing_intervals"": 3897, ""width"": 900}"
P051,61,n4_mask_noise,层数 4，遮罩 + 噪声,4,4,mask+noise,zuvired isasi gemotuz walemuv omugoma salodu wodaw udika rimiwat osazolo abis ukuw akibub basazo rete vevo lane udaroz kumi erup gigunir isaf uweno umuzi utezar ewudaku f,3,5,4,,5,17518,2026-07-13T06:00:10.791Z,2026-07-13T06:00:28.309Z,"{""anti_ocr"": {""profile"": ""off""}, ""completeness_ok"": true, ""counts"": [51877, 51642, 51673, 51808], ""cycle_hz"": 59.52380952385077, ""cycles"": 1, ""dropped_frame_rate"": 0.0033183218772220905, ""dropped_frames"": 14, ""epsilonPixels"": 8, ""frame_count"": 4, ""gamma"": 4.4, ""height"": 230, ""insert_inversion"": false, ""inversion_alpha"": null, ""inversion_flicker_warn"": false, ""long_frame_intervals"": 1, ""max_frame_interval_ms"": 62.5, ""mean_frame_interval_ms"": 4.180523186682529, ""mode"": ""temporal"", ""n"": 4, ""noise_residual"": 0, ""observed_effective_cycle_hz"": 59.80112747524037, ""observed_full_cycle_hz"": 59.80112747524037, ""observed_refresh_hz"": 239.20450990096148, ""per_cycle_slots"": 4, ""permutation"": [1, 2, 3, 0], ""refresh_hz"": 238.0952380954031, ""rendered_frames"": 4206, ""safe_flicker_hz"": 50, ""timing_intervals"": 4205, ""width"": 900}"
P052,62,control_anchor,未遮罩原文（量表锚点）,1,1,none,sekirof filigil udod totot lobug lidivur ubanub fodu gamati rida neloroz nepe afipon atoviz lusipa notibo inepa valuwed vonana kegiged esudini uwus inufot pekobok bibumer,5,5,5,,0,11238,2026-07-13T06:05:51.335Z,2026-07-13T06:06:02.573Z,"{""anti_ocr"": {""profile"": ""off""}, ""cycle_hz"": 238.0952380954031, ""cycles"": 1, ""dropped_frame_rate"": 0, ""dropped_frames"": 0, ""frame_count"": 1, ""height"": 230, ""insert_inversion"": false, ""long_frame_intervals"": 0, ""max_frame_interval_ms"": 4.300000000046566, ""mean_frame_interval_ms"": 4.166629588431599, ""mode"": ""source_control"", ""n"": 1, ""observed_effective_cycle_hz"": 240.00213572534525, ""observed_full_cycle_hz"": 240.00213572534525, ""observed_refresh_hz"": 240.00213572534525, ""per_cycle_slots"": 1, ""refresh_hz"": 238.0952380954031, ""rendered_frames"": 2698, ""safe_flicker_hz"": 50, ""timing_intervals"": 2697, ""width"": 900}"
P052,62,n2_mask_noise,层数 2，遮罩 + 噪声,2,2,mask+noise,woke fateroz mito egazet ofolav bofitam upiko uduboga vageme giri ifobik akur niperi kiseso uwife apanet rina suvit akega bimiraf iligu enuviw vokivuz opulo ifup zuluval,5,5,5,,1,11557,2026-07-13T06:06:02.648Z,2026-07-13T06:06:14.205Z,"{""anti_ocr"": {""profile"": ""off""}, ""completeness_ok"": true, ""counts"": [103704, 103296], ""cycle_hz"": 119.04761904770155, ""cycles"": 1, ""dropped_frame_rate"": 0.00573271228950197, ""dropped_frames"": 16, ""epsilonPixels"": 8, ""frame_count"": 2, ""gamma"": 2.2, ""height"": 230, ""insert_inversion"": false, ""inversion_alpha"": null, ""inversion_flicker_warn"": false, ""long_frame_intervals"": 1, ""max_frame_interval_ms"": 70.90000000002328, ""mean_frame_interval_ms"": 4.190630630630631, ""mode"": ""temporal"", ""n"": 2, ""noise_residual"": 0, ""observed_effective_cycle_hz"": 119.31378450425659, ""observed_full_cycle_hz"": 119.31378450425659, ""observed_refresh_hz"": 238.62756900851318, ""per_cycle_slots"": 2, ""permutation"": [0, 1], ""refresh_hz"": 238.0952380954031, ""rendered_frames"": 2776, ""safe_flicker_hz"": 50, ""timing_intervals"": 2775, ""width"": 900}"
P052,62,deployed_full,实际部署完整配置,4,4,mask+noise+anti-ocr+inversion,gofofad kadade suzu iwanu abit emik agitun bosev elezo zitive ozuseze oriwaz gepen kepip okika nomov mimon rozosi subipa uwep zidowen arow ured gudodin piliza febo vodepa,5,4,4,,2,10733,2026-07-13T06:06:14.560Z,2026-07-13T06:06:25.293Z,"{""anti_ocr"": {""glyph_alpha"": 0.12, ""profile"": ""strong"", ""salient_pixels"": 25634, ""stripe_alpha"": 0.1, ""stripe_width"": 10}, ""completeness_ok"": true, ""counts"": [51521, 51686, 52035, 51758], ""cycle_hz"": 59.52380952385077, ""cycles"": 6, ""dropped_frame_rate"": 0.030838661150808574, ""dropped_frames"": 82, ""epsilonPixels"": 8, ""frame_count"": 30, ""gamma"": 4.4, ""height"": 230, ""insert_inversion"": true, ""inversion_alpha"": 0.2, ""inversion_flicker_warn"": true, ""long_frame_intervals"": 1, ""max_frame_interval_ms"": 349.8999999999651, ""mean_frame_interval_ms"": 4.300776096235924, ""mode"": ""temporal"", ""n"": 4, ""noise_residual"": 0, ""observed_effective_cycle_hz"": 58.12904331820532, ""observed_full_cycle_hz"": 46.50323465456425, ""observed_refresh_hz"": 232.51617327282128, ""per_cycle_slots"": 5, ""permutation"": [1, 3, 0, 2], ""refresh_hz"": 238.0952380954031, ""rendered_frames"": 2578, ""safe_flicker_hz"": 50, ""timing_intervals"": 2577, ""width"": 900}"
P052,62,n3_mask_noise,层数 3，遮罩 + 噪声,3,3,mask+noise,danugug neposu tiludis zofolu tekod udifip amof gefal uzek olaked bimo ematela udamat govol izip ekuga babeg uwowe orew berenog tifen ifus weku mubo tifo vaki pezafos uda,5,5,5,,3,11628,2026-07-13T06:06:25.345Z,2026-07-13T06:06:36.973Z,"{""anti_ocr"": {""profile"": ""off""}, ""completeness_ok"": true, ""counts"": [68886, 68960, 69154], ""cycle_hz"": 79.36507936513436, ""cycles"": 1, ""dropped_frame_rate"": 0.0035688793718772305, ""dropped_frames"": 10, ""epsilonPixels"": 8, ""frame_count"": 3, ""gamma"": 3.3000000000000003, ""height"": 230, ""insert_inversion"": false, ""inversion_alpha"": null, ""inversion_flicker_warn"": false, ""long_frame_intervals"": 1, ""max_frame_interval_ms"": 45.79999999998836, ""mean_frame_interval_ms"": 4.1815544412607535, ""mode"": ""temporal"", ""n"": 3, ""noise_residual"": 0, ""observed_effective_cycle_hz"": 79.71517243545253, ""observed_full_cycle_hz"": 79.71517243545253, ""observed_refresh_hz"": 239.1455173063576, ""per_cycle_slots"": 3, ""permutation"": [0, 2, 1], ""refresh_hz"": 238.0952380954031, ""rendered_frames"": 2793, ""safe_flicker_hz"": 50, ""timing_intervals"": 2792, ""width"": 900}"
P052,62,n4_mask_only,层数 4，仅遮罩,4,4,mask-only,itituva inadobe vonozo pusun olefa zasal usinomo tivugir lume raful utumo bukiriv unitu uronuba tawuru miletez sipu fododo reredo tesu uraz takupus ruke muku kewomu akudu,5,5,5,,4,10788,2026-07-13T06:06:37.025Z,2026-07-13T06:06:47.813Z,"{""anti_ocr"": {""profile"": ""off""}, ""completeness_ok"": true, ""counts"": [52057, 51846, 51297, 51800], ""cycle_hz"": 59.52380952385077, ""cycles"": 1, ""dropped_frame_rate"": 0.004230769230769231, ""dropped_frames"": 11, ""epsilonPixels"": 8, ""frame_count"": 4, ""gamma"": 4.4, ""height"": 230, ""insert_inversion"": false, ""inversion_alpha"": null, ""inversion_flicker_warn"": false, ""long_frame_intervals"": 1, ""max_frame_interval_ms"": 50, ""mean_frame_interval_ms"": 4.184356894553877, ""mode"": ""temporal"", ""n"": 4, ""noise_residual"": 0, ""observed_effective_cycle_hz"": 59.74633768103908, ""observed_full_cycle_hz"": 59.74633768103908, ""observed_refresh_hz"": 238.98535072415632, ""per_cycle_slots"": 4, ""permutation"": [0, 3, 1, 2], ""refresh_hz"": 238.0952380954031, ""rendered_frames"": 2590, ""safe_flicker_hz"": 50, ""timing_intervals"": 2589, ""width"": 900}"
P052,62,n4_mask_noise,层数 4，遮罩 + 噪声,4,4,mask+noise,ivabe ameleka kokimop uzuzid sanu umipi abitib utelu konegus ipurup obup alizi arowuzo tenu asalu umibu kupipol dame sipofu panitom bosin arir ifukifo opubu ugifo ireb of,5,4,5,,5,11803,2026-07-13T06:06:47.858Z,2026-07-13T06:06:59.661Z,"{""anti_ocr"": {""profile"": ""off""}, ""completeness_ok"": true, ""counts"": [51929, 51778, 51742, 51551], ""cycle_hz"": 59.52380952385077, ""cycles"": 1, ""dropped_frame_rate"": 0.0035174111853675696, ""dropped_frames"": 10, ""epsilonPixels"": 8, ""frame_count"": 4, ""gamma"": 4.4, ""height"": 230, ""insert_inversion"": false, ""inversion_alpha"": null, ""inversion_flicker_warn"": false, ""long_frame_intervals"": 1, ""max_frame_interval_ms"": 45.899999999965075, ""mean_frame_interval_ms"": 4.181362513236848, ""mode"": ""temporal"", ""n"": 4, ""noise_residual"": 0, ""observed_effective_cycle_hz"": 59.789123571223605, ""observed_full_cycle_hz"": 59.789123571223605, ""observed_refresh_hz"": 239.15649428489442, ""per_cycle_slots"": 4, ""permutation"": [0, 1, 3, 2], ""refresh_hz"": 238.0952380954031, ""rendered_frames"": 2834, ""safe_flicker_hz"": 50, ""timing_intervals"": 2833, ""width"": 900}"
P053,63,n2_mask_noise,层数 2，遮罩 + 噪声,2,2,mask+noise,fefen roku fikonus gofot mepiti bakodob igizob umasi ifute evukiw irob ugigebo epubowu fireb anupen vomawim igemazu togap tatil omivisa kekida weso idasenu bito ariper za,4,3,4,,0,15167,2026-07-13T06:14:41.239Z,2026-07-13T06:14:56.406Z,"{""anti_ocr"": {""profile"": ""off""}, ""completeness_ok"": true, ""counts"": [103376, 103624], ""cycle_hz"": 119.04761904811402, ""cycles"": 1, ""dropped_frame_rate"": 0.0021923814743765417, ""dropped_frames"": 8, ""epsilonPixels"": 8, ""frame_count"": 2, ""gamma"": 2.2, ""height"": 230, ""insert_inversion"": false, ""inversion_alpha"": null, ""inversion_flicker_warn"": false, ""long_frame_intervals"": 1, ""max_frame_interval_ms"": 37.40000000002328, ""mean_frame_interval_ms"": 4.175748420763533, ""mode"": ""temporal"", ""n"": 2, ""noise_residual"": 0, ""observed_effective_cycle_hz"": 119.73901433184888, ""observed_full_cycle_hz"": 119.73901433184888, ""observed_refresh_hz"": 239.47802866369776, ""per_cycle_slots"": 2, ""permutation"": [1, 0], ""refresh_hz"": 238.09523809622803, ""rendered_frames"": 3642, ""safe_flicker_hz"": 50, ""timing_intervals"": 3641, ""width"": 900}"
P053,63,n3_mask_noise,层数 3，遮罩 + 噪声,3,3,mask+noise,ovage ligelow agim izar iwol zawun punuz ibiku azebo utiwuf omakire iwurute ewite ilaleg igatoz kemi ozuguvi ovegu asedo afowese afak upavifi perofe lekef uzav tokede ezu,4,4,4,,1,21960,2026-07-13T06:14:56.502Z,2026-07-13T06:15:18.462Z,"{""anti_ocr"": {""profile"": ""off""}, ""completeness_ok"": true, ""counts"": [68901, 68945, 69154], ""cycle_hz"": 79.36507936540934, ""cycles"": 1, ""dropped_frame_rate"": 0.003968253968253968, ""dropped_frames"": 21, ""epsilonPixels"": 8, ""frame_count"": 3, ""gamma"": 3.3000000000000003, ""height"": 230, ""insert_inversion"": false, ""inversion_alpha"": null, ""inversion_flicker_warn"": false, ""long_frame_intervals"": 1, ""max_frame_interval_ms"": 91.60000000003492, ""mean_frame_interval_ms"": 4.183228988806676, ""mode"": ""temporal"", ""n"": 3, ""noise_residual"": 0, ""observed_effective_cycle_hz"": 79.68326243321938, ""observed_full_cycle_hz"": 79.68326243321938, ""observed_refresh_hz"": 239.04978729965813, ""per_cycle_slots"": 3, ""permutation"": [2, 0, 1], ""refresh_hz"": 238.09523809622803, ""rendered_frames"": 5272, ""safe_flicker_hz"": 50, ""timing_intervals"": 5271, ""width"": 900}"
P053,63,control_anchor,未遮罩原文（量表锚点）,1,1,none,tobag pewin evetet owirit avovuz pose utuwi sawopep esorol nepetas omuv udas egadara dikaw tufem totuwef adara unozase nufo naziros tolodu pame alaf keporo orudip wefivoz,5,5,5,,2,14151,2026-07-13T06:15:18.463Z,2026-07-13T06:15:32.614Z,"{""anti_ocr"": {""profile"": ""off""}, ""cycle_hz"": 238.09523809622803, ""cycles"": 1, ""dropped_frame_rate"": 0, ""dropped_frames"": 0, ""frame_count"": 1, ""height"": 230, ""insert_inversion"": false, ""long_frame_intervals"": 0, ""max_frame_interval_ms"": 4.5, ""mean_frame_interval_ms"": 4.166637220259118, ""mode"": ""source_control"", ""n"": 1, ""observed_effective_cycle_hz"": 240.00169612506153, ""observed_full_cycle_hz"": 240.00169612506153, ""observed_refresh_hz"": 240.00169612506153, ""per_cycle_slots"": 1, ""refresh_hz"": 238.09523809622803, ""rendered_frames"": 3397, ""safe_flicker_hz"": 50, ""timing_intervals"": 3396, ""width"": 900}"
P053,63,n4_mask_noise,层数 4，遮罩 + 噪声,4,4,mask+noise,dedavad nuwufu tenizos funuvub umurop gevi wofudum vedu abem usuzo pewu ruvip avagesi dume gapudi dokila ewup rimi ibasife sudem kudas ozez utapof dadawuf kodere kidama r,3,4,3,,3,10554,2026-07-13T06:15:32.676Z,2026-07-13T06:15:43.230Z,"{""anti_ocr"": {""profile"": ""off""}, ""completeness_ok"": true, ""counts"": [51847, 51858, 51592, 51703], ""cycle_hz"": 59.52380952405701, ""cycles"": 1, ""dropped_frame_rate"": 0.005106048703849175, ""dropped_frames"": 13, ""epsilonPixels"": 8, ""frame_count"": 4, ""gamma"": 4.4, ""height"": 230, ""insert_inversion"": false, ""inversion_alpha"": null, ""inversion_flicker_warn"": false, ""long_frame_intervals"": 1, ""max_frame_interval_ms"": 58.29999999998836, ""mean_frame_interval_ms"": 4.1879984208448295, ""mode"": ""temporal"", ""n"": 4, ""noise_residual"": 0, ""observed_effective_cycle_hz"": 59.694387360721215, ""observed_full_cycle_hz"": 59.694387360721215, ""observed_refresh_hz"": 238.77754944288486, ""per_cycle_slots"": 4, ""permutation"": [1, 3, 2, 0], ""refresh_hz"": 238.09523809622803, ""rendered_frames"": 2534, ""safe_flicker_hz"": 50, ""timing_intervals"": 2533, ""width"": 900}"
P053,63,deployed_full,实际部署完整配置,4,4,mask+noise+anti-ocr+inversion,gufal ruwa ifezefa atika inotek dulob direbu vuwovit ologo etatuwa lipofu odin dosuv vepagul pulawe kida rutaguw ifisoto ropop ebupi olodi zizil ewasa ugelile kunidof iwo,2,2,2,,4,10913,2026-07-13T06:15:43.573Z,2026-07-13T06:15:54.486Z,"{""anti_ocr"": {""glyph_alpha"": 0.12, ""profile"": ""strong"", ""salient_pixels"": 25837, ""stripe_alpha"": 0.1, ""stripe_width"": 10}, ""completeness_ok"": true, ""counts"": [51433, 51730, 51921, 51916], ""cycle_hz"": 59.52380952405701, ""cycles"": 6, ""dropped_frame_rate"": 0.02962962962962963, ""dropped_frames"": 80, ""epsilonPixels"": 8, ""frame_count"": 30, ""gamma"": 4.4, ""height"": 230, ""insert_inversion"": true, ""inversion_alpha"": 0.2, ""inversion_flicker_warn"": true, ""long_frame_intervals"": 1, ""max_frame_interval_ms"": 341.6000000000349, ""mean_frame_interval_ms"": 4.295419847328244, ""mode"": ""temporal"", ""n"": 4, ""noise_residual"": 0, ""observed_effective_cycle_hz"": 58.20152834547717, ""observed_full_cycle_hz"": 46.56122267638174, ""observed_refresh_hz"": 232.8061133819087, ""per_cycle_slots"": 5, ""permutation"": [3, 1, 0, 2], ""refresh_hz"": 238.09523809622803, ""rendered_frames"": 2621, ""safe_flicker_hz"": 50, ""timing_intervals"": 2620, ""width"": 900}"
P053,63,n4_mask_only,层数 4，仅遮罩,4,4,mask-only,edulazi sunugi akaf sesefuk ezav odevu anabesi rudipis etupew sibowe efagaza ozawa fade mebef isasim udogev ezug upalofe iwifatu pefo isaw lenek puwot atakabo tubof luvu,3,4,3,,5,10500,2026-07-13T06:15:54.506Z,2026-07-13T06:16:05.006Z,"{""anti_ocr"": {""profile"": ""off""}, ""completeness_ok"": true, ""counts"": [51906, 51400, 52061, 51633], ""cycle_hz"": 59.52380952405701, ""cycles"": 1, ""dropped_frame_rate"": 0.0011885895404120444, ""dropped_frames"": 3, ""epsilonPixels"": 8, ""frame_count"": 4, ""gamma"": 4.4, ""height"": 230, ""insert_inversion"": false, ""inversion_alpha"": null, ""inversion_flicker_warn"": false, ""long_frame_intervals"": 1, ""max_frame_interval_ms"": 16.600000000034925, ""mean_frame_interval_ms"": 4.171598571995231, ""mode"": ""temporal"", ""n"": 4, ""noise_residual"": 0, ""observed_effective_cycle_hz"": 59.92906452655814, ""observed_full_cycle_hz"": 59.92906452655814, ""observed_refresh_hz"": 239.71625810623257, ""per_cycle_slots"": 4, ""permutation"": [3, 2, 1, 0], ""refresh_hz"": 238.09523809622803, ""rendered_frames"": 2522, ""safe_flicker_hz"": 50, ""timing_intervals"": 2521, ""width"": 900}"
P054,64,n2_mask_noise,层数 2，遮罩 + 噪声,2,2,mask+noise,idimomi woruwu evig zudalow obope elulem anakof upepaf lapofa ifulupa nipaf afisul baferel dade movubok uzufu uwuta nolis ikap operuro kufuwu ipeziz lisita ezimir isogu e,5,5,5,,0,12708,2026-07-13T06:24:06.931Z,2026-07-13T06:24:19.639Z,"{""anti_ocr"": {""profile"": ""off""}, ""completeness_ok"": true, ""counts"": [103077, 103923], ""cycle_hz"": 119.04761904811402, ""cycles"": 1, ""dropped_frame_rate"": 0.005542875774372351, ""dropped_frames"": 17, ""epsilonPixels"": 8, ""frame_count"": 2, ""gamma"": 2.2, ""height"": 230, ""insert_inversion"": false, ""inversion_alpha"": null, ""inversion_flicker_warn"": false, ""long_frame_intervals"": 1, ""max_frame_interval_ms"": 75, ""mean_frame_interval_ms"": 4.189868852459009, ""mode"": ""temporal"", ""n"": 2, ""noise_residual"": 0, ""observed_effective_cycle_hz"": 119.33547745928921, ""observed_full_cycle_hz"": 119.33547745928921, ""observed_refresh_hz"": 238.67095491857842, ""per_cycle_slots"": 2, ""permutation"": [0, 1], ""refresh_hz"": 238.09523809622803, ""rendered_frames"": 3051, ""safe_flicker_hz"": 50, ""timing_intervals"": 3050, ""width"": 900}"
P054,64,n3_mask_noise,层数 3，遮罩 + 噪声,3,3,mask+noise,ufanoze otukef elemel opigoba vumow ezubetu ewar evem nuno ufako kife sarosam orom wive otidesu vilob lefe rota lusi sasidi soranal ugosi egan ibur iralit azubo diditas o,4,5,4,,1,16076,2026-07-13T06:24:19.699Z,2026-07-13T06:24:35.775Z,"{""anti_ocr"": {""profile"": ""off""}, ""completeness_ok"": true, ""counts"": [69411, 68918, 68671], ""cycle_hz"": 79.36507936540934, ""cycles"": 1, ""dropped_frame_rate"": 0.0033574380165289257, ""dropped_frames"": 13, ""epsilonPixels"": 8, ""frame_count"": 3, ""gamma"": 3.3000000000000003, ""height"": 230, ""insert_inversion"": false, ""inversion_alpha"": null, ""inversion_flicker_warn"": false, ""long_frame_intervals"": 1, ""max_frame_interval_ms"": 58.29999999998836, ""mean_frame_interval_ms"": 4.180668566986269, ""mode"": ""temporal"", ""n"": 3, ""noise_residual"": 0, ""observed_effective_cycle_hz"": 79.7320639013545, ""observed_full_cycle_hz"": 79.7320639013545, ""observed_refresh_hz"": 239.19619170406347, ""per_cycle_slots"": 3, ""permutation"": [2, 0, 1], ""refresh_hz"": 238.09523809622803, ""rendered_frames"": 3860, ""safe_flicker_hz"": 50, ""timing_intervals"": 3859, ""width"": 900}"
P054,64,control_anchor,未遮罩原文（量表锚点）,1,1,none,wokag legebew ezafefa tipa aweke afawibi basisum zete suvog gegafa kivole otuzi kagip fawotap gigivo alofo everoz tuku idom ifiveda adovav opok zimewu inam otom gufiv awo,5,5,5,,2,10759,2026-07-13T06:24:35.776Z,2026-07-13T06:24:46.535Z,"{""anti_ocr"": {""profile"": ""off""}, ""cycle_hz"": 238.09523809622803, ""cycles"": 1, ""dropped_frame_rate"": 0, ""dropped_frames"": 0, ""frame_count"": 1, ""height"": 230, ""insert_inversion"": false, ""long_frame_intervals"": 0, ""max_frame_interval_ms"": 4.600000000034925, ""mean_frame_interval_ms"": 4.16667958155754, ""mode"": ""source_control"", ""n"": 1, ""observed_effective_cycle_hz"": 239.99925610459144, ""observed_full_cycle_hz"": 239.99925610459144, ""observed_refresh_hz"": 239.99925610459144, ""per_cycle_slots"": 1, ""refresh_hz"": 238.09523809622803, ""rendered_frames"": 2582, ""safe_flicker_hz"": 50, ""timing_intervals"": 2581, ""width"": 900}"
P054,64,n4_mask_noise,层数 4，遮罩 + 噪声,4,4,mask+noise,zudunug guzipol afazip ropiz epibap abis zekafem idif tawitud epidaw isaduv ilekopo puwunuv ezali zuzi berakan wasa ukeniv lelupo ibon takepot dozemu rozuguz zitagiz ofof,4,5,4,,3,10678,2026-07-13T06:24:46.592Z,2026-07-13T06:24:57.271Z,"{""anti_ocr"": {""profile"": ""off""}, ""completeness_ok"": true, ""counts"": [51920, 51583, 51940, 51557], ""cycle_hz"": 59.52380952405701, ""cycles"": 1, ""dropped_frame_rate"": 0.005046583850931677, ""dropped_frames"": 13, ""epsilonPixels"": 8, ""frame_count"": 4, ""gamma"": 4.4, ""height"": 230, ""insert_inversion"": false, ""inversion_alpha"": null, ""inversion_flicker_warn"": false, ""long_frame_intervals"": 1, ""max_frame_interval_ms"": 58.40000000002328, ""mean_frame_interval_ms"": 4.187748731954745, ""mode"": ""temporal"", ""n"": 4, ""noise_residual"": 0, ""observed_effective_cycle_hz"": 59.69794655834228, ""observed_full_cycle_hz"": 59.69794655834228, ""observed_refresh_hz"": 238.79178623336912, ""per_cycle_slots"": 4, ""permutation"": [3, 1, 2, 0], ""refresh_hz"": 238.09523809622803, ""rendered_frames"": 2564, ""safe_flicker_hz"": 50, ""timing_intervals"": 2563, ""width"": 900}"
P054,64,deployed_full,实际部署完整配置,4,4,mask+noise+anti-ocr+inversion,nari unud ozukes wosem urolol awofuna silete watab odibol lezo upoz ulowepi iweduf utiwa dupef korivem ufok rusa egom odizo arefore olebod gezido ibuzug asatire amulap ti,4,2,3,,4,10793,2026-07-13T06:24:57.614Z,2026-07-13T06:25:08.407Z,"{""anti_ocr"": {""glyph_alpha"": 0.12, ""profile"": ""strong"", ""salient_pixels"": 25414, ""stripe_alpha"": 0.1, ""stripe_width"": 10}, ""completeness_ok"": true, ""counts"": [52103, 51773, 51445, 51679], ""cycle_hz"": 59.52380952405701, ""cycles"": 6, ""dropped_frame_rate"": 0.030325720703856234, ""dropped_frames"": 81, ""epsilonPixels"": 8, ""frame_count"": 30, ""gamma"": 4.4, ""height"": 230, ""insert_inversion"": true, ""inversion_alpha"": 0.2, ""inversion_flicker_warn"": true, ""long_frame_intervals"": 2, ""max_frame_interval_ms"": 341.5999999999767, ""mean_frame_interval_ms"": 4.2985328185328004, ""mode"": ""temporal"", ""n"": 4, ""noise_residual"": 0, ""observed_effective_cycle_hz"": 58.15937915424161, ""observed_full_cycle_hz"": 46.52750332339329, ""observed_refresh_hz"": 232.63751661696645, ""per_cycle_slots"": 5, ""permutation"": [1, 3, 2, 0], ""refresh_hz"": 238.09523809622803, ""rendered_frames"": 2591, ""safe_flicker_hz"": 50, ""timing_intervals"": 2590, ""width"": 900}"
P054,64,n4_mask_only,层数 4，仅遮罩,4,4,mask-only,nozir igivemi uzaf nedo adipap anobif mura afaso amele itid vibir upumu amero pitud doresef ruwun afile bibo amatado rerawo esiw sugos irob rekavi oputa dupufa abet onub,5,4,5,,5,10437,2026-07-13T06:25:08.426Z,2026-07-13T06:25:18.863Z,"{""anti_ocr"": {""profile"": ""off""}, ""completeness_ok"": true, ""counts"": [51941, 51972, 51982, 51105], ""cycle_hz"": 59.52380952405701, ""cycles"": 1, ""dropped_frame_rate"": 0.0011961722488038277, ""dropped_frames"": 3, ""epsilonPixels"": 8, ""frame_count"": 4, ""gamma"": 4.4, ""height"": 230, ""insert_inversion"": false, ""inversion_alpha"": null, ""inversion_flicker_warn"": false, ""long_frame_intervals"": 1, ""max_frame_interval_ms"": 16.600000000093132, ""mean_frame_interval_ms"": 4.171616766467075, ""mode"": ""temporal"", ""n"": 4, ""noise_residual"": 0, ""observed_effective_cycle_hz"": 59.92880314644146, ""observed_full_cycle_hz"": 59.92880314644146, ""observed_refresh_hz"": 239.71521258576584, ""per_cycle_slots"": 4, ""permutation"": [1, 3, 0, 2], ""refresh_hz"": 238.09523809622803, ""rendered_frames"": 2506, ""safe_flicker_hz"": 50, ""timing_intervals"": 2505, ""width"": 900}"
P055,65,n3_mask_noise,层数 3，遮罩 + 噪声,3,3,mask+noise,worakil etovi akinir enimo etem bawag ogasi ipewob ififune rakoku uwok atid izot edabos namo rakafu netid vuzul evoti tokugeg umonu vabemo ebeleka isusa ginumaf ubarud iz,5,5,5,,0,18064,2026-07-13T06:30:43.816Z,2026-07-13T06:31:01.879Z,"{""anti_ocr"": {""profile"": ""off""}, ""completeness_ok"": true, ""counts"": [68990, 68970, 69040], ""cycle_hz"": 79.36507936513436, ""cycles"": 1, ""dropped_frame_rate"": 0.004591368227731864, ""dropped_frames"": 20, ""epsilonPixels"": 8, ""frame_count"": 3, ""gamma"": 3.3000000000000003, ""height"": 230, ""insert_inversion"": false, ""inversion_alpha"": null, ""inversion_flicker_warn"": false, ""long_frame_intervals"": 1, ""max_frame_interval_ms"": 87.40000000002328, ""mean_frame_interval_ms"": 4.185839483394831, ""mode"": ""temporal"", ""n"": 3, ""noise_residual"": 0, ""observed_effective_cycle_hz"": 79.63356804666356, ""observed_full_cycle_hz"": 79.63356804666356, ""observed_refresh_hz"": 238.90070413999067, ""per_cycle_slots"": 3, ""permutation"": [2, 1, 0], ""refresh_hz"": 238.0952380954031, ""rendered_frames"": 4337, ""safe_flicker_hz"": 50, ""timing_intervals"": 4336, ""width"": 900}"
P055,65,n4_mask_noise,层数 4，遮罩 + 噪声,4,4,mask+noise,iganik urav elidaw zisuf orup ugeli sibe zumiga kosedef fawaku fina saza alepu vasi tuma fozo nurek emel edogo isosora pumikes izuk ifan sisuno eluwur nenut uvunas irofar,5,5,5,,1,11468,2026-07-13T06:31:01.947Z,2026-07-13T06:31:13.415Z,"{""anti_ocr"": {""profile"": ""off""}, ""completeness_ok"": true, ""counts"": [51787, 51918, 51762, 51533], ""cycle_hz"": 59.52380952385077, ""cycles"": 1, ""dropped_frame_rate"": 0.005059631369714492, ""dropped_frames"": 14, ""epsilonPixels"": 8, ""frame_count"": 4, ""gamma"": 4.4, ""height"": 230, ""insert_inversion"": false, ""inversion_alpha"": null, ""inversion_flicker_warn"": false, ""long_frame_intervals"": 1, ""max_frame_interval_ms"": 62.600000000034925, ""mean_frame_interval_ms"": 4.1878314565928205, ""mode"": ""temporal"", ""n"": 4, ""noise_residual"": 0, ""observed_effective_cycle_hz"": 59.69676731054444, ""observed_full_cycle_hz"": 59.69676731054444, ""observed_refresh_hz"": 238.78706924217775, ""per_cycle_slots"": 4, ""permutation"": [2, 0, 3, 1], ""refresh_hz"": 238.0952380954031, ""rendered_frames"": 2754, ""safe_flicker_hz"": 50, ""timing_intervals"": 2753, ""width"": 900}"
P055,65,n2_mask_noise,层数 2，遮罩 + 噪声,2,2,mask+noise,nezito ibip ovare muka lonevil tematiw etawove utiliv imoniru werube sebeb lisako tuwo guse atasoz pofa inaz lozabe pulope desa utebu okub ariwise uguk iwev borad obonoku,5,5,5,,2,10795,2026-07-13T06:31:13.452Z,2026-07-13T06:31:24.247Z,"{""anti_ocr"": {""profile"": ""off""}, ""completeness_ok"": true, ""counts"": [103576, 103424], ""cycle_hz"": 119.04761904770155, ""cycles"": 1, ""dropped_frame_rate"": 0.0030781069642170067, ""dropped_frames"": 8, ""epsilonPixels"": 8, ""frame_count"": 2, ""gamma"": 2.2, ""height"": 230, ""insert_inversion"": false, ""inversion_alpha"": null, ""inversion_flicker_warn"": false, ""long_frame_intervals"": 1, ""max_frame_interval_ms"": 37.40000000002328, ""mean_frame_interval_ms"": 4.17950598224625, ""mode"": ""temporal"", ""n"": 2, ""noise_residual"": 0, ""observed_effective_cycle_hz"": 119.63136364056069, ""observed_full_cycle_hz"": 119.63136364056069, ""observed_refresh_hz"": 239.26272728112139, ""per_cycle_slots"": 2, ""permutation"": [1, 0], ""refresh_hz"": 238.0952380954031, ""rendered_frames"": 2592, ""safe_flicker_hz"": 50, ""timing_intervals"": 2591, ""width"": 900}"
P055,65,n4_mask_only,层数 4，仅遮罩,4,4,mask-only,onizadi uvev lulinal unagob umeso ogugiba kopi owefe esikaz igezer desur gebili evefaz olol unuw sutuwem numawe kimum opudaz lomire notupaw zuru miko uzotape inukam gutit,5,5,5,,3,10757,2026-07-13T06:31:24.266Z,2026-07-13T06:31:35.023Z,"{""anti_ocr"": {""profile"": ""off""}, ""completeness_ok"": true, ""counts"": [51814, 51656, 51757, 51773], ""cycle_hz"": 59.52380952385077, ""cycles"": 1, ""dropped_frame_rate"": 0.0011605415860735009, ""dropped_frames"": 3, ""epsilonPixels"": 8, ""frame_count"": 4, ""gamma"": 4.4, ""height"": 230, ""insert_inversion"": false, ""inversion_alpha"": null, ""inversion_flicker_warn"": false, ""long_frame_intervals"": 1, ""max_frame_interval_ms"": 16.599999999976717, ""mean_frame_interval_ms"": 4.171456235476357, ""mode"": ""temporal"", ""n"": 4, ""noise_residual"": 0, ""observed_effective_cycle_hz"": 59.93110939864659, ""observed_full_cycle_hz"": 59.93110939864659, ""observed_refresh_hz"": 239.72443759458636, ""per_cycle_slots"": 4, ""permutation"": [1, 0, 2, 3], ""refresh_hz"": 238.0952380954031, ""rendered_frames"": 2583, ""safe_flicker_hz"": 50, ""timing_intervals"": 2582, ""width"": 900}"
P055,65,control_anchor,未遮罩原文（量表锚点）,1,1,none,otis ozon adala udisiz epelel medowu owulogu oluwot wige ilupo onomul iredulo dofed nizov sabim zadobud enilin dazare awesot uzafur pole wupow eselufa ukil kede nadabas d,5,5,5,,4,10542,2026-07-13T06:31:35.025Z,2026-07-13T06:31:45.567Z,"{""anti_ocr"": {""profile"": ""off""}, ""cycle_hz"": 238.0952380954031, ""cycles"": 1, ""dropped_frame_rate"": 0, ""dropped_frames"": 0, ""frame_count"": 1, ""height"": 230, ""insert_inversion"": false, ""long_frame_intervals"": 0, ""max_frame_interval_ms"": 4.600000000034925, ""mean_frame_interval_ms"": 4.1666798418972375, ""mode"": ""source_control"", ""n"": 1, ""observed_effective_cycle_hz"": 239.99924110911877, ""observed_full_cycle_hz"": 239.99924110911877, ""observed_refresh_hz"": 239.99924110911877, ""per_cycle_slots"": 1, ""refresh_hz"": 238.0952380954031, ""rendered_frames"": 2531, ""safe_flicker_hz"": 50, ""timing_intervals"": 2530, ""width"": 900}"
P055,65,deployed_full,实际部署完整配置,4,4,mask+noise+anti-ocr+inversion,fawada ipapobi adenez ilus selofo usego togubed aludeku eborok uwik bokeb faduma agike niwovu ipedep epur fekiged vufavad sufevu ezulos azepike upevo uvozak apami inere a,3,1,2,,5,11028,2026-07-13T06:31:45.907Z,2026-07-13T06:31:56.935Z,"{""anti_ocr"": {""glyph_alpha"": 0.12, ""profile"": ""strong"", ""salient_pixels"": 25943, ""stripe_alpha"": 0.1, ""stripe_width"": 10}, ""completeness_ok"": true, ""counts"": [51352, 51933, 51850, 51865], ""cycle_hz"": 59.52380952385077, ""cycles"": 6, ""dropped_frame_rate"": 0.029347028613352897, ""dropped_frames"": 80, ""epsilonPixels"": 8, ""frame_count"": 30, ""gamma"": 4.4, ""height"": 230, ""insert_inversion"": true, ""inversion_alpha"": 0.2, ""inversion_flicker_warn"": true, ""long_frame_intervals"": 2, ""max_frame_interval_ms"": 337.5, ""mean_frame_interval_ms"": 4.294179894179903, ""mode"": ""temporal"", ""n"": 4, ""noise_residual"": 0, ""observed_effective_cycle_hz"": 58.218334154755915, ""observed_full_cycle_hz"": 46.57466732380473, ""observed_refresh_hz"": 232.87333661902366, ""per_cycle_slots"": 5, ""permutation"": [3, 0, 1, 2], ""refresh_hz"": 238.0952380954031, ""rendered_frames"": 2647, ""safe_flicker_hz"": 50, ""timing_intervals"": 2646, ""width"": 900}"
P056,66,n3_mask_noise,层数 3，遮罩 + 噪声,3,3,mask+noise,pevipuv lowe wulizo badis dibe obenug elig sidef ofid obuv ufoz etonit gapuf akimes nekud epal abida oredes ipibasa ofuwe sodu apenido vate egufib bilinal tofis ilelob ba,4,5,4,,0,24590,2026-07-13T06:37:34.850Z,2026-07-13T06:37:59.440Z,"{""anti_ocr"": {""profile"": ""off""}, ""completeness_ok"": true, ""counts"": [68905, 69183, 68912], ""cycle_hz"": 79.36507936513436, ""cycles"": 1, ""dropped_frame_rate"": 0.003377237419790611, ""dropped_frames"": 20, ""epsilonPixels"": 8, ""frame_count"": 3, ""gamma"": 3.3000000000000003, ""height"": 230, ""insert_inversion"": false, ""inversion_alpha"": null, ""inversion_flicker_warn"": false, ""long_frame_intervals"": 1, ""max_frame_interval_ms"": 87.5, ""mean_frame_interval_ms"": 4.180769230769235, ""mode"": ""temporal"", ""n"": 3, ""noise_residual"": 0, ""observed_effective_cycle_hz"": 79.73014412756815, ""observed_full_cycle_hz"": 79.73014412756815, ""observed_refresh_hz"": 239.19043238270447, ""per_cycle_slots"": 3, ""permutation"": [0, 1, 2], ""refresh_hz"": 238.0952380954031, ""rendered_frames"": 5903, ""safe_flicker_hz"": 50, ""timing_intervals"": 5902, ""width"": 900}"
P056,66,n4_mask_noise,层数 4，遮罩 + 噪声,4,4,mask+noise,unotazo odado voluvot ezeg evodi asifum irone sigus menavef anawom alib elafoke rumuga ewugo tano umes firut ubitina ibud bakos orute unirule dukuz bafegak unif fupos anu,4,5,3,,1,10635,2026-07-13T06:37:59.508Z,2026-07-13T06:38:10.144Z,"{""anti_ocr"": {""profile"": ""off""}, ""completeness_ok"": true, ""counts"": [51640, 51793, 51901, 51666], ""cycle_hz"": 59.52380952385077, ""cycles"": 1, ""dropped_frame_rate"": 0.005841121495327103, ""dropped_frames"": 15, ""epsilonPixels"": 8, ""frame_count"": 4, ""gamma"": 4.4, ""height"": 230, ""insert_inversion"": false, ""inversion_alpha"": null, ""inversion_flicker_warn"": false, ""long_frame_intervals"": 1, ""max_frame_interval_ms"": 66.70000000001164, ""mean_frame_interval_ms"": 4.1911084998041614, ""mode"": ""temporal"", ""n"": 4, ""noise_residual"": 0, ""observed_effective_cycle_hz"": 59.65009018775863, ""observed_full_cycle_hz"": 59.65009018775863, ""observed_refresh_hz"": 238.60036075103451, ""per_cycle_slots"": 4, ""permutation"": [1, 2, 0, 3], ""refresh_hz"": 238.0952380954031, ""rendered_frames"": 2554, ""safe_flicker_hz"": 50, ""timing_intervals"": 2553, ""width"": 900}"
P056,66,n2_mask_noise,层数 2，遮罩 + 噪声,2,2,mask+noise,rirulev iwifozo donagaz ebilide zigi vagazom tudi ubofede tebera lilu unedina idotaka furuzu urime irot zemi amubile mitamum osugema akobi bufoki woda afuza eruzaza umiw,5,5,5,,2,10472,2026-07-13T06:38:10.184Z,2026-07-13T06:38:20.656Z,"{""anti_ocr"": {""profile"": ""off""}, ""completeness_ok"": true, ""counts"": [103507, 103493], ""cycle_hz"": 119.04761904770155, ""cycles"": 1, ""dropped_frame_rate"": 0.0031720856463124504, ""dropped_frames"": 8, ""epsilonPixels"": 8, ""frame_count"": 2, ""gamma"": 2.2, ""height"": 230, ""insert_inversion"": false, ""inversion_alpha"": null, ""inversion_flicker_warn"": false, ""long_frame_intervals"": 1, ""max_frame_interval_ms"": 37.5, ""mean_frame_interval_ms"": 4.179872712808279, ""mode"": ""temporal"", ""n"": 2, ""noise_residual"": 0, ""observed_effective_cycle_hz"": 119.62086751298972, ""observed_full_cycle_hz"": 119.62086751298972, ""observed_refresh_hz"": 239.24173502597944, ""per_cycle_slots"": 2, ""permutation"": [0, 1], ""refresh_hz"": 238.0952380954031, ""rendered_frames"": 2515, ""safe_flicker_hz"": 50, ""timing_intervals"": 2514, ""width"": 900}"
P056,66,n4_mask_only,层数 4，仅遮罩,4,4,mask-only,uwokiv besu upap silemor gulin asimig eziligi akiwe emerof bivo zubew asate ofeki isita lebi ewizev zugu lubu giwolas olamos gofipi etagi fazuro dodi ritag pivuki ikabe d,3,5,3,,3,10837,2026-07-13T06:38:20.675Z,2026-07-13T06:38:31.512Z,"{""anti_ocr"": {""profile"": ""off""}, ""completeness_ok"": true, ""counts"": [51978, 51652, 51554, 51816], ""cycle_hz"": 59.52380952385077, ""cycles"": 1, ""dropped_frame_rate"": 0.001152073732718894, ""dropped_frames"": 3, ""epsilonPixels"": 8, ""frame_count"": 4, ""gamma"": 4.4, ""height"": 230, ""insert_inversion"": false, ""inversion_alpha"": null, ""inversion_flicker_warn"": false, ""long_frame_intervals"": 1, ""max_frame_interval_ms"": 16.70000000001164, ""mean_frame_interval_ms"": 4.171434063821616, ""mode"": ""temporal"", ""n"": 4, ""noise_residual"": 0, ""observed_effective_cycle_hz"": 59.931427939427884, ""observed_full_cycle_hz"": 59.931427939427884, ""observed_refresh_hz"": 239.72571175771154, ""per_cycle_slots"": 4, ""permutation"": [2, 3, 1, 0], ""refresh_hz"": 238.0952380954031, ""rendered_frames"": 2602, ""safe_flicker_hz"": 50, ""timing_intervals"": 2601, ""width"": 900}"
P056,66,control_anchor,未遮罩原文（量表锚点）,1,1,none,miwepa labisi wozosuv wova usisuga lamat emimo ileduk ilik agesul gigis verizug itozaze lodafur lobenel buzosad ilokita elonufa teburuz dadik ufifaza ufado ozumezo ezewe,5,5,4,,4,10582,2026-07-13T06:38:31.514Z,2026-07-13T06:38:42.096Z,"{""anti_ocr"": {""profile"": ""off""}, ""cycle_hz"": 238.0952380954031, ""cycles"": 1, ""dropped_frame_rate"": 0, ""dropped_frames"": 0, ""frame_count"": 1, ""height"": 230, ""insert_inversion"": false, ""long_frame_intervals"": 0, ""max_frame_interval_ms"": 4.400000000023283, ""mean_frame_interval_ms"": 4.166614173228351, ""mode"": ""source_control"", ""n"": 1, ""observed_effective_cycle_hz"": 240.00302366014034, ""observed_full_cycle_hz"": 240.00302366014034, ""observed_refresh_hz"": 240.00302366014034, ""per_cycle_slots"": 1, ""refresh_hz"": 238.0952380954031, ""rendered_frames"": 2541, ""safe_flicker_hz"": 50, ""timing_intervals"": 2540, ""width"": 900}"
P056,66,deployed_full,实际部署完整配置,4,4,mask+noise+anti-ocr+inversion,erobebo urofego enuduma oviwuda gogega tofa alitir guvule powuzed buvip makal tibo lerar imim izawos avawe daboke edigela unawu zuke ugiroz poboza mobif udef segaz olobem,3,3,3,,5,11187,2026-07-13T06:38:42.437Z,2026-07-13T06:38:53.624Z,"{""anti_ocr"": {""glyph_alpha"": 0.12, ""profile"": ""strong"", ""salient_pixels"": 25881, ""stripe_alpha"": 0.1, ""stripe_width"": 10}, ""completeness_ok"": true, ""counts"": [51784, 52002, 51394, 51820], ""cycle_hz"": 59.52380952385077, ""cycles"": 6, ""dropped_frame_rate"": 0.02894356005788712, ""dropped_frames"": 80, ""epsilonPixels"": 8, ""frame_count"": 30, ""gamma"": 4.4, ""height"": 230, ""insert_inversion"": true, ""inversion_alpha"": 0.2, ""inversion_flicker_warn"": true, ""long_frame_intervals"": 2, ""max_frame_interval_ms"": 337.5, ""mean_frame_interval_ms"": 4.29239940387481, ""mode"": ""temporal"", ""n"": 4, ""noise_residual"": 0, ""observed_effective_cycle_hz"": 58.24248316089166, ""observed_full_cycle_hz"": 46.59398652871333, ""observed_refresh_hz"": 232.96993264356664, ""per_cycle_slots"": 5, ""permutation"": [0, 3, 1, 2], ""refresh_hz"": 238.0952380954031, ""rendered_frames"": 2685, ""safe_flicker_hz"": 50, ""timing_intervals"": 2684, ""width"": 900}"
