participant_id,participant_code,included,batch_id,kind,condition,order_index,view_duration_ms,observed_effective_cycle_hz,observed_full_cycle_hz,dropped_frame_rate,long_frame_intervals,max_frame_interval_ms,rating_base_below_50hz,drop_over_1pct_review_only
6,P001,True,july,typing,masked,0,,60.00060000600027,48.00048000480022,0,0,4.400000000023283,False,False
6,P001,True,july,typing,control,1,,240.00160034407455,240.00160034407455,0,0,4.699999999953434,False,False
6,P001,True,july,typing,control,2,,240.00160034407455,240.00160034407455,0,0,4.5,False,False
6,P001,True,july,typing,masked,3,,60.00090001350034,48.00072001080027,0,0,4.5,False,False
6,P001,True,july,rating,n3_mask_noise,0,25180,78.78749938049903,78.78749938049903,0.015000815261699005,2,383.29999999993015,False,True
6,P001,True,july,rating,n4_mask_noise,1,16599,58.531670260329825,58.531670260329825,0.0242409402546523,1,420.9000000000233,False,True
6,P001,True,july,rating,n2_mask_noise,2,15113,117.76162035834848,117.76162035834848,0.0183982683982684,1,291.60000000009313,False,True
6,P001,True,july,rating,n4_mask_only,3,15351,59.40444026025074,59.40444026025074,0.009940891993551854,1,158.30000000004657,False,False
6,P001,True,july,rating,control_anchor,4,10814,240.0029607150137,240.0029607150137,0,0,4.5,False,False
6,P001,True,july,rating,deployed_full,5,11278,47.08871332614067,37.67097066091254,0.2138291690877397,2,3091.600000000093,True,True
7,P002,True,july,typing,control,0,,240.00160034407384,240.00160034407384,0,0,4.7000000000116415,False,False
7,P002,True,july,typing,masked,1,,60.00060000600001,48.00048000480001,0,0,4.600000000005821,False,False
7,P002,True,july,typing,masked,2,,60.000700154033865,48.00056012322709,0,0,4.600000000005821,False,False
7,P002,True,july,typing,control,3,,240.0024000240004,240.0024000240004,0,0,4.5,False,False
7,P002,True,july,rating,n4_mask_noise,0,17397,59.68586986364048,59.68586986364048,0.005243088655862726,2,91.70000000001164,False,False
7,P002,True,july,rating,n4_mask_only,1,13983,59.91102605665494,59.91102605665494,0.001487652484379649,1,25.099999999976717,False,False
7,P002,True,july,rating,n3_mask_noise,2,11794,79.60677458994473,79.60677458994473,0.00492091388400703,1,62.600000000034925,False,False
7,P002,True,july,rating,deployed_full,3,12166,58.20631236390615,46.56504989112492,0.029587765957446808,2,375,False,True
7,P002,True,july,rating,n2_mask_noise,4,11002,119.72763210387023,119.72763210387023,0.0022667170381564035,1,29.199999999953434,False,False
7,P002,True,july,rating,control_anchor,5,10871,240.00294369267826,240.00294369267826,0,0,4.300000000046566,False,False
8,P003,True,july,typing,masked,0,,60.00060000600005,48.00048000480004,0,0,4.400000000008731,False,False
8,P003,True,july,typing,control,1,,240.00160034407418,240.00160034407418,0,0,4.600000000005821,False,False
8,P003,True,july,typing,control,2,,240.00280061613546,240.00280061613546,0,0,4.600000000005821,False,False
8,P003,True,july,typing,masked,3,,60.000400086018544,48.00032006881484,0,0,4.600000000005821,False,False
8,P003,True,july,rating,n4_mask_noise,0,15193,59.67301738976771,59.67301738976771,0.00545404963185165,1,87.60000000000582,False,False
8,P003,True,july,rating,n4_mask_only,1,28047,59.9647266313933,59.9647266313933,0.0005938242280285036,1,20.79999999998836,False,False
8,P003,True,july,rating,n3_mask_noise,2,14387,79.70076447201122,79.70076447201122,0.0037496394577444477,1,58.40000000002328,False,False
8,P003,True,july,rating,deployed_full,3,15009,58.52152721364744,46.81722177091795,0.02437703141928494,2,379.20000000001164,False,True
8,P003,True,july,rating,n2_mask_noise,4,10370,119.7599030377654,119.7599030377654,0.002004008016032064,1,25.099999999976717,False,False
8,P003,True,july,rating,control_anchor,5,10582,240.00378107571603,240.00378107571603,0,0,4.400000000023283,False,False
9,P004,True,july,typing,control,0,,240.00240002400005,240.00240002400005,0,0,4.599999999976717,False,False
9,P004,True,july,typing,masked,1,,60.000400086018544,48.00032006881484,0,0,4.5,False,False
9,P004,True,july,typing,masked,2,,60.00040008601846,48.000320068814766,0,0,4.5,False,False
9,P004,True,july,typing,control,3,,240.00160034407384,240.00160034407384,0,0,4.399999999994179,False,False
9,P004,True,july,rating,n4_mask_only,0,12906,59.76864249168492,59.76864249168492,0.0038585209003215433,1,54.19999999998254,False,False
9,P004,True,july,rating,deployed_full,1,10748,58.108631609293965,46.48690528743517,0.031167855801727377,1,354.0999999999767,False,True
9,P004,True,july,rating,n4_mask_noise,2,11229,59.80118049083566,59.80118049083566,0.0033284023668639054,1,41.600000000034925,False,False
9,P004,True,july,rating,control_anchor,3,10575,240.00302723566057,240.00302723566057,0,0,4.600000000034925,False,False
9,P004,True,july,rating,n3_mask_noise,4,10641,79.56460652280265,79.56460652280265,0.005451713395638629,1,62.5,False,False
9,P004,True,july,rating,n2_mask_noise,5,11073,119.10416461288919,119.10416461288919,0.0074682598954443615,1,87.5,False,False
10,P005,True,july,typing,masked,0,,60.00040008601846,48.000320068814766,0,0,4.7999999999883585,False,False
10,P005,True,july,typing,control,1,,240.0004000840171,240.0004000840171,0,0,4.599999999976717,False,False
10,P005,True,july,typing,control,2,,240.00160034407384,240.00160034407384,0,0,4.400000000023283,False,False
10,P005,True,july,typing,masked,3,,60.00070015403378,48.000560123227025,0,0,4.400000000023283,False,False
10,P005,True,july,rating,n4_mask_only,0,18961,59.84283858344338,59.84283858344338,0.0026298487836949377,1,54.100000000034925,False,False
10,P005,True,july,rating,deployed_full,1,16646,58.76451829275472,47.01161463420378,0.020353114271701816,1,354.20000000001164,False,True
10,P005,True,july,rating,n4_mask_noise,2,15393,59.80628912901298,59.80628912901298,0.0032371189641219314,1,54.20000000001164,False,False
10,P005,True,july,rating,control_anchor,3,10599,240.00302009305764,240.00302009305764,0,0,4.5,False,False
10,P005,True,july,rating,n3_mask_noise,4,16148,79.56987922868984,79.56987922868984,0.005388760585065435,1,91.59999999997672,False,False
10,P005,True,july,rating,n2_mask_noise,5,11328,119.56168045942692,119.56168045942692,0.003664345914254306,1,45.90000000002328,False,False
11,P006,True,july,typing,control,0,,240.00120000600046,240.00120000600046,0,0,4.5,False,False
11,P006,True,july,typing,masked,1,,60.00040008601846,48.000320068814766,0,0,4.5,False,False
11,P006,True,july,typing,masked,2,,60.00070015403396,48.00056012322717,0,0,4.600000000034925,False,False
11,P006,True,july,typing,control,3,,240.00160034407455,240.00160034407455,0,0,4.600000000093132,False,False
11,P006,True,july,rating,deployed_full,0,16203,58.569388456046006,46.85551076483681,0.023606228026117528,2,395.89999999990687,False,True
11,P006,True,july,rating,control_anchor,1,10543,240.00227760168488,240.00227760168488,0,0,4.300000000046566,False,False
11,P006,True,july,rating,n4_mask_only,2,12302,59.8990661181834,59.8990661181834,0.0016903313049357674,1,25.100000000093132,False,False
11,P006,True,july,rating,n2_mask_noise,3,10957,119.23111796173723,119.23111796173723,0.006422364941443143,1,74.90000000002328,False,False
11,P006,True,july,rating,n4_mask_noise,4,10471,59.71609911827276,59.71609911827276,0.004750593824228029,1,54.09999999997672,False,False
11,P006,True,july,rating,n3_mask_noise,5,13255,79.37755226769814,79.37755226769814,0.0077954474586841285,1,108.30000000004657,False,False
12,P007,True,july,typing,masked,0,,60.00030000149999,48.00024000119999,0,0,4.5,False,False
12,P007,True,july,typing,control,1,,240.00120000599975,240.00120000599975,0,0,4.5,False,False
12,P007,True,july,typing,control,2,,240.0012000060001,240.0012000060001,0,0,4.400000000023283,False,False
12,P007,True,july,typing,masked,3,,60.00010002100445,48.00008001680356,0,0,4.5,False,False
12,P007,True,july,rating,deployed_full,0,33343,59.3039456911629,47.44315655293032,0.011488573193329216,2,391.6000000000058,False,True
12,P007,True,july,rating,control_anchor,1,10983,240.00364331906366,240.00364331906366,0,0,4.5,False,False
12,P007,True,july,rating,n4_mask_only,2,19430,59.936348959886516,59.936348959886516,0.0010711225364181663,1,25,False,False
12,P007,True,july,rating,n2_mask_noise,3,12471,119.32384483514731,119.32384483514731,0.005647840531561462,1,74.89999999996508,False,False
12,P007,True,july,rating,n4_mask_noise,4,14311,59.791955327489134,59.791955327489134,0.0034812880765883376,1,54.100000000034925,False,False
12,P007,True,july,rating,n3_mask_noise,5,12705,79.34959349593497,79.34959349593497,0.008130081300813009,1,108.5,False,False
13,P008,True,july,typing,control,0,,240.00160034407418,240.00160034407418,0,0,4.5,False,False
13,P008,True,july,typing,masked,1,,60.00060000600001,48.00048000480001,0,0,4.400000000023283,False,False
13,P008,True,july,typing,masked,2,,60.0006000060001,48.00048000480008,0,0,4.5,False,False
13,P008,True,july,typing,control,3,,240.00400090020253,240.00400090020253,0,0,4.599999999976717,False,False
13,P008,True,july,rating,control_anchor,0,13454,240.00297309350375,240.00297309350375,0,0,4.300000000046566,False,False
13,P008,True,july,rating,n2_mask_noise,1,14941,119.46870233075555,119.46870233075555,0.004440743824590619,1,70.70000000001164,False,False
13,P008,True,july,rating,deployed_full,2,12733,58.358031103914065,46.68642488313125,0.027061445399554282,2,358.29999999998836,False,True
13,P008,True,july,rating,n3_mask_noise,3,12619,79.65874812950516,79.65874812950516,0.004273504273504274,1,58.5,False,False
13,P008,True,july,rating,n4_mask_only,4,18949,59.85565154219108,59.85565154219108,0.002412809826716385,1,50,False,False
13,P008,True,july,rating,n4_mask_noise,5,16938,59.83846851195584,59.83846851195584,0.002698062300711307,1,50.09999999997672,False,False
14,P009,True,july,typing,masked,0,,60.0006000060001,48.00048000480008,0,0,4.5,False,False
14,P009,True,july,typing,control,1,,240.0024000240004,240.0024000240004,0,0,4.400000000023283,False,False
14,P009,True,july,typing,control,2,,240.00280061613583,240.00280061613583,0,0,4.400000000023283,False,False
14,P009,True,july,typing,masked,3,,60.0006000060001,48.00048000480008,0,0,4.300000000046566,False,False
14,P009,True,july,rating,control_anchor,0,12230,240.00523350424064,240.00523350424064,0,0,4.7000000000116415,False,False
14,P009,True,july,rating,n2_mask_noise,1,12908,119.34571734557834,119.34571734557834,0.005457463884430177,1,75,False,False
14,P009,True,july,rating,deployed_full,2,10051,58.00475196475459,46.40380157180367,0.03287890938251804,2,345.80000000004657,False,True
14,P009,True,july,rating,n3_mask_noise,3,10167,79.67516295708778,79.67516295708778,0.004079967360261118,1,45.79999999998836,False,False
14,P009,True,july,rating,n4_mask_only,4,12644,59.784107473505884,59.784107473505884,0.0036112934996717005,1,50,False,False
14,P009,True,july,rating,n4_mask_noise,5,10481,59.73976635957831,59.73976635957831,0.004352987732489117,1,50.09999999997672,False,False
15,P010,True,july,typing,control,0,,240.0024000240004,240.0024000240004,0,0,4.5,False,False
15,P010,True,july,typing,masked,1,,60.00060000600001,48.00048000480001,0,0,4.600000000005821,False,False
15,P010,True,july,typing,masked,2,,60.000400086018544,48.00032006881484,0,0,4.600000000005821,False,False
15,P010,True,july,typing,control,3,,240.0024000240004,240.0024000240004,0,0,4.5,False,False
15,P010,True,july,rating,n2_mask_noise,0,28563,119.70444037824946,119.70444037824946,0.002473446820893351,1,75,False,False
15,P010,True,july,rating,n3_mask_noise,1,10419,79.58631662688943,79.58631662688943,0.005171042163882259,1,58.40000000002328,False,False
15,P010,True,july,rating,control_anchor,2,10959,240.00292018762306,240.00292018762306,0,0,4.5,False,False
15,P010,True,july,rating,n4_mask_noise,3,17240,59.841194568460864,59.841194568460864,0.002650602409638554,1,50.100000000034925,False,False
15,P010,True,july,rating,deployed_full,4,12088,58.42910333489139,46.74328266791311,0.02586496472959355,2,325,False,True
15,P010,True,july,rating,n4_mask_only,5,12515,59.76159024716295,59.76159024716295,0.003978779840848806,1,54.29999999998836,False,False
16,P011,True,july,typing,masked,0,,59.99999999999999,47.99999999999999,0,0,4.300000000017462,False,False
16,P011,True,july,typing,control,1,,240.00040008401743,240.00040008401743,0,0,4.7000000000116415,False,False
16,P011,True,july,typing,control,2,,240.00360005400066,240.00360005400066,0,0,4.600000000005821,False,False
16,P011,True,july,typing,masked,3,,60.00060000600001,48.00048000480001,0,0,4.300000000017462,False,False
16,P011,True,july,rating,n2_mask_noise,0,15171,119.44362431519208,119.44362431519208,0.004647348277747403,1,75,False,False
16,P011,True,july,rating,n3_mask_noise,1,11052,79.61014136576561,79.61014136576561,0.004876219054763691,1,58.40000000002328,False,False
16,P011,True,july,rating,control_anchor,2,13543,240.00118154427878,240.00118154427878,0,0,4.399999999965075,False,False
16,P011,True,july,rating,n4_mask_noise,3,10643,59.6968195964447,59.6968195964447,0.0050623052959501555,1,58.40000000002328,False,False
16,P011,True,july,rating,deployed_full,4,10773,57.938856015779095,46.35108481262328,0.034005979073243646,2,383.20000000001164,False,True
16,P011,True,july,rating,n4_mask_only,5,11339,59.91266221760485,59.91266221760485,0.001467351430667645,1,20.900000000023283,False,False
17,P012,True,july,typing,control,0,,240.00280061613566,240.00280061613566,0,0,4.69999999999709,False,False
17,P012,True,july,typing,masked,1,,60.00040008601846,48.000320068814766,0,0,4.600000000005821,False,False
17,P012,True,july,typing,masked,2,,60.000700154033865,48.00056012322709,0,0,4.5,False,False
17,P012,True,july,typing,control,3,,240.00240002400005,240.00240002400005,0,0,4.400000000023283,False,False
17,P012,True,july,rating,n3_mask_noise,0,11182,79.40875389795222,79.40875389795222,0.0073964497041420114,1,87.59999999997672,False,False
17,P012,True,july,rating,n4_mask_noise,1,10291,59.63816456368313,59.63816456368313,0.006033789219629927,1,66.80000000001746,False,False
17,P012,True,july,rating,n2_mask_noise,2,10450,119.66765873015892,119.66765873015892,0.0027821939586645467,1,33.30000000001746,False,False
17,P012,True,july,rating,n4_mask_only,3,10334,59.903806221689756,59.903806221689756,0.0016096579476861167,1,20.79999999998836,False,False
17,P012,True,july,rating,control_anchor,4,10190,239.99999999999997,239.99999999999997,0,0,4.300000000046566,False,False
17,P012,True,july,rating,deployed_full,5,11288,58.13404724517534,46.507237796140274,0.030758226037195996,1,366.6000000000349,False,True
18,P013,True,july,typing,masked,0,,60.000700154033915,48.00056012322713,0,0,4.7000000000116415,False,False
18,P013,True,july,typing,control,1,,240.00160034407384,240.00160034407384,0,0,4.5,False,False
18,P013,True,july,typing,control,2,,240.0004000840178,240.0004000840178,0,0,4.600000000005821,False,False
18,P013,True,july,typing,masked,3,,60.00030000149994,48.00024000119995,0,0,4.400000000023283,False,False
18,P013,True,july,rating,n3_mask_noise,0,31040,79.78632258948922,79.78632258948922,0.002677376171352075,1,87.5,False,False
18,P013,True,july,rating,n4_mask_noise,1,17277,59.784332381858555,59.784332381858555,0.0036040365209034117,1,66.70000000001164,False,False
18,P013,True,july,rating,n2_mask_noise,2,10329,119.61630140026841,119.61630140026841,0.003216726980297547,1,37.5,False,False
18,P013,True,july,rating,n4_mask_only,3,17946,59.917309383103586,59.917309383103586,0.0013911430558775793,1,29.099999999976717,False,False
18,P013,True,july,rating,control_anchor,4,10606,240.00150885034955,240.00150885034955,0,0,4.5,False,False
18,P013,True,july,rating,deployed_full,5,15180,58.537886530019385,46.83030922401551,0.02410929547281007,2,379.20000000001164,False,True
19,P014,True,july,typing,control,0,,240.00160034407398,240.00160034407398,0,0,4.5,False,False
19,P014,True,july,typing,masked,1,,60.0006000060001,48.00048000480008,0,0,4.5,False,False
19,P014,True,july,typing,masked,2,,60.0006000060001,48.00048000480008,0,0,4.5,False,False
19,P014,True,july,typing,control,3,,240.00400090020253,240.00400090020253,0,0,4.5,False,False
19,P014,True,july,rating,n4_mask_noise,0,10808,59.54184455768259,59.54184455768259,0.0076511094108645756,1,87.5,False,False
19,P014,True,july,rating,n4_mask_only,1,11615,59.91472681635328,59.91472681635328,0.0014326647564469914,1,20.79999999998836,False,False
19,P014,True,july,rating,n3_mask_noise,2,10321,79.55158332691262,79.55158332691262,0.0056179775280898875,1,62.60000000000582,False,False
19,P014,True,july,rating,deployed_full,3,15629,58.59472631842039,46.875781054736315,0.023177083333333334,2,374.8999999999942,False,True
19,P014,True,july,rating,n2_mask_noise,4,10505,119.71583516159968,119.71583516159968,0.002374356944994064,2,25.10000000000582,False,False
19,P014,True,july,rating,control_anchor,5,10407,240.0015378552678,240.0015378552678,0,0,4.300000000046566,False,False
20,P015,True,july,typing,masked,0,,60.00060000600061,48.00048000480049,0,0,4.599999999627471,False,False
20,P015,True,july,typing,control,1,,240.00160034407173,240.00160034407173,0,0,4.599999999627471,False,False
20,P015,True,july,typing,control,2,,240.00240002400244,240.00240002400244,0,0,4.599999999627471,False,False
20,P015,True,july,typing,masked,3,,60.00100022505063,48.00080018004051,0,0,4.400000000372529,False,False
20,P015,True,july,rating,n4_mask_noise,0,42304,59.929687536891876,59.929687536891876,0.0011805213969503198,1,54.09999999962747,False,False
20,P015,True,july,rating,n4_mask_only,1,14475,59.811083036718564,59.811083036718564,0.003155479059093517,1,50,False,False
20,P015,True,july,rating,n3_mask_noise,2,13664,79.70819025956627,79.70819025956627,0.0036452004860267314,1,54.19999999925494,False,False
20,P015,True,july,rating,deployed_full,3,16137,58.53363567649282,46.82690854119426,0.024193548387096774,2,404.20000000018626,False,True
20,P015,True,july,rating,n2_mask_noise,4,10645,119.20869686931367,119.20869686931367,0.006609642301710731,1,75,False,False
20,P015,True,july,rating,control_anchor,5,10615,240.00226150540036,240.00226150540036,0,0,4.6000000005587935,False,False
21,P016,True,july,typing,control,0,,240.00280061613546,240.00280061613546,0,0,4.399999999994179,False,False
21,P016,True,july,typing,masked,1,,60.000700154033865,48.00056012322709,0,0,4.599999999976717,False,False
21,P016,True,july,typing,masked,2,,60.000700154033865,48.00056012322709,0,0,4.7000000000116415,False,False
21,P016,True,july,typing,control,3,,240.00280061613546,240.00280061613546,0,0,4.399999999994179,False,False
21,P016,True,july,rating,n4_mask_only,0,12404,59.77959662326607,59.77959662326607,0.003681392235609103,1,50.10000000000582,False,False
21,P016,True,july,rating,deployed_full,1,10473,58.01444243342085,46.411553946736674,0.032717474980754425,2,358.29999999998836,False,True
21,P016,True,july,rating,n4_mask_noise,2,10709,59.791253872129076,59.791253872129076,0.0034883720930232558,1,41.70000000001164,False,False
21,P016,True,july,rating,control_anchor,3,10606,240.002264172303,240.002264172303,0,0,4.399999999965075,False,False
21,P016,True,july,rating,n3_mask_noise,4,12567,79.68390554142526,79.68390554142526,0.003961703532518983,1,54.100000000034925,False,False
21,P016,True,july,rating,n2_mask_noise,5,11902,119.33303816819391,119.33303816819391,0.005569091541942221,1,70.70000000001164,False,False
22,P017,True,july,typing,masked,0,,60.000400086018495,48.000320068814794,0,0,4.600000000005821,False,False
22,P017,True,july,typing,control,1,,240.00280061613546,240.00280061613546,0,0,4.5,False,False
22,P017,True,july,typing,control,2,,240.00280061613546,240.00280061613546,0,0,4.300000000017462,False,False
22,P017,True,july,typing,masked,3,,60.00030000149994,48.00024000119995,0,0,4.5,False,False
22,P017,True,july,rating,n4_mask_only,0,10418,59.737641641029526,59.737641641029526,0.004378980891719745,1,50,False,False
22,P017,True,july,rating,deployed_full,1,10686,58.05373988303253,46.44299190642602,0.03207547169811321,1,362.5999999999767,False,True
22,P017,True,july,rating,n4_mask_noise,2,10308,59.78271375824013,59.78271375824013,0.003624647603705195,1,41.79999999998836,False,False
22,P017,True,july,rating,control_anchor,3,12566,240.00318306608844,240.00318306608844,0,0,4.599999999976717,False,False
22,P017,True,july,rating,n3_mask_noise,4,12023,79.61467161016941,79.61467161016941,0.004827586206896552,1,62.60000000000582,False,False
22,P017,True,july,rating,n2_mask_noise,5,12499,119.24541501379295,119.24541501379295,0.006293474660483604,1,83.29999999998836,False,False
23,P018,True,july,typing,control,0,,240.0012000060001,240.0012000060001,0,0,4.600000000005821,False,False
23,P018,True,july,typing,masked,1,,60.00040008601846,48.000320068814766,0,0,4.600000000005821,False,False
23,P018,True,july,typing,masked,2,,60.00040008601846,48.000320068814766,0,0,4.5,False,False
23,P018,True,july,typing,control,3,,240.00280061613546,240.00280061613546,0,0,4.699999999982538,False,False
23,P018,True,july,rating,deployed_full,0,16445,58.57577898217345,46.86062318573876,0.023503216229589313,2,400,False,True
23,P018,True,july,rating,control_anchor,1,10806,240.0022222427987,240.0022222427987,0,0,4.399999999994179,False,False
23,P018,True,july,rating,n4_mask_only,2,10518,59.88180162404186,59.88180162404186,0.001976284584980237,1,25.10000000000582,False,False
23,P018,True,july,rating,n2_mask_noise,3,10783,119.26377201633233,119.26377201633233,0.006144393241167435,1,70.79999999998836,False,False
23,P018,True,july,rating,n4_mask_noise,4,10487,59.69151085688261,59.69151085688261,0.005138339920948616,1,58.29999999998836,False,False
23,P018,True,july,rating,n3_mask_noise,5,10510,79.65372885529722,79.65372885529722,0.004340962904498816,1,50,False,False
24,P019,True,july,typing,masked,0,,60.00030000149999,48.00024000119999,0,0,4.5,False,False
24,P019,True,july,typing,control,1,,240.00160034407418,240.00160034407418,0,0,4.800000000017462,False,False
24,P019,True,july,typing,control,2,,240.0024000240004,240.0024000240004,0,0,4.600000000005821,False,False
24,P019,True,july,typing,masked,3,,60.000400086018544,48.00032006881484,0,0,4.5,False,False
24,P019,True,july,rating,deployed_full,0,21788,58.9192209594708,47.13537676757664,0.01784037558685446,1,404.30000000001746,False,True
24,P019,True,july,rating,control_anchor,1,10782,240.0014843539812,240.0014843539812,0,0,4.600000000005821,False,False
24,P019,True,july,rating,n4_mask_only,2,11270,59.9123234291281,59.9123234291281,0.0014760147601476014,1,20.70000000001164,False,False
24,P019,True,july,rating,n2_mask_noise,3,10461,119.24096076587735,119.24096076587735,0.006331618519984171,1,70.79999999998836,False,False
24,P019,True,july,rating,n4_mask_noise,4,10601,59.718793703832134,59.718793703832134,0.004692999608916699,1,54.20000000001164,False,False
24,P019,True,july,rating,n3_mask_noise,5,11423,79.6521102580413,79.6521102580413,0.004357298474945534,1,54.20000000001164,False,False
25,,False,july,typing,control,0,,240.00280061613566,240.00280061613566,0,0,4.30000000000291,False,False
25,,False,july,typing,masked,1,,60.000700154033915,48.00056012322713,0,0,4.5,False,False
25,,False,july,typing,masked,2,,60.00030000150002,48.00024000120002,0,0,4.399999999994179,False,False
25,,False,july,typing,control,3,,240.0024000240004,240.0024000240004,0,0,4.5,False,False
25,,False,july,rating,control_anchor,0,10662,240.00075058874327,240.00075058874327,0,0,4.5,False,False
25,,False,july,rating,n2_mask_noise,1,10959,119.63658851561519,119.63658851561519,0.0030314513073133762,1,37.5,False,False
25,,False,july,rating,deployed_full,2,10837,57.672351861213876,46.137881488971104,0.03844731977818854,1,441.6000000000058,False,True
25,,False,july,rating,n3_mask_noise,3,10518,79.65361407760865,79.65361407760865,0.004339250493096647,1,50,False,False
25,,False,july,rating,n4_mask_only,4,10556,59.90543735224586,59.90543735224586,0.0015760441292356187,1,20.89999999999418,False,False
25,,False,july,rating,n4_mask_noise,5,10364,59.7841235666708,59.7841235666708,0.003604325190228274,1,41.70000000001164,False,False
26,P020,True,july,typing,masked,0,,60.00060000600001,48.00048000480001,0,0,4.400000000008731,False,False
26,P020,True,july,typing,control,1,,240.00160034407384,240.00160034407384,0,0,4.5,False,False
26,P020,True,july,typing,control,2,,240.0024000240004,240.0024000240004,0,0,4.600000000005821,False,False
26,P020,True,july,typing,masked,3,,60.00040008601846,48.000320068814766,0,0,4.600000000005821,False,False
26,P020,True,july,rating,control_anchor,0,16398,240.00341555051347,240.00341555051347,0,0,4.5,False,False
26,P020,True,july,rating,n2_mask_noise,1,11591,119.31618359767022,119.31618359767022,0.005718370264474625,1,70.79999999998836,False,False
26,P020,True,july,rating,deployed_full,2,10394,58.090242516281165,46.47219401302493,0.03145631067961165,2,341.70000000001164,False,True
26,P020,True,july,rating,n3_mask_noise,3,10325,79.71126379989174,79.71126379989174,0.0036188178528347406,1,41.70000000001164,False,False
26,P020,True,july,rating,n4_mask_only,4,10241,59.85414962807188,59.85414962807188,0.002434077079107505,1,29.20000000001164,False,False
26,P020,True,july,rating,n4_mask_noise,5,14784,59.680760900273185,59.680760900273185,0.005325112107623318,1,83.5,False,False
27,P021,True,july,typing,control,0,,240.00280061613546,240.00280061613546,0,0,4.600000000005821,False,False
27,P021,True,july,typing,masked,1,,60.0006000060001,48.00048000480008,0,0,4.699999999982538,False,False
27,P021,True,july,typing,masked,2,,60.00030000150002,48.00024000120002,0,0,4.5,False,False
27,P021,True,july,typing,control,3,,240.00120000599975,240.00120000599975,0,0,4.600000000005821,False,False
27,P021,True,july,rating,n2_mask_noise,0,27173,119.70750401961709,119.70750401961709,0.002447231569287244,1,70.89999999999418,False,False
27,P021,True,july,rating,n3_mask_noise,1,14059,79.69397513547976,79.69397513547976,0.0038370720188902006,1,58.300000000046566,False,False
27,P021,True,july,rating,control_anchor,2,10679,240.0022482646202,240.0022482646202,0,0,4.400000000023283,False,False
27,P021,True,july,rating,n4_mask_noise,3,10595,59.69532855895866,59.69532855895866,0.005084082909659757,1,58.399999999965075,False,False
27,P021,True,july,rating,deployed_full,4,11249,58.00209744524286,46.40167795619429,0.03296309566463633,2,387.5,False,True
27,P021,True,july,rating,n4_mask_only,5,10505,59.905557297456376,59.905557297456376,0.001583531274742676,1,20.900000000023283,False,False
28,P022,True,july,typing,masked,0,,60.000400086018495,48.000320068814794,0,0,4.5,False,False
28,P022,True,july,typing,control,1,,240.00240002400005,240.00240002400005,0,0,4.5,False,False
28,P022,True,july,typing,control,2,,240.00280061613583,240.00280061613583,0,0,4.600000000005821,False,False
28,P022,True,july,typing,masked,3,,60.00040008601846,48.000320068814766,0,0,4.400000000023283,False,False
28,P022,True,july,rating,n2_mask_noise,0,10543,119.5751797643455,119.5751797643455,0.003543307086614173,1,41.70000000001164,False,False
28,P022,True,july,rating,n3_mask_noise,1,10525,79.37255788825654,79.37255788825654,0.007852375343541421,1,87.5,False,False
28,P022,True,july,rating,control_anchor,2,10574,240.00302723566057,240.00302723566057,0,0,4.5,False,False
28,P022,True,july,rating,n4_mask_noise,3,10945,59.70501903835856,59.70501903835856,0.004922377887163953,1,58.39999999999418,False,False
28,P022,True,july,rating,deployed_full,4,10125,58.134527603134835,46.507622082507865,0.030714000797766254,1,329.0999999999767,False,True
28,P022,True,july,rating,n4_mask_only,5,11268,59.91208167895626,59.91208167895626,0.0014771048744460858,1,20.800000000046566,False,False
29,P023,True,july,typing,control,0,,240.00160034407398,240.00160034407398,0,0,4.600000000005821,False,False
29,P023,True,july,typing,masked,1,,60.00040008601846,48.000320068814766,0,0,4.600000000005821,False,False
29,P023,True,july,typing,masked,2,,60.000700154033865,48.00056012322709,0,0,4.599999999976717,False,False
29,P023,True,july,typing,control,3,,240.00160034407384,240.00160034407384,0,0,4.5,False,False
29,P023,True,july,rating,n3_mask_noise,0,14752,79.55122415876998,79.55122415876998,0.005616399887672002,1,87.60000000000582,False,False
29,P023,True,july,rating,n4_mask_noise,1,10853,59.679753769488634,59.679753769488634,0.0053435114503816794,1,62.60000000000582,False,False
29,P023,True,july,rating,n2_mask_noise,2,10986,119.68302380044685,119.68302380044685,0.00264750378214826,1,33.29999999998836,False,False
29,P023,True,july,rating,n4_mask_only,3,10545,59.858722068293986,59.858722068293986,0.002364066193853428,1,29.199999999953434,False,False
29,P023,True,july,rating,control_anchor,4,10742,240.00223517797554,240.00223517797554,0,0,4.400000000023283,False,False
29,P023,True,july,rating,deployed_full,5,10604,57.88448586562778,46.30758869250222,0.03490136570561457,2,387.5,False,True
30,P024,True,july,typing,masked,0,,60.000700154033915,48.00056012322713,0,0,4.600000000005821,False,False
30,P024,True,july,typing,control,1,,240.0012000060001,240.0012000060001,0,0,4.599999999991269,False,False
30,P024,True,july,typing,control,2,,240.00240002400005,240.00240002400005,0,0,4.7000000000116415,False,False
30,P024,True,july,typing,masked,3,,60.000400086018544,48.00032006881484,0,0,4.5,False,False
30,P024,True,july,rating,n3_mask_noise,0,17773,79.62728606466491,79.62728606466491,0.004666355576294913,1,87.5,False,False
30,P024,True,july,rating,n4_mask_noise,1,11348,59.671935789141514,59.671935789141514,0.00547645125958379,1,66.70000000001164,False,False
30,P024,True,july,rating,n2_mask_noise,2,10361,119.61561399796051,119.61561399796051,0.0032064128256513026,1,37.60000000000582,False,False
30,P024,True,july,rating,n4_mask_only,3,10394,59.85682343796475,59.85682343796475,0.0023990403838464614,1,29.10000000000582,False,False
30,P024,True,july,rating,control_anchor,4,10286,240.00077796038264,240.00077796038264,0,0,4.5,False,False
30,P024,True,july,rating,deployed_full,5,10943,58.055216568507745,46.444173254806195,0.03206782159970512,2,366.70000000001164,False,True
31,P025,True,july,typing,control,0,,240.00280061613546,240.00280061613546,0,0,4.600000000005821,False,False
31,P025,True,july,typing,masked,1,,60.00030000150002,48.00024000120002,0,0,4.5,False,False
31,P025,True,july,typing,masked,2,,60.0006000060001,48.00048000480008,0,0,4.600000000005821,False,False
31,P025,True,july,typing,control,3,,240.00280061613583,240.00280061613583,0,0,4.400000000023283,False,False
31,P025,True,july,rating,n4_mask_noise,0,19191,59.740906567608576,59.740906567608576,0.00432338953739732,1,87.70000000001164,False,False
31,P025,True,july,rating,n4_mask_only,1,12896,59.92335384972709,59.92335384972709,0.0012903225806451613,1,20.79999999998836,False,False
31,P025,True,july,rating,n3_mask_noise,2,10848,79.57316514181983,79.57316514181983,0.0053475935828877,1,62.5,False,False
31,P025,True,july,rating,deployed_full,3,18630,58.933607443135394,47.14688595450831,0.01757469244288225,1,341.5,False,True
31,P025,True,july,rating,n2_mask_noise,4,10623,119.62508092284901,119.62508092284901,0.003127443315089914,1,37.5,False,False
31,P025,True,july,rating,control_anchor,5,10518,240.0038035468074,240.0038035468074,0,0,4.599999999976717,False,False
32,P026,True,july,typing,masked,0,,60.000700154033915,48.00056012322713,0,0,4.399999999994179,False,False
32,P026,True,july,typing,control,1,,240.0024000240002,240.0024000240002,0,0,4.599999999991269,False,False
32,P026,True,july,typing,control,2,,240.00160034407384,240.00160034407384,0,0,4.5,False,False
32,P026,True,july,typing,masked,3,,60.000400086018544,48.00032006881484,0,0,4.5,False,False
32,P026,True,july,rating,n4_mask_noise,0,26191,59.81038793972907,59.81038793972907,0.003171582619727244,1,87.60000000000582,False,False
32,P026,True,july,rating,n4_mask_only,1,15984,59.93814046488378,59.93814046488378,0.001041395469929706,1,20.800000000017462,False,False
32,P026,True,july,rating,n3_mask_noise,2,10346,79.55197149841564,79.55197149841564,0.005606728073688426,1,62.39999999999418,False,False
32,P026,True,july,rating,deployed_full,3,10357,57.85916437029877,46.28733149623902,0.03531237873496314,1,387.5,False,True
32,P026,True,july,rating,n2_mask_noise,4,10074,119.75366092733564,119.75366092733564,0.0020627062706270625,1,25,False,False
32,P026,True,july,rating,control_anchor,5,10438,240.000766775613,240.000766775613,0,0,4.399999999965075,False,False
33,,False,july,typing,control,0,,240.0024000240004,240.0024000240004,0,0,4.5,False,False
33,,False,july,typing,masked,1,,60.00040008601846,48.000320068814766,0,0,4.5,False,False
33,,False,july,typing,masked,2,,60.00010002100445,48.00008001680356,0,0,4.600000000005821,False,False
33,,False,july,typing,control,3,,240.0024000240004,240.0024000240004,0,0,4.399999999994179,False,False
33,,False,july,rating,n4_mask_only,0,10523,59.74003859688961,59.74003859688961,0.0043358297201418995,1,50.10000000000582,False,False
33,,False,july,rating,deployed_full,1,10388,57.977283509614075,46.38182680769126,0.033346258239627766,2,362.6000000000058,False,True
33,,False,july,rating,n4_mask_noise,2,10405,59.78489886607413,59.78489886607413,0.003591380686352753,1,41.60000000000582,False,False
33,,False,july,rating,control_anchor,3,10398,240.00230771449807,240.00230771449807,0,0,4.300000000046566,False,False
33,,False,july,rating,n3_mask_noise,4,10408,79.6177836423384,79.6177836423384,0.004780876494023904,1,54.20000000001164,False,False
33,,False,july,rating,n2_mask_noise,5,10493,119.24373248504101,119.24373248504101,0.00631163708086785,1,70.79999999998836,False,False
34,P027,True,july,typing,masked,0,,60.000400086018495,48.000320068814794,0,0,4.5,False,False
34,P027,True,july,typing,control,1,,240.00280061613583,240.00280061613583,0,0,4.600000000005821,False,False
34,P027,True,july,typing,control,2,,240.00240002400005,240.00240002400005,0,0,4.5,False,False
34,P027,True,july,typing,masked,3,,60.000700154033865,48.00056012322709,0,0,4.5,False,False
34,P027,True,july,rating,n4_mask_only,0,23410,59.872901944404234,59.872901944404234,0.002131060202450719,1,54.09999999997672,False,False
34,P027,True,july,rating,deployed_full,1,12167,58.34252113193676,46.67401690554941,0.027306027306027308,1,350,False,True
34,P027,True,july,rating,n4_mask_noise,2,10377,59.73621103117506,59.73621103117506,0.004396482813749001,1,50.10000000000582,False,False
34,P027,True,july,rating,control_anchor,3,11015,240.00217936144784,240.00217936144784,0,0,4.5,False,False
34,P027,True,july,rating,n3_mask_noise,4,10564,79.34347653329095,79.34347653329095,0.008212749315604223,1,91.70000000001164,False,False
34,P027,True,july,rating,n2_mask_noise,5,10378,119.5687652400978,119.5687652400978,0.0036,1,41.70000000001164,False,False
35,P028,True,july,typing,control,0,,240.0024000240004,240.0024000240004,0,0,4.400000000008731,False,False
35,P028,True,july,typing,masked,1,,59.99970000149998,47.99976000119999,0,0,4.5,False,False
35,P028,True,july,typing,masked,2,,60.00030000150002,48.00024000120002,0,0,4.300000000017462,False,False
35,P028,True,july,typing,control,3,,240.0024000240004,240.0024000240004,0,0,4.5,False,False
35,P028,True,july,rating,deployed_full,0,12205,58.32755832755831,46.66204666204665,0.02755644090305445,2,350,False,True
35,P028,True,july,rating,control_anchor,1,10503,240.00228573605477,240.00228573605477,0,0,4.600000000005821,False,False
35,P028,True,july,rating,n4_mask_only,2,10756,59.746390225842276,59.746390225842276,0.004242190512919399,1,50,False,False
35,P028,True,july,rating,n2_mask_noise,3,10807,119.63178866587982,119.63178866587982,0.0030745580322828594,1,37.5,False,False
35,P028,True,july,rating,n4_mask_noise,4,11424,59.739524348810875,59.739524348810875,0.004355716878402904,1,54.100000000034925,False,False
35,P028,True,july,rating,n3_mask_noise,5,11635,79.6870720350592,79.6870720350592,0.0039229671897289585,1,50,False,False
36,P029,True,july,typing,masked,0,,60.00030000149999,48.00024000119999,0,0,4.5,False,False
36,P029,True,july,typing,control,1,,240.00280061613566,240.00280061613566,0,0,4.5,False,False
36,P029,True,july,typing,control,2,,240.0012000060001,240.0012000060001,0,0,4.600000000005821,False,False
36,P029,True,july,typing,masked,3,,60.00040008601846,48.000320068814766,0,0,4.5,False,False
36,P029,True,july,rating,deployed_full,0,22018,58.94058646106622,47.152469168852974,0.017478616586091483,2,395.79999999998836,False,True
36,P029,True,july,rating,control_anchor,1,23742,240.00269571297403,240.00269571297403,0,0,4.600000000005821,False,False
36,P029,True,july,rating,n4_mask_only,2,24942,59.96018011088686,59.96018011088686,0.0006676681689200467,1,20.89999999999418,False,False
36,P029,True,july,rating,n2_mask_noise,3,14356,119.41146710467062,119.41146710467062,0.004909038406006353,1,75,False,False
36,P029,True,july,rating,n4_mask_noise,4,14047,59.787658068497095,59.787658068497095,0.0035460992907801418,1,54.199999999953434,False,False
36,P029,True,july,rating,n3_mask_noise,5,10515,79.1851301301774,79.1851301301774,0.010192081536652292,1,112.5,False,True
37,P030,True,july,typing,control,0,,240.00160034407418,240.00160034407418,0,0,4.600000000005821,False,False
37,P030,True,july,typing,masked,1,,60.00030000150002,48.00024000120002,0,0,4.7000000000116415,False,False
37,P030,True,july,typing,masked,2,,60.00040008601846,48.000320068814766,0,0,4.599999999976717,False,False
37,P030,True,july,typing,control,3,,240.00160034407384,240.00160034407384,0,0,4.5,False,False
37,P030,True,july,rating,control_anchor,0,15014,240.00159867842547,240.00159867842547,0,0,4.599999999976717,False,False
37,P030,True,july,rating,n2_mask_noise,1,10964,119.27528481959173,119.27528481959173,0.006042296072507553,1,70.90000000002328,False,False
37,P030,True,july,rating,deployed_full,2,12679,58.38853028988966,46.71082423191173,0.026551503518873962,2,350,False,True
37,P030,True,july,rating,n3_mask_noise,3,10517,79.65361407760845,79.65361407760845,0.004339250493096647,1,50,False,False
37,P030,True,july,rating,n4_mask_only,4,10485,59.739113098459235,59.739113098459235,0.00435126582278481,1,50.09999999997672,False,False
37,P030,True,july,rating,n4_mask_noise,5,10699,59.79090638266193,59.79090638266193,0.0034910783553141972,1,41.699999999953434,False,False
38,,False,july,typing,masked,0,,60.00040008601846,48.000320068814766,0,0,4.400000000008731,False,False
38,,False,july,typing,control,1,,240.00280061613566,240.00280061613566,0,0,4.600000000005821,False,False
38,,False,july,typing,control,2,,240.00280061613546,240.00280061613546,0,0,4.600000000005821,False,False
38,,False,july,typing,masked,3,,60.0006000060001,48.00048000480008,0,0,4.5,False,False
38,,False,july,rating,control_anchor,0,10319,240.0015508985517,240.0015508985517,0,0,4.400000000023283,False,False
38,,False,july,rating,n2_mask_noise,1,10725,119.26044628880003,119.26044628880003,0.0061752219220378235,1,70.80000000001746,False,False
38,,False,july,rating,deployed_full,2,10195,57.985169451345456,46.38813556107637,0.03320158102766799,2,354.1000000000058,False,True
38,,False,july,rating,n3_mask_noise,3,10405,79.71382163633534,79.71382163633534,0.0035899481451934583,1,41.69999999998254,False,False
38,,False,july,rating,n4_mask_only,4,10609,59.859552146201175,59.859552146201175,0.0023501762632197414,1,29.199999999982538,False,False
38,,False,july,rating,n4_mask_noise,5,10310,59.51980145637132,59.51980145637132,0.008016032064128256,1,87.59999999997672,False,False
39,P031,True,july,typing,control,0,,240.00160034407384,240.00160034407384,0,0,4.600000000005821,False,False
39,P031,True,july,typing,masked,1,,60.000700154033865,48.00056012322709,0,0,4.599999999976717,False,False
39,P031,True,july,typing,masked,2,,60.000700154033865,48.00056012322709,0,0,4.5,False,False
39,P031,True,july,typing,control,3,,240.00280061613583,240.00280061613583,0,0,4.599999999976717,False,False
39,P031,True,july,rating,n2_mask_noise,0,24317,119.65244204975545,119.65244204975545,0.0029044934221766614,1,75,False,False
39,P031,True,july,rating,n3_mask_noise,1,10708,79.56631713214544,79.56631713214544,0.005417956656346749,1,62.59999999997672,False,False
39,P031,True,july,rating,control_anchor,2,10734,240.0014912714026,240.0014912714026,0,0,4.599999999976717,False,False
39,P031,True,july,rating,n4_mask_noise,3,11253,59.75663716814159,59.75663716814159,0.004056047197640118,1,50.100000000034925,False,False
39,P031,True,july,rating,deployed_full,4,10380,58.110781404550075,46.48862512364006,0.031116297160637883,2,337.5,False,True
39,P031,True,july,rating,n4_mask_only,5,10475,59.7392849338238,59.7392849338238,0.00435471100554236,1,50,False,False
40,,False,july,typing,masked,0,,60.00090001350026,48.00072001080021,0,0,4.7000000000116415,False,False
40,,False,july,typing,control,1,,240.00160034407418,240.00160034407418,0,0,4.600000000005821,False,False
40,,False,july,typing,control,2,,240.00240002400005,240.00240002400005,0,0,4.399999999994179,False,False
40,,False,july,typing,masked,3,,60.000700154033865,48.00056012322709,0,0,4.600000000005821,False,False
40,,False,july,rating,n2_mask_noise,0,11010,119.27872937904638,119.27872937904638,0.006019563581640331,1,70.80000000001746,False,False
40,,False,july,rating,n3_mask_noise,1,10679,79.65886239809544,79.65886239809544,0.004273504273504274,1,50.10000000000582,False,False
40,,False,july,rating,control_anchor,2,10647,240.00300590848857,240.00300590848857,0,0,4.5,False,False
40,,False,july,rating,n4_mask_noise,3,10915,59.523268599885625,59.523268599885625,0.007951533510034078,1,91.79999999998836,False,False
40,,False,july,rating,deployed_full,4,10862,58.17118886112103,46.53695108889683,0.030133928571428572,2,341.70000000001164,False,True
40,,False,july,rating,n4_mask_only,5,10909,59.93150684931513,59.93150684931513,0.0011446012972148034,1,16.79999999998836,False,False
41,P032,True,july,typing,control,0,,240.00120000599975,240.00120000599975,0,0,4.400000000023283,False,False
41,P032,True,july,typing,masked,1,,60.00030000149994,48.00024000119995,0,0,4.5,False,False
41,P032,True,july,typing,masked,2,,60.00040008601864,48.00032006881491,0,0,4.5,False,False
41,P032,True,july,typing,control,3,,240.0004000840171,240.0004000840171,0,0,4.599999999976717,False,False
41,P032,True,july,rating,n3_mask_noise,0,20141,79.63774957857748,79.63774957857748,0.004531410916580845,2,91.69999999995343,False,False
41,P032,True,july,rating,n4_mask_noise,1,10541,59.670316198451026,59.670316198451026,0.00550098231827112,1,62.60000000009313,False,False
41,P032,True,july,rating,n2_mask_noise,2,10571,119.67069341103938,119.67069341103938,0.00275049115913556,1,33.40000000002328,False,False
41,P032,True,july,rating,n4_mask_only,3,12933,59.94222064298825,59.94222064298825,0.0009655616350177019,1,16.70000000006985,False,False
41,P032,True,july,rating,control_anchor,4,10606,240.00150885035083,240.00150885035083,0,0,4.300000000046566,False,False
41,P032,True,july,rating,deployed_full,5,12199,58.424086612161254,46.739269289729,0.0259567387687188,2,329.0999999999767,False,True
42,P033,True,july,typing,masked,0,,60.000700154033865,48.00056012322709,0,0,4.699999999982538,False,False
42,P033,True,july,typing,control,1,,240.00240002400005,240.00240002400005,0,0,4.600000000005821,False,False
42,P033,True,july,typing,control,2,,240.00040008401743,240.00040008401743,0,0,4.699999999982538,False,False
42,P033,True,july,typing,masked,3,,60.000700154033865,48.00056012322709,0,0,4.699999999982538,False,False
42,P033,True,july,rating,n3_mask_noise,0,16711,79.60370809195204,79.60370809195204,0.004961548002976929,1,87.5,False,False
42,P033,True,july,rating,n4_mask_noise,1,15613,59.77709586664021,59.77709586664021,0.003721424774056353,1,62.600000000034925,False,False
42,P033,True,july,rating,n2_mask_noise,2,13242,119.69958342435757,119.69958342435757,0.0025109855618330196,1,37.5,False,False
42,P033,True,july,rating,n4_mask_only,3,11005,59.93267215331144,59.93267215331144,0.0011342155009451795,1,16.600000000034925,False,False
42,P033,True,july,rating,control_anchor,4,10719,240.0037325619372,240.0037325619372,0,0,4.5,False,False
42,P033,True,july,rating,deployed_full,5,12494,58.46129862031335,46.76903889625068,0.025341130604288498,1,333.29999999998836,False,True
43,P034,True,july,typing,control,0,,240.0024000240004,240.0024000240004,0,0,4.5,False,False
43,P034,True,july,typing,masked,1,,60.00030000150002,48.00024000120002,0,0,4.600000000005821,False,False
43,P034,True,july,typing,masked,2,,60.00040008601846,48.000320068814766,0,0,4.5,False,False
43,P034,True,july,typing,control,3,,240.00040008401743,240.00040008401743,0,0,4.5,False,False
43,P034,True,july,rating,n4_mask_noise,0,17157,59.71058202592582,59.71058202592582,0.004833252779120348,1,87.5,False,False
43,P034,True,july,rating,n4_mask_only,1,10656,59.90632318501171,59.90632318501171,0.00156128024980484,1,20.899999999965075,False,False
43,P034,True,july,rating,n3_mask_noise,2,10777,79.56939638600538,79.56939638600538,0.005382545174932718,1,62.600000000034925,False,False
43,P034,True,july,rating,deployed_full,3,10340,57.900286468782625,46.3202291750261,0.034616880591209646,1,379.0999999999767,False,True
43,P034,True,july,rating,n2_mask_noise,4,10329,119.71103234467533,119.71103234467533,0.002414486921529175,1,29.099999999976717,False,False
43,P034,True,july,rating,control_anchor,5,10327,239.99999999999997,239.99999999999997,0,0,4.5,False,False
44,P035,True,july,typing,masked,0,,60.00040008601846,48.000320068814766,0,0,4.399999999994179,False,False
44,P035,True,july,typing,control,1,,240.00240002400005,240.00240002400005,0,0,4.5,False,False
44,P035,True,july,typing,control,2,,240.00120000599975,240.00120000599975,0,0,4.5,False,False
44,P035,True,july,typing,masked,3,,60.000400086018544,48.00032006881484,0,0,4.600000000034925,False,False
44,P035,True,july,rating,n4_mask_noise,0,10968,59.54857969965623,59.54857969965623,0.007538635506973238,1,87.5,False,False
44,P035,True,july,rating,n4_mask_only,1,11336,59.91227838401999,59.91227838401999,0.0014678899082568807,1,20.899999999965075,False,False
44,P035,True,july,rating,n3_mask_noise,2,10906,79.60534714496762,79.60534714496762,0.004939209726443769,1,58.29999999998836,False,False
44,P035,True,july,rating,deployed_full,3,12752,58.26795643232539,46.61436514586031,0.02857142857142857,2,379.1000000000349,False,True
44,P035,True,july,rating,n2_mask_noise,4,10953,119.72748221621106,119.72748221621106,0.0022770398481973433,1,29.099999999976717,False,False
44,P035,True,july,rating,control_anchor,5,10686,240.00224563504767,240.00224563504767,0,0,4.400000000023283,False,False
45,P036,True,july,typing,control,0,,240.0012000060001,240.0012000060001,0,0,4.400000000008731,False,False
45,P036,True,july,typing,masked,1,,60.00040008601846,48.000320068814766,0,0,4.599999999991269,False,False
45,P036,True,july,typing,masked,2,,60.00040008601846,48.000320068814766,0,0,4.600000000005821,False,False
45,P036,True,july,typing,control,3,,240.0012000060001,240.0012000060001,0,0,4.399999999994179,False,False
45,P036,True,july,rating,n4_mask_only,0,10554,59.74160694077707,59.74160694077707,0.004322200392927309,1,50,False,False
45,P036,True,july,rating,deployed_full,1,10740,58.064109263229874,46.4512874105839,0.03191888847164852,1,362.5,False,True
45,P036,True,july,rating,n4_mask_noise,2,10493,59.78714920442024,59.78714920442024,0.003560126582278481,1,41.60000000000582,False,False
45,P036,True,july,rating,control_anchor,3,10406,240.00230771449668,240.00230771449668,0,0,4.300000000017462,False,False
45,P036,True,july,rating,n3_mask_noise,4,18928,79.7545581555354,79.7545581555354,0.00307152259763054,1,62.60000000000582,False,False
45,P036,True,july,rating,n2_mask_noise,5,10351,119.0909787984513,119.0909787984513,0.0075878594249201275,1,83.29999999998836,False,False
46,P037,True,july,typing,masked,0,,60.0006000060001,48.00048000480008,0,0,4.600000000005821,False,False
46,P037,True,july,typing,control,1,,240.0024000240004,240.0024000240004,0,0,4.699999999982538,False,False
46,P037,True,july,typing,control,2,,240.0024000240004,240.0024000240004,0,0,4.5,False,False
46,P037,True,july,typing,masked,3,,60.00060000600001,48.00048000480001,0,0,4.5,False,False
46,P037,True,july,rating,n4_mask_only,0,13818,59.80240147117153,59.80240147117153,0.0033052884615384615,1,50,False,False
46,P037,True,july,rating,deployed_full,1,15011,58.58536585365853,46.86829268292682,0.023312550826782324,2,362.5,False,True
46,P037,True,july,rating,n4_mask_noise,2,11692,59.80851045689792,59.80851045689792,0.003197158081705151,1,41.70000000001164,False,False
46,P037,True,july,rating,control_anchor,3,11070,240.00289051279475,240.00289051279475,0,0,4.300000000046566,False,False
46,P037,True,july,rating,n3_mask_noise,4,11119,79.5837433282643,79.5837433282643,0.005218039508013418,1,62.5,False,False
46,P037,True,july,rating,n2_mask_noise,5,10834,119.67754700139008,119.67754700139008,0.0026840490797546013,1,33.29999999998836,False,False
47,P038,True,july,typing,control,0,,240.00160034407384,240.00160034407384,0,0,4.600000000005821,False,False
47,P038,True,july,typing,masked,1,,60.00040008601846,48.000320068814766,0,0,4.5,False,False
47,P038,True,july,typing,masked,2,,60.0006000060001,48.00048000480008,0,0,4.300000000017462,False,False
47,P038,True,july,typing,control,3,,240.00160034407384,240.00160034407384,0,0,4.699999999982538,False,False
47,P038,True,july,rating,deployed_full,0,23104,58.96878536000209,47.17502828800167,0.017018259173905335,1,408.3999999999942,False,True
47,P038,True,july,rating,control_anchor,1,10814,240.00221967370743,240.00221967370743,0,0,4.7000000000116415,False,False
47,P038,True,july,rating,n4_mask_only,2,12110,59.89714257456757,59.89714257456757,0.001717032967032967,1,25,False,False
47,P038,True,july,rating,n2_mask_noise,3,10565,119.24906462105376,119.24906462105376,0.00626713670191931,1,70.90000000002328,False,False
47,P038,True,july,rating,n4_mask_noise,4,11071,59.73095218826147,59.73095218826147,0.004496065942300487,1,54,False,False
47,P038,True,july,rating,n3_mask_noise,5,10788,79.17503830310396,79.17503830310396,0.010321100917431193,1,116.69999999995343,False,True
48,,False,july,typing,masked,0,,60.00030000150002,48.00024000120002,0,0,4.5,False,False
48,,False,july,typing,control,1,,240.00040008401743,240.00040008401743,0,0,4.5,False,False
48,,False,july,typing,control,2,,240.00160034407418,240.00160034407418,0,0,4.5,False,False
48,,False,july,typing,masked,3,,60.00030000149994,48.00024000119995,0,0,5,False,False
48,,False,july,rating,deployed_full,0,11105,58.14663595756579,46.517308766052636,0.030545454545454546,1,358.29999999998836,False,True
48,,False,july,rating,control_anchor,1,10950,240.00292352247888,240.00292352247888,0,0,4.300000000046566,False,False
48,,False,july,rating,n4_mask_only,2,10658,59.7194725635948,59.7194725635948,0.004669260700389105,1,54.300000000046566,False,False
48,,False,july,rating,n2_mask_noise,3,10799,119.63201505896222,119.63201505896222,0.0030757400999615533,1,37.5,False,False
48,,False,july,rating,n4_mask_noise,4,10558,59.71731448763251,59.71731448763251,0.004711425206124852,1,54.20000000001164,False,False
48,,False,july,rating,n3_mask_noise,5,11113,79.67151922359089,79.67151922359089,0.004106009705113848,1,50,False,False
49,P039,True,july,typing,control,0,,240.0024000240004,240.0024000240004,0,0,4.5,False,False
49,P039,True,july,typing,masked,1,,60.00030000150002,48.00024000120002,0,0,4.5,False,False
49,P039,True,july,typing,masked,2,,60.00010002100436,48.00008001680349,0,0,4.5,False,False
49,P039,True,july,typing,control,3,,240.00120000599975,240.00120000599975,0,0,4.699999999982538,False,False
49,P039,True,july,rating,control_anchor,0,14918,240.00160939888912,240.00160939888912,0,0,4.5,False,False
49,P039,True,july,rating,n2_mask_noise,1,10436,119.19149624582485,119.19149624582485,0.0067406819984139575,1,75.10000000000582,False,False
49,P039,True,july,rating,deployed_full,2,12028,58.304329217575344,46.643463374060275,0.0279367216425446,1,354.20000000001164,False,True
49,P039,True,july,rating,n3_mask_noise,3,10573,79.74962764653749,79.74962764653749,0.003142183817753339,1,37.5,False,False
49,P039,True,july,rating,n4_mask_only,4,10256,59.82989064398542,59.82989064398542,0.0028351559335763467,1,33.300000000046566,False,False
49,P039,True,july,rating,n4_mask_noise,5,10337,59.49640287769784,59.49640287769784,0.008393285371702638,1,91.79999999998836,False,False
50,P040,True,july,typing,masked,0,,60.00070015403222,48.000560123225775,0,0,4.3999999994412065,False,False
50,P040,True,july,typing,control,1,,240.0004000840199,240.0004000840199,0,0,4.599999999627471,False,False
50,P040,True,july,typing,control,2,,240.00160034407173,240.00160034407173,0,0,4.599999999627471,False,False
50,P040,True,july,typing,masked,3,,60.00040008601793,48.00032006881435,0,0,4.300000000745058,False,False
50,P040,True,july,rating,control_anchor,0,26126,240.00183733464158,240.00183733464158,0,0,4.5,False,False
50,P040,True,july,rating,n2_mask_noise,1,11805,119.32732065111752,119.32732065111752,0.005614035087719298,1,70.70000000018626,False,False
50,P040,True,july,rating,deployed_full,2,11500,58.18709258494142,46.549674067953134,0.029876977152899824,1,362.5,False,True
50,P040,True,july,rating,n3_mask_noise,3,11229,79.73419961065123,79.73419961065123,0.0033284023668639054,1,41.69999999925494,False,False
50,P040,True,july,rating,n4_mask_only,4,16056,59.89121989121988,59.89121989121988,0.001813001813001813,1,33.40000000037253,False,False
50,P040,True,july,rating,n4_mask_noise,5,14479,59.640236913805715,59.640236913805715,0.006005147269087789,1,91.70000000018626,False,False
51,P041,True,july,typing,control,0,,240.00280061613583,240.00280061613583,0,0,4.600000000005821,False,False
51,P041,True,july,typing,masked,1,,60.00030000149994,48.00024000119995,0,0,4.600000000005821,False,False
51,P041,True,july,typing,masked,2,,59.99999999999999,47.99999999999999,0,0,4.300000000017462,False,False
51,P041,True,july,typing,control,3,,240.00040008401743,240.00040008401743,0,0,4.5,False,False
51,P041,True,july,rating,n2_mask_noise,0,21660,119.63274886096904,119.63274886096904,0.0030680728667305847,1,70.80000000001746,False,False
51,P041,True,july,rating,n3_mask_noise,1,14314,79.67536231884058,79.67536231884058,0.004057971014492754,1,62.59999999997672,False,False
51,P041,True,july,rating,control_anchor,2,10422,239.99923200245732,239.99923200245732,0,0,4.599999999976717,False,False
51,P041,True,july,rating,n4_mask_noise,3,10590,59.74148061104583,59.74148061104583,0.004308656482569526,1,50,False,False
51,P041,True,july,rating,deployed_full,4,10632,58.19840364880273,46.55872291904218,0.029657794676806085,1,333.3999999999651,False,True
51,P041,True,july,rating,n4_mask_only,5,10476,59.73928493382346,59.73928493382346,0.00435471100554236,1,49.90000000002328,False,False
52,P042,True,july,typing,masked,0,,60.000700154033865,48.00056012322709,0,0,4.600000000005821,False,False
52,P042,True,july,typing,control,1,,240.00160034407384,240.00160034407384,0,0,4.600000000005821,False,False
52,P042,True,july,typing,control,2,,240.0012000060001,240.0012000060001,0,0,4.600000000005821,False,False
52,P042,True,july,typing,masked,3,,60.00010002100445,48.00008001680356,0,0,4.600000000005821,False,False
52,P042,True,july,rating,n2_mask_noise,0,11338,119.2572925702971,119.2572925702971,0.006206644760861628,1,74.89999999999418,False,False
52,P042,True,july,rating,n3_mask_noise,1,10756,79.6308975284197,79.6308975284197,0.004626060138781804,1,54.20000000001164,False,False
52,P042,True,july,rating,control_anchor,2,10670,240.0007497094872,240.0007497094872,0,0,4.5,False,False
52,P042,True,july,rating,n4_mask_noise,3,10526,59.71680010586909,59.71680010586909,0.004726270185112249,1,54.20000000001164,False,False
52,P042,True,july,rating,deployed_full,4,12953,58.44072843200655,46.75258274560524,0.02569727358194923,1,350,False,True
52,P042,True,july,rating,n4_mask_only,5,10787,59.74735404574947,59.74735404574947,0.004229142637447136,1,50,False,False
53,P043,True,july,typing,control,0,,240.00280061613566,240.00280061613566,0,0,4.599999999991269,False,False
53,P043,True,july,typing,masked,1,,60.000400086018495,48.000320068814794,0,0,4.600000000005821,False,False
53,P043,True,july,typing,masked,2,,60.000700154033865,48.00056012322709,0,0,4.600000000005821,False,False
53,P043,True,july,typing,control,3,,240.0004000840178,240.0004000840178,0,0,4.399999999994179,False,False
53,P043,True,july,rating,n3_mask_noise,0,13846,79.52172134383086,79.52172134383086,0.005980861244019139,1,87.5,False,False
53,P043,True,july,rating,n4_mask_noise,1,10628,59.64963148640051,59.64963148640051,0.005845674201091193,1,66.60000000000582,False,False
53,P043,True,july,rating,n2_mask_noise,2,10667,119.67401564500608,119.67401564500608,0.0027258566978193145,1,33.29999999998836,False,False
53,P043,True,july,rating,n4_mask_only,3,10645,59.93038224090381,59.93038224090381,0.0011727912431587178,1,16.699999999982538,False,False
53,P043,True,july,rating,control_anchor,4,10638,239.99999999999997,239.99999999999997,0,0,4.399999999994179,False,False
53,P043,True,july,rating,deployed_full,5,10746,58.17310728754078,46.53848583003263,0.03008649868371568,1,341.5999999999767,False,True
54,P044,True,july,typing,masked,0,,60.00040008601846,48.000320068814766,0,0,4.600000000005821,False,False
54,P044,True,july,typing,control,1,,240.00240002400005,240.00240002400005,0,0,4.300000000017462,False,False
54,P044,True,july,typing,control,2,,240.0004000840178,240.0004000840178,0,0,4.600000000005821,False,False
54,P044,True,july,typing,masked,3,,60.00040008601846,48.000320068814766,0,0,4.600000000005821,False,False
54,P044,True,july,rating,n3_mask_noise,0,11616,79.65749277398852,79.65749277398852,0.004284184219921457,1,54.30000000001746,False,False
54,P044,True,july,rating,n4_mask_noise,1,10830,59.451916918290785,59.451916918290785,0.009149828440716736,1,104.10000000000582,False,False
54,P044,True,july,rating,n2_mask_noise,2,10806,119.58546165335903,119.58546165335903,0.0034575489819439107,1,41.70000000001164,False,False
54,P044,True,july,rating,n4_mask_only,3,10565,59.930050099253236,59.930050099253236,0.0011815675462780622,1,16.60000000000582,False,False
54,P044,True,july,rating,control_anchor,4,10582,240.00151241599053,240.00151241599053,0,0,4.400000000023283,False,False
54,P044,True,july,rating,deployed_full,5,10486,58.01785022773799,46.41428018219039,0.03266717909300538,1,362.5,False,True
55,P045,True,july,typing,control,0,,240.0024000240002,240.0024000240002,0,0,5,False,False
55,P045,True,july,typing,masked,1,,60.00030000149999,48.00024000119999,0,0,4.5,False,False
55,P045,True,july,typing,masked,2,,60.000700154033865,48.00056012322709,0,0,4.600000000005821,False,False
55,P045,True,july,typing,control,3,,240.00160034407418,240.00160034407418,0,0,4.399999999994179,False,False
55,P045,True,july,rating,n4_mask_noise,0,16215,59.70895526966425,59.70895526966425,0.0048568507157464216,1,83.29999999998836,False,False
55,P045,True,july,rating,n4_mask_only,1,10791,59.90821783460699,59.90821783460699,0.0015420200462606013,1,20.70000000001164,False,False
55,P045,True,july,rating,n3_mask_noise,2,11035,79.57966077254466,79.57966077254466,0.005257228689447991,1,62.60000000000582,False,False
55,P045,True,july,rating,deployed_full,3,10667,57.94170082987179,46.35336066389743,0.033949453036589965,1,383.19999999998254,False,True
55,P045,True,july,rating,n2_mask_noise,4,11994,119.75176154466867,119.75176154466867,0.0020797227036395147,1,29.199999999982538,False,False
55,P045,True,july,rating,control_anchor,5,10775,240.0007427489127,240.0007427489127,0,0,4.599999999976717,False,False
56,P046,True,july,typing,masked,0,,60.000400086018495,48.000320068814794,0,0,4.399999999994179,False,False
56,P046,True,july,typing,control,1,,240.00160034407384,240.00160034407384,0,0,4.5,False,False
56,P046,True,july,typing,control,2,,240.0024000240004,240.0024000240004,0,0,4.300000000017462,False,False
56,P046,True,july,typing,masked,3,,60.00040008601846,48.000320068814766,0,0,4.600000000005821,False,False
56,P046,True,july,rating,n4_mask_noise,0,13295,59.62702743104867,59.62702743104867,0.006228589224540642,1,87.5,False,False
56,P046,True,july,rating,n4_mask_only,1,14856,59.9327731092437,59.9327731092437,0.0011204481792717086,1,20.900000000023283,False,False
56,P046,True,july,rating,n3_mask_noise,2,11018,79.5799861600024,79.5799861600024,0.0052651372696502444,1,62.5,False,False
56,P046,True,july,rating,deployed_full,3,10720,57.92905323258989,46.34324258607191,0.03415915915915916,1,387.5,False,True
56,P046,True,july,rating,n2_mask_noise,4,11609,119.74324161754319,119.74324161754319,0.0021482277121374865,1,29.099999999976717,False,False
56,P046,True,july,rating,control_anchor,5,11271,240.0035503483779,240.0035503483779,0,0,4.600000000034925,False,False
57,P047,True,july,typing,control,0,,240.00160034407398,240.00160034407398,0,0,4.400000000008731,False,False
57,P047,True,july,typing,masked,1,,60.00060000600005,48.00048000480004,0,0,4.5,False,False
57,P047,True,july,typing,masked,2,,60.0006000060001,48.00048000480008,0,0,4.5,False,False
57,P047,True,july,typing,control,3,,240.00280061613583,240.00280061613583,0,0,4.600000000005821,False,False
57,P047,True,july,rating,n4_mask_only,0,10498,59.73933649289099,59.73933649289099,0.004344391785150079,1,50.20000000001164,False,False
57,P047,True,july,rating,deployed_full,1,10315,58.032156752449254,46.425725401959404,0.032434544744040644,1,354.1000000000058,False,True
57,P047,True,july,rating,n4_mask_noise,2,10589,59.57793881894129,59.57793881894129,0.00703125,1,79.19999999998254,False,False
57,P047,True,july,rating,control_anchor,3,10559,240.00075769773568,240.00075769773568,0,0,4.399999999994179,False,False
57,P047,True,july,rating,n3_mask_noise,4,10426,79.71388352792052,79.71388352792052,0.0035828025477707007,1,41.60000000000582,False,False
57,P047,True,july,rating,n2_mask_noise,5,11587,119.70019017787213,119.70019017787213,0.002509860164933668,1,33.29999999998836,False,False
58,P048,True,july,typing,masked,0,,60.00010002100445,48.00008001680356,0,0,4.399999999965075,False,False
58,P048,True,july,typing,control,1,,240.00120000600046,240.00120000600046,0,0,4.400000000023283,False,False
58,P048,True,july,typing,control,2,,240.00240002399968,240.00240002399968,0,0,4.400000000023283,False,False
58,P048,True,july,typing,masked,3,,60.00070015403396,48.00056012322717,0,0,4.599999999976717,False,False
58,P048,True,july,rating,n4_mask_only,0,17131,59.84015460646957,59.84015460646957,0.0026679602231384912,1,50,False,False
58,P048,True,july,rating,deployed_full,1,13057,58.37996527751901,46.70397222201521,0.02670807453416149,1,366.70000000001164,False,True
58,P048,True,july,rating,n4_mask_noise,2,12541,59.84132410108815,59.84132410108815,0.002649884067572044,1,37.5,False,False
58,P048,True,july,rating,control_anchor,3,10750,240.00297793536123,240.00297793536123,0,0,4.300000000046566,False,False
58,P048,True,july,rating,n3_mask_noise,4,12094,79.58832302495965,79.58832302495965,0.005140507196710075,1,66.79999999998836,False,False
58,P048,True,july,rating,n2_mask_noise,5,11448,119.653058380939,119.653058380939,0.002902757619738752,1,37.5,False,False
59,P049,True,july,typing,control,0,,240.00160034407418,240.00160034407418,0,0,4.599999999976717,False,False
59,P049,True,july,typing,masked,1,,60.0006000060001,48.00048000480008,0,0,4.5,False,False
59,P049,True,july,typing,masked,2,,60.0006000060001,48.00048000480008,0,0,4.400000000023283,False,False
59,P049,True,july,typing,control,3,,240.00240002399968,240.00240002399968,0,0,4.5,False,False
59,P049,True,july,rating,deployed_full,0,10986,57.89293429580051,46.3143474366404,0.03477306002928258,1,404.20000000001164,False,True
59,P049,True,july,rating,control_anchor,1,10654,239.99999999999997,239.99999999999997,0,0,4.600000000034925,False,False
59,P049,True,july,rating,n4_mask_only,2,11527,59.89229343976993,59.89229343976993,0.0018037518037518038,1,25,False,False
59,P049,True,july,rating,n2_mask_noise,3,11198,119.29064669021734,119.29064669021734,0.005917159763313609,1,70.79999999998836,False,False
59,P049,True,july,rating,n4_mask_noise,4,10663,59.72043371964969,59.72043371964969,0.004665629860031105,1,54.20000000001164,False,False
59,P049,True,july,rating,n3_mask_noise,5,10686,79.19819928304821,79.19819928304821,0.010034735623311463,1,112.59999999997672,False,True
60,P050,True,july,typing,masked,0,,60.000400086018544,48.00032006881484,0,0,4.399999999994179,False,False
60,P050,True,july,typing,control,1,,240.00160034407384,240.00160034407384,0,0,4.699999999982538,False,False
60,P050,True,july,typing,control,2,,240.00240002400005,240.00240002400005,0,0,4.400000000023283,False,False
60,P050,True,july,typing,masked,3,,60.0006000060001,48.00048000480008,0,0,4.5,False,False
60,P050,True,july,rating,deployed_full,0,10481,57.771999301682456,46.21759944134597,0.036767522022213714,2,404.0999999999767,False,True
60,P050,True,july,rating,control_anchor,1,10695,240.0014965019273,240.0014965019273,0,0,4.599999999976717,False,False
60,P050,True,july,rating,n4_mask_only,2,10400,59.90423000153546,59.90423000153546,0.001599360255897641,1,20.79999999998836,False,False
60,P050,True,july,rating,n2_mask_noise,3,10425,119.61791113278463,119.61791113278463,0.0031872509960159364,1,37.59999999997672,False,False
60,P050,True,july,rating,n4_mask_noise,4,12114,59.56965634781463,59.56965634781463,0.007169682485489928,1,91.70000000001164,False,False
60,P050,True,july,rating,n3_mask_noise,5,10404,79.64977058442754,79.64977058442754,0.00438421681944998,1,50,False,False
61,P051,True,july,typing,control,0,,240.0004000840178,240.0004000840178,0,0,4.300000000017462,False,False
61,P051,True,july,typing,masked,1,,60.000700154033865,48.00056012322709,0,0,4.600000000005821,False,False
61,P051,True,july,typing,masked,2,,60.00030000150002,48.00024000120002,0,0,4.600000000005821,False,False
61,P051,True,july,typing,control,3,,240.00280061613583,240.00280061613583,0,0,4.7000000000116415,False,False
61,P051,True,july,rating,control_anchor,0,15142,240.00264174619423,240.00264174619423,0,0,4.600000000034925,False,False
61,P051,True,july,rating,n2_mask_noise,1,12110,119.34379387639504,119.34379387639504,0.005473828258638385,1,70.90000000002328,False,False
61,P051,True,july,rating,deployed_full,2,20432,59.00187689494201,47.20150151595361,0.016446048937023665,1,350,False,True
61,P051,True,july,rating,n3_mask_noise,3,22225,79.82078482956143,79.82078482956143,0.002244668911335578,1,54.20000000001164,False,False
61,P051,True,july,rating,n4_mask_only,4,16235,59.815809669992326,59.815809669992326,0.0030698388334612432,1,54.09999999997672,False,False
61,P051,True,july,rating,n4_mask_noise,5,17518,59.80112747524037,59.80112747524037,0.0033183218772220905,1,62.5,False,False
62,P052,True,july,typing,masked,0,,60.00040008601846,48.000320068814766,0,0,4.600000000005821,False,False
62,P052,True,july,typing,control,1,,240.00040008401743,240.00040008401743,0,0,4.599999999976717,False,False
62,P052,True,july,typing,control,2,,240.00280061613546,240.00280061613546,0,0,4.600000000034925,False,False
62,P052,True,july,typing,masked,3,,60.00070015403396,48.00056012322717,0,0,4.5,False,False
62,P052,True,july,rating,control_anchor,0,11238,240.00213572534525,240.00213572534525,0,0,4.300000000046566,False,False
62,P052,True,july,rating,n2_mask_noise,1,11557,119.31378450425659,119.31378450425659,0.00573271228950197,1,70.90000000002328,False,False
62,P052,True,july,rating,deployed_full,2,10733,58.12904331820532,46.50323465456425,0.030838661150808574,1,349.8999999999651,False,True
62,P052,True,july,rating,n3_mask_noise,3,11628,79.71517243545253,79.71517243545253,0.0035688793718772305,1,45.79999999998836,False,False
62,P052,True,july,rating,n4_mask_only,4,10788,59.74633768103908,59.74633768103908,0.004230769230769231,1,50,False,False
62,P052,True,july,rating,n4_mask_noise,5,11803,59.789123571223605,59.789123571223605,0.0035174111853675696,1,45.899999999965075,False,False
63,P053,True,july,typing,control,0,,240.00160034407384,240.00160034407384,0,0,4.400000000023283,False,False
63,P053,True,july,typing,masked,1,,60.00030000149994,48.00024000119995,0,0,4.5,False,False
63,P053,True,july,typing,masked,2,,60.00040008601846,48.000320068814766,0,0,4.599999999976717,False,False
63,P053,True,july,typing,control,3,,240.00120000599975,240.00120000599975,0,0,4.5,False,False
63,P053,True,july,rating,n2_mask_noise,0,15167,119.73901433184888,119.73901433184888,0.0021923814743765417,1,37.40000000002328,False,False
63,P053,True,july,rating,n3_mask_noise,1,21960,79.68326243321938,79.68326243321938,0.003968253968253968,1,91.60000000003492,False,False
63,P053,True,july,rating,control_anchor,2,14151,240.00169612506153,240.00169612506153,0,0,4.5,False,False
63,P053,True,july,rating,n4_mask_noise,3,10554,59.694387360721215,59.694387360721215,0.005106048703849175,1,58.29999999998836,False,False
63,P053,True,july,rating,deployed_full,4,10913,58.20152834547717,46.56122267638174,0.02962962962962963,1,341.6000000000349,False,True
63,P053,True,july,rating,n4_mask_only,5,10500,59.92906452655814,59.92906452655814,0.0011885895404120444,1,16.600000000034925,False,False
64,P054,True,july,typing,masked,0,,60.00040008601846,48.000320068814766,0,0,4.5,False,False
64,P054,True,july,typing,control,1,,240.00160034407384,240.00160034407384,0,0,4.400000000023283,False,False
64,P054,True,july,typing,control,2,,240.00160034407384,240.00160034407384,0,0,4.600000000034925,False,False
64,P054,True,july,typing,masked,3,,60.00010002100445,48.00008001680356,0,0,4.599999999976717,False,False
64,P054,True,july,rating,n2_mask_noise,0,12708,119.33547745928921,119.33547745928921,0.005542875774372351,1,75,False,False
64,P054,True,july,rating,n3_mask_noise,1,16076,79.7320639013545,79.7320639013545,0.0033574380165289257,1,58.29999999998836,False,False
64,P054,True,july,rating,control_anchor,2,10759,239.99925610459144,239.99925610459144,0,0,4.600000000034925,False,False
64,P054,True,july,rating,n4_mask_noise,3,10678,59.69794655834228,59.69794655834228,0.005046583850931677,1,58.40000000002328,False,False
64,P054,True,july,rating,deployed_full,4,10793,58.15937915424161,46.52750332339329,0.030325720703856234,2,341.5999999999767,False,True
64,P054,True,july,rating,n4_mask_only,5,10437,59.92880314644146,59.92880314644146,0.0011961722488038277,1,16.600000000093132,False,False
65,P055,True,july,typing,control,0,,240.00160034407384,240.00160034407384,0,0,4.399999999994179,False,False
65,P055,True,july,typing,masked,1,,60.00010002100445,48.00008001680356,0,0,4.5,False,False
65,P055,True,july,typing,masked,2,,60.00070015403396,48.00056012322717,0,0,4.7000000000116415,False,False
65,P055,True,july,typing,control,3,,240.0004000840178,240.0004000840178,0,0,4.599999999976717,False,False
65,P055,True,july,rating,n3_mask_noise,0,18064,79.63356804666356,79.63356804666356,0.004591368227731864,1,87.40000000002328,False,False
65,P055,True,july,rating,n4_mask_noise,1,11468,59.69676731054444,59.69676731054444,0.005059631369714492,1,62.600000000034925,False,False
65,P055,True,july,rating,n2_mask_noise,2,10795,119.63136364056069,119.63136364056069,0.0030781069642170067,1,37.40000000002328,False,False
65,P055,True,july,rating,n4_mask_only,3,10757,59.93110939864659,59.93110939864659,0.0011605415860735009,1,16.599999999976717,False,False
65,P055,True,july,rating,control_anchor,4,10542,239.99924110911877,239.99924110911877,0,0,4.600000000034925,False,False
65,P055,True,july,rating,deployed_full,5,11028,58.218334154755915,46.57466732380473,0.029347028613352897,2,337.5,False,True
66,P056,True,july,typing,masked,0,,60.00040008601846,48.000320068814766,0,0,4.600000000005821,False,False
66,P056,True,july,typing,control,1,,240.00160034407384,240.00160034407384,0,0,4.5,False,False
66,P056,True,july,typing,control,2,,240.0004000840178,240.0004000840178,0,0,4.5,False,False
66,P056,True,july,typing,masked,3,,60.00030000149994,48.00024000119995,0,0,4.7000000000116415,False,False
66,P056,True,july,rating,n3_mask_noise,0,24590,79.73014412756815,79.73014412756815,0.003377237419790611,1,87.5,False,False
66,P056,True,july,rating,n4_mask_noise,1,10635,59.65009018775863,59.65009018775863,0.005841121495327103,1,66.70000000001164,False,False
66,P056,True,july,rating,n2_mask_noise,2,10472,119.62086751298972,119.62086751298972,0.0031720856463124504,1,37.5,False,False
66,P056,True,july,rating,n4_mask_only,3,10837,59.931427939427884,59.931427939427884,0.001152073732718894,1,16.70000000001164,False,False
66,P056,True,july,rating,control_anchor,4,10582,240.00302366014034,240.00302366014034,0,0,4.400000000023283,False,False
66,P056,True,july,rating,deployed_full,5,11187,58.24248316089166,46.59398652871333,0.02894356005788712,2,337.5,False,True
67,P057,True,sep08,typing,control,0,,240.00240002399968,240.00240002399968,0,0,4.600000000093132,False,False
67,P057,True,sep08,typing,masked,1,,60.00070015403361,48.00056012322689,0,0,4.5,False,False
67,P057,True,sep08,typing,masked,2,,60.00030000149959,48.00024000119967,0,0,4.699999999953434,False,False
67,P057,True,sep08,typing,control,3,,240.00160034407455,240.00160034407455,0,0,4.300000000046566,False,False
67,P057,True,sep08,rating,n4_mask_noise,0,20815,59.73741375515542,59.73741375515542,0.0043859649122807015,2,87.60000000009313,False,False
67,P057,True,sep08,rating,n4_mask_only,1,18903,59.94757065013392,59.94757065013392,0.0008808632459810614,1,20.800000000046566,False,False
67,P057,True,sep08,rating,n3_mask_noise,2,16340,79.73586731561312,79.73586731561312,0.003303684879288437,1,58.4000000001397,False,False
67,P057,True,sep08,rating,deployed_full,3,11904,58.14899816071792,46.519198528574336,0.030529172320217096,1,383.29999999981374,False,True
67,P057,True,sep08,rating,n2_mask_noise,4,10993,119.77379590799238,119.77379590799238,0.0018910741301059002,1,25,False,False
67,P057,True,sep08,rating,control_anchor,5,10966,240.00364747184605,240.00364747184605,0,0,4.300000000046566,False,False
68,P058,True,sep08,typing,masked,0,,60.00060000600001,48.00048000480001,0,0,4.69999999999709,False,False
68,P058,True,sep08,typing,control,1,,240.0024000240004,240.0024000240004,0,0,4.7000000000116415,False,False
68,P058,True,sep08,typing,control,2,,240.0012000060001,240.0012000060001,0,0,4.5,False,False
68,P058,True,sep08,typing,masked,3,,60.000700154033865,48.00056012322709,0,0,4.5,False,False
68,P058,True,sep08,rating,n4_mask_noise,0,15557,59.68093469771253,59.68093469771253,0.005326231691078562,1,87.59999999997672,False,False
68,P058,True,sep08,rating,n4_mask_only,1,11096,59.91001124859392,59.91001124859392,0.0014998125234345708,1,20.89999999999418,False,False
68,P058,True,sep08,rating,n3_mask_noise,2,10931,79.60552052912665,79.60552052912665,0.004927975739196361,1,58.29999999998836,False,False
68,P058,True,sep08,rating,deployed_full,3,14475,58.53518849172927,46.828150793383415,0.02415051951698961,1,366.5999999999767,False,True
68,P058,True,sep08,rating,n2_mask_noise,4,10778,119.72417623102555,119.72417623102555,0.0023139220979560356,1,29.100000000034925,False,False
68,P058,True,sep08,rating,control_anchor,5,11703,240.00205129958331,240.00205129958331,0,0,4.5,False,False
69,P059,True,sep08,typing,control,0,,240.00160034407418,240.00160034407418,0,0,4.69999999999709,False,False
69,P059,True,sep08,typing,masked,1,,60.0006000060001,48.00048000480008,0,0,4.600000000005821,False,False
69,P059,True,sep08,typing,masked,2,,60.000700154033865,48.00056012322709,0,0,4.800000000017462,False,False
69,P059,True,sep08,typing,control,3,,240.00160034407384,240.00160034407384,0,0,4.600000000005821,False,False
69,P059,True,sep08,rating,n4_mask_only,0,14786,59.81514440579248,59.81514440579248,0.003089887640449438,1,50,False,False
69,P059,True,sep08,rating,deployed_full,1,11174,58.17787418655083,46.542299349240665,0.030018083182640144,1,354.30000000001746,False,True
69,P059,True,sep08,rating,n4_mask_noise,2,10333,59.78323755158721,59.78323755158721,0.0036159100040176776,1,41.70000000001164,False,False
69,P059,True,sep08,rating,control_anchor,3,10342,240.00154714937784,240.00154714937784,0,0,4.5,False,False
69,P059,True,sep08,rating,n3_mask_noise,4,10321,79.58300816063068,79.58300816063068,0.005218787635487756,1,58.29999999998836,False,False
69,P059,True,sep08,rating,n2_mask_noise,5,10293,119.1337132498294,119.1337132498294,0.007231820008035355,1,79.19999999995343,False,False
70,,False,sep08,typing,masked,0,,60.000700154033915,48.00056012322713,0,0,4.5,False,False
70,,False,sep08,typing,control,1,,240.00160034407384,240.00160034407384,0,0,4.5,False,False
70,,False,sep08,typing,control,2,,240.0004000840178,240.0004000840178,0,0,4.699999999982538,False,False
70,,False,sep08,typing,masked,3,,60.00060000600001,48.00048000480001,0,0,4.600000000005821,False,False
70,,False,sep08,rating,n4_mask_only,0,10467,59.73888899454194,59.73888899454194,0.004358161648177496,1,50,False,False
70,,False,sep08,rating,deployed_full,1,10908,58.17829491817722,46.54263593454178,0.03001111522786217,1,345.8999999999942,False,True
70,,False,sep08,rating,n4_mask_noise,2,10605,59.78939853649824,59.78939853649824,0.0035225048923679062,1,41.600000000034925,False,False
70,,False,sep08,rating,control_anchor,3,10559,240.00379003221528,240.00379003221528,0,0,4.300000000046566,False,False
70,,False,sep08,rating,n3_mask_noise,4,10395,79.58447720076914,79.58447720076914,0.0051813471502590676,1,58.40000000002328,False,False
70,,False,sep08,rating,n2_mask_noise,5,10403,119.14300976800962,119.14300976800962,0.007154213036565978,1,79.09999999997672,False,False
71,P060,True,sep08,typing,control,0,,240.00280061613546,240.00280061613546,0,0,4.300000000017462,False,False
71,P060,True,sep08,typing,masked,1,,60.00010002100445,48.00008001680356,0,0,4.699999999982538,False,False
71,P060,True,sep08,typing,masked,2,,60.000400086018544,48.00032006881484,0,0,4.7000000000116415,False,False
71,P060,True,sep08,typing,control,3,,240.0012000060001,240.0012000060001,0,0,4.399999999994179,False,False
71,P060,True,sep08,rating,deployed_full,0,10444,57.83267049910947,46.266136399287575,0.03576923076923077,1,395.70000000001164,False,True
71,P060,True,sep08,rating,control_anchor,1,11023,240.00072590011578,240.00072590011578,0,0,4.5,False,False
71,P060,True,sep08,rating,n4_mask_only,2,10511,59.90540502037225,59.90540502037225,0.0015829046299960427,1,20.89999999999418,False,False
71,P060,True,sep08,rating,n2_mask_noise,3,10429,119.19161134867926,119.19161134867926,0.006746031746031746,1,74.89999999999418,False,False
71,P060,True,sep08,rating,n4_mask_noise,4,10512,59.717030237069984,59.717030237069984,0.00473186119873817,1,54.20000000001164,False,False
71,P060,True,sep08,rating,n3_mask_noise,5,10424,79.20980150061733,79.20980150061733,0.009893153937475268,1,108.29999999998836,False,False
72,P061,True,sep08,typing,masked,0,,60.000400086018495,48.000320068814794,0,0,4.300000000017462,False,False
72,P061,True,sep08,typing,control,1,,240.00280061613583,240.00280061613583,0,0,4.7000000000116415,False,False
72,P061,True,sep08,typing,control,2,,240.00280061613546,240.00280061613546,0,0,4.600000000005821,False,False
72,P061,True,sep08,typing,masked,3,,60.0006000060001,48.00048000480008,0,0,4.599999999976717,False,False
72,P061,True,sep08,rating,deployed_full,0,11691,58.095238095238095,46.476190476190474,0.03141180531584398,1,387.5,False,True
72,P061,True,sep08,rating,control_anchor,1,10574,240.00226952500745,240.00226952500745,0,0,4.399999999994179,False,False
72,P061,True,sep08,rating,n4_mask_only,2,10623,59.90809393589135,59.90809393589135,0.0015661707126076742,1,20.599999999976717,False,False
72,P061,True,sep08,rating,n2_mask_noise,3,10665,119.62728623632034,119.62728623632034,0.003115264797507788,1,37.5,False,False
72,P061,True,sep08,rating,n4_mask_noise,4,10453,59.50235258404777,59.50235258404777,0.008300395256916997,1,91.70000000001164,False,False
72,P061,True,sep08,rating,n3_mask_noise,5,11465,79.65313836838435,79.65313836838435,0.004341534008683068,1,54.20000000001164,False,False
73,P062,True,sep08,typing,control,0,,240.00240002400005,240.00240002400005,0,0,4.5,False,False
73,P062,True,sep08,typing,masked,1,,60.0006000060001,48.00048000480008,0,0,4.600000000005821,False,False
73,P062,True,sep08,typing,masked,2,,60.0006000060001,48.00048000480008,0,0,4.400000000023283,False,False
73,P062,True,sep08,typing,control,3,,240.00360005400066,240.00360005400066,0,0,4.399999999994179,False,False
73,P062,True,sep08,rating,control_anchor,0,14094,240.00113542819875,240.00113542819875,0,0,4.600000000034925,False,False
73,P062,True,sep08,rating,n2_mask_noise,1,12510,119.36560934891484,119.36560934891484,0.005299768135144088,1,70.89999999996508,False,False
73,P062,True,sep08,rating,deployed_full,2,17680,58.84963114981419,47.07970491985135,0.018955154877484975,1,350.1000000000349,False,True
73,P062,True,sep08,rating,n3_mask_noise,3,11888,79.69351226676926,79.69351226676926,0.0038394415357766143,1,50.100000000034925,False,False
73,P062,True,sep08,rating,n4_mask_only,4,12701,59.785251533357446,59.785251533357446,0.003594771241830065,1,49.899999999965075,False,False
73,P062,True,sep08,rating,n4_mask_noise,5,11005,59.68463380472597,59.68463380472597,0.005271084337349397,1,62.59999999997672,False,False
74,P063,True,sep08,typing,masked,0,,60.000700154033865,48.00056012322709,0,0,4.400000000008731,False,False
74,P063,True,sep08,typing,control,1,,240.0024000240004,240.0024000240004,0,0,4.7999999999883585,False,False
74,P063,True,sep08,typing,control,2,,240.0024000240004,240.0024000240004,0,0,4.699999999982538,False,False
74,P063,True,sep08,typing,masked,3,,60.00070015403396,48.00056012322717,0,0,4.599999999976717,False,False
74,P063,True,sep08,rating,control_anchor,0,12902,240.0037209879225,240.0037209879225,0,0,4.300000000017462,False,False
74,P063,True,sep08,rating,n2_mask_noise,1,11950,119.66831563404615,119.66831563404615,0.002780674313521029,1,37.39999999999418,False,False
74,P063,True,sep08,rating,deployed_full,2,11238,58.04297503592735,46.43438002874188,0.032281205164992825,1,383.19999999998254,False,True
74,P063,True,sep08,rating,n3_mask_noise,3,19999,79.83474208388625,79.83474208388625,0.002079002079002079,1,45.79999999998836,False,False
74,P063,True,sep08,rating,n4_mask_only,4,11063,59.88793850151575,59.88793850151575,0.0018796992481203006,1,25.100000000034925,False,False
74,P063,True,sep08,rating,n4_mask_noise,5,12707,59.59033112686288,59.59033112686288,0.006838163464669489,1,91.79999999998836,False,False
75,P064,True,sep08,typing,control,0,,240.00120000599995,240.00120000599995,0,0,4.5,False,False
75,P064,True,sep08,typing,masked,1,,60.00060000600001,48.00048000480001,0,0,4.5,False,False
75,P064,True,sep08,typing,masked,2,,60.0006000060001,48.00048000480008,0,0,4.5,False,False
75,P064,True,sep08,typing,control,3,,240.00280061613546,240.00280061613546,0,0,4.600000000005821,False,False
75,P064,True,sep08,rating,n2_mask_noise,0,11679,119.61763325225111,119.61763325225111,0.003200568990042674,1,41.60000000000582,False,False
75,P064,True,sep08,rating,n3_mask_noise,1,12413,79.6533741757345,79.6533741757345,0.004343468092215168,1,58.5,False,False
75,P064,True,sep08,rating,control_anchor,2,10702,240.00299185654023,240.00299185654023,0,0,4.5,False,False
75,P064,True,sep08,rating,n4_mask_noise,3,12908,59.75012532294759,59.75012532294759,0.004177377892030848,1,58.30000000001746,False,False
75,P064,True,sep08,rating,deployed_full,4,10799,57.98651830234447,46.389214641875576,0.0332089552238806,2,374.9000000000233,False,True
75,P064,True,sep08,rating,n4_mask_only,5,10493,59.74007494189631,59.74007494189631,0.004347826086956522,1,49.899999999965075,False,False
76,P065,True,sep08,typing,masked,0,,60.00010002100445,48.00008001680356,0,0,4.399999999994179,False,False
76,P065,True,sep08,typing,control,1,,240.00160034407384,240.00160034407384,0,0,4.699999999982538,False,False
76,P065,True,sep08,typing,control,2,,240.00240002400005,240.00240002400005,0,0,4.599999999976717,False,False
76,P065,True,sep08,typing,masked,3,,60.00070015403396,48.00056012322717,0,0,4.599999999976717,False,False
76,P065,True,sep08,rating,n2_mask_noise,0,10709,119.21328509138138,119.21328509138138,0.006571318129107074,1,75,False,False
76,P065,True,sep08,rating,n3_mask_noise,1,10211,79.57912638216796,79.57912638216796,0.005273833671399594,1,58.40000000002328,False,False
76,P065,True,sep08,rating,control_anchor,2,10414,240.00307449895246,240.00307449895246,0,0,4.7999999999883585,False,False
76,P065,True,sep08,rating,n4_mask_noise,3,10415,59.689804026435155,59.689804026435155,0.005173099880620772,1,58.40000000002328,False,False
76,P065,True,sep08,rating,deployed_full,4,10234,58.176443277967934,46.54115462237435,0.030015797788309637,1,325,False,True
76,P065,True,sep08,rating,n4_mask_only,5,10148,59.73106309522635,59.73106309522635,0.004495300367797303,1,50,False,False
77,P066,True,sep10_12,typing,control,0,,240.00240002399968,240.00240002399968,0,0,4.300000000046566,False,False
77,P066,True,sep10_12,typing,masked,1,,60.00070015403361,48.00056012322689,0,0,4.300000000046566,False,False
77,P066,True,sep10_12,typing,masked,2,,60.00060000599992,48.00048000479994,0,0,4.300000000046566,False,False
77,P066,True,sep10_12,typing,control,3,,240.00120000599836,240.00120000599836,0,0,4.300000000046566,False,False
77,P066,True,sep10_12,rating,n3_mask_noise,0,34206,79.82570043234463,79.82570043234463,0.002188449848024316,2,70.80000000004657,False,False
77,P066,True,sep10_12,rating,n4_mask_noise,1,24281,59.84654311251292,59.84654311251292,0.002567174396714017,1,66.60000000009313,False,False
77,P066,True,sep10_12,rating,n2_mask_noise,2,13692,119.60120801950295,119.60120801950295,0.0033353547604608852,1,50,False,False
77,P066,True,sep10_12,rating,n4_mask_only,3,18922,59.90788272722041,59.90788272722041,0.0015387997362057595,1,33.39999999990687,False,False
77,P066,True,sep10_12,rating,control_anchor,4,10846,240.00516338423265,240.00516338423265,0,0,4.300000000046566,False,False
77,P066,True,sep10_12,rating,deployed_full,5,16244,58.64674773023934,46.91739818419147,0.022316950852557672,1,379.20000000018626,False,True
78,P067,True,sep10_12,typing,masked,0,,60.00060000600005,48.00048000480004,0,0,4.30000000000291,False,False
78,P067,True,sep10_12,typing,control,1,,240.00280061613546,240.00280061613546,0,0,4.300000000017462,False,False
78,P067,True,sep10_12,typing,control,2,,240.00240002400005,240.00240002400005,0,0,4.300000000017462,False,False
78,P067,True,sep10_12,typing,masked,3,,60.00060000600001,48.00048000480001,0,0,4.300000000017462,False,False
78,P067,True,sep10_12,rating,n3_mask_noise,0,14529,79.68118386084706,79.68118386084706,0.003998857469294488,1,62.39999999999418,False,False
78,P067,True,sep10_12,rating,n4_mask_noise,1,19564,59.80946558663202,59.80946558663202,0.0031840373593716833,1,66.60000000000582,False,False
78,P067,True,sep10_12,rating,n2_mask_noise,2,12036,119.54713608262803,119.54713608262803,0.003793103448275862,1,49.89999999999418,False,False
78,P067,True,sep10_12,rating,n4_mask_only,3,13211,59.84961157205729,59.84961157205729,0.0025165146272412707,1,37.5,False,False
78,P067,True,sep10_12,rating,control_anchor,4,10662,240.00300238314202,240.00300238314202,0,0,4.300000000046566,False,False
78,P067,True,sep10_12,rating,deployed_full,5,36526,59.37737075972689,47.50189660778151,0.010274359263859095,2,383.29999999998836,False,True
79,P068,True,sep10_12,typing,control,0,,240.0024000240004,240.0024000240004,0,0,4.30000000000291,False,False
79,P068,True,sep10_12,typing,masked,1,,60.00060000600001,48.00048000480001,0,0,4.300000000017462,False,False
79,P068,True,sep10_12,typing,masked,2,,60.00060000600001,48.00048000480001,0,0,4.300000000017462,False,False
79,P068,True,sep10_12,typing,control,3,,240.00360005400066,240.00360005400066,0,0,4.300000000017462,False,False
79,P068,True,sep10_12,rating,n4_mask_noise,0,10426,59.619692131725685,59.619692131725685,0.006354249404289118,1,70.80000000001746,False,False
79,P068,True,sep10_12,rating,n4_mask_only,1,10355,59.80861244019145,59.80861244019145,0.003208985158443642,1,37.39999999999418,False,False
79,P068,True,sep10_12,rating,n3_mask_noise,2,11147,79.58396182349908,79.58396182349908,0.005206396429899591,1,62.5,False,False
79,P068,True,sep10_12,rating,deployed_full,3,10427,57.89468812765505,46.31575050212404,0.034722222222222224,2,379.30000000001746,False,True
79,P068,True,sep10_12,rating,n2_mask_noise,4,10411,119.61859904075347,119.61859904075347,0.0031910650179497405,1,37.5,False,False
79,P068,True,sep10_12,rating,control_anchor,5,10446,240.00153233221016,240.00153233221016,0,0,4.300000000046566,False,False
80,P069,True,sep10_12,typing,masked,0,,60.00060000600001,48.00048000480001,0,0,4.300000000017462,False,False
80,P069,True,sep10_12,typing,control,1,,240.00360005400066,240.00360005400066,0,0,4.300000000017462,False,False
80,P069,True,sep10_12,typing,control,2,,240.0012000060001,240.0012000060001,0,0,4.300000000017462,False,False
80,P069,True,sep10_12,typing,masked,3,,60.0006000060001,48.00048000480008,0,0,4.300000000017462,False,False
80,P069,True,sep10_12,rating,n4_mask_noise,0,16132,59.76895101786272,59.76895101786272,0.0038590172369436584,1,66.70000000001164,False,False
80,P069,True,sep10_12,rating,n4_mask_only,1,11377,59.825277768041815,59.825277768041815,0.0029207740051113546,1,37.39999999999418,False,False
80,P069,True,sep10_12,rating,n3_mask_noise,2,10952,79.60723063697917,79.60723063697917,0.004918653045781309,1,58.39999999999418,False,False
80,P069,True,sep10_12,rating,deployed_full,3,11472,58.183262488063406,46.546609990450726,0.029940119760479042,1,362.5,False,True
80,P069,True,sep10_12,rating,n2_mask_noise,4,10582,119.39007652245822,119.39007652245822,0.0050920485703094395,1,58.40000000002328,False,False
80,P069,True,sep10_12,rating,control_anchor,5,10510,240.00076130297032,240.00076130297032,0,0,4.300000000046566,False,False
81,P070,True,sep10_12,typing,control,0,,240.0024000240002,240.0024000240002,0,0,4.30000000000291,False,False
81,P070,True,sep10_12,typing,masked,1,,60.00030000150002,48.00024000120002,0,0,4.300000000017462,False,False
81,P070,True,sep10_12,typing,masked,2,,60.00030000150002,48.00024000120002,0,0,4.300000000017462,False,False
81,P070,True,sep10_12,typing,control,3,,240.00280061613546,240.00280061613546,0,0,4.300000000017462,False,False
81,P070,True,sep10_12,rating,n4_mask_only,0,10833,59.81631789152077,59.81631789152077,0.003067484662576687,1,37.39999999999418,False,False
81,P070,True,sep10_12,rating,deployed_full,1,10430,57.873367614960635,46.29869409196851,0.03508095605242868,2,383.3999999999942,False,True
81,P070,True,sep10_12,rating,n4_mask_noise,2,11876,59.76939203354298,59.76939203354298,0.003843466107617051,1,50.10000000000582,False,False
81,P070,True,sep10_12,rating,control_anchor,3,10742,240.0022351779762,240.0022351779762,0,0,4.300000000017462,False,False
81,P070,True,sep10_12,rating,n3_mask_noise,4,10571,79.56145550109287,79.56145550109287,0.005488043904351235,1,62.5,False,False
81,P070,True,sep10_12,rating,n2_mask_noise,5,10400,119.56886227544909,119.56886227544909,0.003592814371257485,1,41.70000000001164,False,False
82,P071,True,sep10_12,typing,masked,0,,60.00060000600005,48.00048000480004,0,0,4.300000000017462,False,False
82,P071,True,sep10_12,typing,control,1,,240.00280061613583,240.00280061613583,0,0,4.300000000017462,False,False
82,P071,True,sep10_12,typing,control,2,,240.0012000060001,240.0012000060001,0,0,4.300000000017462,False,False
82,P071,True,sep10_12,typing,masked,3,,60.0006000060001,48.00048000480008,0,0,4.300000000017462,False,False
82,P071,True,sep10_12,rating,n4_mask_only,0,15537,59.824203200041026,59.824203200041026,0.0029427501337613697,4,37.5,False,False
82,P071,True,sep10_12,rating,deployed_full,1,11208,58.07928145781155,46.46342516624924,0.03167746580273578,2,370.80000000001746,False,True
82,P071,True,sep10_12,rating,n4_mask_noise,2,14811,59.748300828913045,59.748300828913045,0.004201680672268907,1,66.70000000001164,False,False
82,P071,True,sep10_12,rating,control_anchor,3,10047,240.00318544252738,240.00318544252738,0,0,4.300000000046566,False,False
82,P071,True,sep10_12,rating,n3_mask_noise,4,10769,79.60116276205265,79.60116276205265,0.0050038491147036184,1,58.29999999998836,False,False
82,P071,True,sep10_12,rating,n2_mask_noise,5,10908,119.49955284627026,119.49955284627026,0.004182509505703422,1,50,False,False
83,P072,True,sep10_12,typing,control,0,,240.00360005400086,240.00360005400086,0,0,4.30000000000291,False,False
83,P072,True,sep10_12,typing,masked,1,,60.0006000060001,48.00048000480008,0,0,4.300000000017462,False,False
83,P072,True,sep10_12,typing,masked,2,,60.00030000149994,48.00024000119995,0,0,4.300000000017462,False,False
83,P072,True,sep10_12,typing,control,3,,240.0012000060001,240.0012000060001,0,0,4.300000000017462,False,False
83,P072,True,sep10_12,rating,deployed_full,0,17866,58.52568794310742,46.82055035448594,0.024356931481903026,3,445.8999999999942,False,True
83,P072,True,sep10_12,rating,control_anchor,1,10822,240.0029572948143,240.0029572948143,0,0,4.300000000017462,False,False
83,P072,True,sep10_12,rating,n4_mask_only,2,17097,59.88382275672836,59.88382275672836,0.0019459985405010946,1,37.40000000002328,False,False
83,P072,True,sep10_12,rating,n2_mask_noise,3,11734,119.53459162197072,119.53459162197072,0.0038896746817538895,1,50,False,False
83,P072,True,sep10_12,rating,n4_mask_noise,4,14701,59.763317617731445,59.763317617731445,0.003951453570420547,1,62.600000000034925,False,False
83,P072,True,sep10_12,rating,n3_mask_noise,5,11322,79.62035328236225,79.62035328236225,0.004760161113145368,1,58.29999999998836,False,False
84,P073,True,sep10_12,typing,masked,0,,60.00060000600005,48.00048000480004,0,0,4.30000000000291,False,False
84,P073,True,sep10_12,typing,control,1,,240.00160034407384,240.00160034407384,0,0,4.300000000017462,False,False
84,P073,True,sep10_12,typing,control,2,,240.00120000599975,240.00120000599975,0,0,4.300000000017462,False,False
84,P073,True,sep10_12,typing,masked,3,,60.00060000600001,48.00048000480001,0,0,4.300000000017462,False,False
84,P073,True,sep10_12,rating,deployed_full,0,13027,58.32214264398687,46.6577141151895,0.02767412935323383,1,379.20000000001164,False,True
84,P073,True,sep10_12,rating,control_anchor,1,12214,240.0019652156825,240.0019652156825,0,0,4.300000000017462,False,False
84,P073,True,sep10_12,rating,n4_mask_only,2,12001,59.83445799953471,59.83445799953471,0.002770083102493075,1,37.60000000000582,False,False
84,P073,True,sep10_12,rating,n2_mask_noise,3,10701,119.48948362310354,119.48948362310354,0.004263565891472868,1,50,False,False
84,P073,True,sep10_12,rating,n4_mask_noise,4,10573,59.671033451515584,59.671033451515584,0.0054858934169279,1,62.60000000000582,False,False
84,P073,True,sep10_12,rating,n3_mask_noise,5,10514,79.55870764381403,79.55870764381403,0.005516154452324665,1,62.59999999997672,False,False
85,P074,True,sep10_12,typing,control,0,,240.0024000240004,240.0024000240004,0,0,4.300000000017462,False,False
85,P074,True,sep10_12,typing,masked,1,,60.0006000060001,48.00048000480008,0,0,4.300000000017462,False,False
85,P074,True,sep10_12,typing,masked,2,,60.0006000060001,48.00048000480008,0,0,4.300000000017462,False,False
85,P074,True,sep10_12,typing,control,3,,240.00360005400103,240.00360005400103,0,0,4.300000000046566,False,False
85,P074,True,sep10_12,rating,control_anchor,0,12926,240.00185688090494,240.00185688090494,0,0,4.300000000046566,False,False
85,P074,True,sep10_12,rating,n2_mask_noise,1,16004,119.65881194781251,119.65881194781251,0.0028556593977154725,1,50,False,False
85,P074,True,sep10_12,rating,deployed_full,2,12771,58.28862763002701,46.63090210402161,0.02822708531557247,2,375,False,True
85,P074,True,sep10_12,rating,n3_mask_noise,3,10628,79.5335858703955,79.5335858703955,0.005845674201091193,1,66.60000000003492,False,False
85,P074,True,sep10_12,rating,n4_mask_only,4,14871,59.933519121646576,59.933519121646576,0.001119194180190263,1,20.79999999998836,False,False
85,P074,True,sep10_12,rating,n4_mask_noise,5,26797,59.842182643812926,59.842182643812926,0.002791130407815165,2,75.09999999997672,False,False
86,P075,True,sep10_12,typing,masked,0,,60.000300001500115,48.00024000120009,0,0,4.300000000046566,False,False
86,P075,True,sep10_12,typing,control,1,,240.00240002399968,240.00240002399968,0,0,4.300000000046566,False,False
86,P075,True,sep10_12,typing,control,2,,240.00120000599975,240.00120000599975,0,0,4.300000000046566,False,False
86,P075,True,sep10_12,typing,masked,3,,60.000900013500164,48.00072001080013,0,0,4.300000000046566,False,False
86,P075,True,sep10_12,rating,control_anchor,0,23558,240.0027171721029,240.0027171721029,0,0,4.300000000046566,False,False
86,P075,True,sep10_12,rating,n2_mask_noise,1,10685,119.4890619759257,119.4890619759257,0.004270186335403727,1,49.89999999990687,False,False
86,P075,True,sep10_12,rating,deployed_full,2,10616,57.95274587254479,46.36219669803583,0.03376327769347496,2,375,False,True
86,P075,True,sep10_12,rating,n3_mask_noise,3,10654,79.65806534017433,79.65806534017433,0.004283489096573208,1,50,False,False
86,P075,True,sep10_12,rating,n4_mask_only,4,10649,59.813539014527095,59.813539014527095,0.0031201248049922,1,37.5,False,False
86,P075,True,sep10_12,rating,n4_mask_noise,5,10732,59.653380512611115,59.653380512611115,0.005789270551910459,1,66.70000000006985,False,False
87,P076,True,sep10_12,typing,control,0,,240.0024000240002,240.0024000240002,0,0,4.30000000000291,False,False
87,P076,True,sep10_12,typing,masked,1,,60.00060000600001,48.00048000480001,0,0,4.300000000017462,False,False
87,P076,True,sep10_12,typing,masked,2,,60.00030000150002,48.00024000120002,0,0,4.300000000017462,False,False
87,P076,True,sep10_12,typing,control,3,,240.00280061613546,240.00280061613546,0,0,4.300000000017462,False,False
87,P076,True,sep10_12,rating,n2_mask_noise,0,16453,119.60722550005444,119.60722550005444,0.003281171125694094,1,58.39999999999418,False,False
87,P076,True,sep10_12,rating,n3_mask_noise,1,11896,79.5548273479122,79.5548273479122,0.00557297109021247,1,70.90000000002328,False,False
87,P076,True,sep10_12,rating,control_anchor,2,10518,240.00380354680675,240.00380354680675,0,0,4.300000000017462,False,False
87,P076,True,sep10_12,rating,n4_mask_noise,3,14984,59.70169077313353,59.70169077313353,0.004980630879911455,1,79.20000000001164,False,False
87,P076,True,sep10_12,rating,deployed_full,4,10740,57.75969457713099,46.207755661704795,0.03698169592827792,1,420.8999999999651,False,True
87,P076,True,sep10_12,rating,n4_mask_only,5,13472,59.9261762874676,59.9261762874676,0.0012353304508956147,1,20.900000000023283,False,False
88,P077,True,sep10_12,typing,masked,0,,60.000900013500214,48.00072001080017,0,0,4.30000000000291,False,False
88,P077,True,sep10_12,typing,control,1,,240.00120000599995,240.00120000599995,0,0,4.300000000017462,False,False
88,P077,True,sep10_12,typing,control,2,,240.0024000240004,240.0024000240004,0,0,4.300000000017462,False,False
88,P077,True,sep10_12,typing,masked,3,,60.0006000060001,48.00048000480008,0,0,4.300000000017462,False,False
88,P077,True,sep10_12,rating,n2_mask_noise,0,21956,119.75095437193237,119.75095437193237,0.0020829388373414127,1,50,False,False
88,P077,True,sep10_12,rating,n3_mask_noise,1,22473,79.79372567467412,79.79372567467412,0.0025887573964497044,1,62.5,False,False
88,P077,True,sep10_12,rating,control_anchor,2,10646,240.00375886857992,240.00375886857992,0,0,4.300000000046566,False,False
88,P077,True,sep10_12,rating,n4_mask_noise,3,13950,59.69744734571022,59.69744734571022,0.005052005943536404,1,75,False,False
88,P077,True,sep10_12,rating,deployed_full,4,12392,57.95418228870313,46.3633458309625,0.03378817413905133,2,437.5,False,True
88,P077,True,sep10_12,rating,n4_mask_only,5,12296,59.919620021921816,59.919620021921816,0.0013531799729364006,1,20.79999999998836,False,False
89,P078,True,sep10_12,typing,control,0,,240.0024000240004,240.0024000240004,0,0,4.300000000017462,False,False
89,P078,True,sep10_12,typing,masked,1,,60.000900013500164,48.00072001080013,0,0,4.300000000017462,False,False
89,P078,True,sep10_12,typing,masked,2,,60.00060000600001,48.00048000480001,0,0,4.300000000017462,False,False
89,P078,True,sep10_12,typing,control,3,,240.0012000060001,240.0012000060001,0,0,4.300000000017462,False,False
89,P078,True,sep10_12,rating,n3_mask_noise,0,10432,79.55570805851026,79.55570805851026,0.005559968228752979,1,62.5,False,False
89,P078,True,sep10_12,rating,n4_mask_noise,1,10692,59.65222242886367,59.65222242886367,0.00581170089112747,1,66.60000000000582,False,False
89,P078,True,sep10_12,rating,n2_mask_noise,2,10841,119.4498512615229,119.4498512615229,0.0045906656465187455,1,54.20000000001164,False,False
89,P078,True,sep10_12,rating,n4_mask_only,3,10266,59.806405887435666,59.806405887435666,0.003236245954692557,1,37.5,False,False
89,P078,True,sep10_12,rating,control_anchor,4,10246,240.00312326146548,240.00312326146548,0,0,4.300000000046566,False,False
89,P078,True,sep10_12,rating,deployed_full,5,11173,58.00971083857689,46.407768670861515,0.03282828282828283,2,383.3999999999651,False,True
90,P079,True,sep10_12,typing,masked,0,,60.00060000600001,48.00048000480001,0,0,4.300000000017462,False,False
90,P079,True,sep10_12,typing,control,1,,240.0012000060001,240.0012000060001,0,0,4.300000000017462,False,False
90,P079,True,sep10_12,typing,control,2,,240.00280061613546,240.00280061613546,0,0,4.300000000017462,False,False
90,P079,True,sep10_12,typing,masked,3,,60.00030000149994,48.00024000119995,0,0,4.300000000017462,False,False
90,P079,True,sep10_12,rating,n3_mask_noise,0,22449,79.79349656345926,79.79349656345926,0.00259163272861903,1,62.5,False,False
90,P079,True,sep10_12,rating,n4_mask_noise,1,19565,59.80916088868065,59.80916088868065,0.0031840373593716833,1,66.79999999998836,False,False
90,P079,True,sep10_12,rating,n2_mask_noise,2,10796,119.49563709483989,119.49563709483989,0.004227517294388932,1,49.90000000002328,False,False
90,P079,True,sep10_12,rating,n4_mask_only,3,19713,59.89934075281778,59.89934075281778,0.0016877637130801688,1,37.5,False,False
90,P079,True,sep10_12,rating,control_anchor,4,10582,240.00151241599053,240.00151241599053,0,0,4.300000000046566,False,False
90,P079,True,sep10_12,rating,deployed_full,5,13926,58.427390592875476,46.74191247430038,0.025939959195569805,2,374.8999999999651,False,True
91,P080,True,sep10_12,typing,control,0,,240.0024000240002,240.0024000240002,0,0,4.30000000000291,False,False
91,P080,True,sep10_12,typing,masked,1,,60.00060000600001,48.00048000480001,0,0,4.300000000017462,False,False
91,P080,True,sep10_12,typing,masked,2,,60.0006000060001,48.00048000480008,0,0,4.300000000017462,False,False
91,P080,True,sep10_12,typing,control,3,,240.0024000240004,240.0024000240004,0,0,4.300000000017462,False,False
91,P080,True,sep10_12,rating,n4_mask_noise,0,18500,59.79862409291946,59.79862409291946,0.003367003367003367,1,66.70000000001164,False,False
91,P080,True,sep10_12,rating,n4_mask_only,1,10706,59.81418038281072,59.81418038281072,0.0031031807602792862,1,37.5,False,False
91,P080,True,sep10_12,rating,n3_mask_noise,2,11610,79.62902645157968,79.62902645157968,0.004642857142857143,1,58.39999999999418,False,False
91,P080,True,sep10_12,rating,deployed_full,3,12772,58.23364897934389,46.58691918347511,0.029141590117199873,2,387.5,False,True
91,P080,True,sep10_12,rating,n2_mask_noise,4,10707,119.67626870814837,119.67626870814837,0.002716336825766395,1,33.29999999998836,False,False
91,P080,True,sep10_12,rating,control_anchor,5,10750,240.00223257890718,240.00223257890718,0,0,4.300000000046566,False,False
92,P081,True,sep10_12,typing,masked,0,,60.000700154033865,48.00056012322709,0,0,4.30000000000291,False,False
92,P081,True,sep10_12,typing,control,1,,240.00240002400005,240.00240002400005,0,0,4.300000000017462,False,False
92,P081,True,sep10_12,typing,control,2,,240.0024000240004,240.0024000240004,0,0,4.300000000017462,False,False
92,P081,True,sep10_12,typing,masked,3,,60.00060000600001,48.00048000480001,0,0,4.300000000017462,False,False
92,P081,True,sep10_12,rating,n4_mask_noise,0,18869,59.8023577630828,59.8023577630828,0.003301056338028169,1,66.80000000001746,False,False
92,P081,True,sep10_12,rating,n4_mask_only,1,13265,59.85052406803115,59.85052406803115,0.002506265664160401,1,37.5,False,False
92,P081,True,sep10_12,rating,n3_mask_noise,2,11027,79.60998027043946,79.60998027043946,0.004887218045112782,1,58.39999999999418,False,False
92,P081,True,sep10_12,rating,deployed_full,3,10647,57.95911330496258,46.367290643970065,0.033661119515885025,2,375,False,True
92,P081,True,sep10_12,rating,n2_mask_noise,4,10912,119.63602145134607,119.63602145134607,0.0030452988199467074,1,37.5,False,False
92,P081,True,sep10_12,rating,control_anchor,5,10646,240.00526038926932,240.00526038926932,0,0,4.300000000046566,False,False
93,P082,True,sep10_12,typing,control,0,,240.0024000240004,240.0024000240004,0,0,4.30000000000291,False,False
93,P082,True,sep10_12,typing,masked,1,,60.00030000150002,48.00024000120002,0,0,4.300000000017462,False,False
93,P082,True,sep10_12,typing,masked,2,,60.00060000600001,48.00048000480001,0,0,4.300000000017462,False,False
93,P082,True,sep10_12,typing,control,3,,240.0024000240004,240.0024000240004,0,0,4.300000000017462,False,False
93,P082,True,sep10_12,rating,n4_mask_only,0,31369,59.9370139919373,59.9370139919373,0.0010614302772986599,1,37.5,False,False
93,P082,True,sep10_12,rating,deployed_full,1,10417,57.84840940013526,46.278727520108205,0.035493827160493825,1,391.70000000001164,False,True
93,P082,True,sep10_12,rating,n4_mask_noise,2,10492,59.74007494189631,59.74007494189631,0.004347826086956522,1,49.90000000002328,False,False
93,P082,True,sep10_12,rating,control_anchor,3,14182,240.00282107341846,240.00282107341846,0,0,4.300000000046566,False,False
93,P082,True,sep10_12,rating,n3_mask_noise,4,21955,79.80386723180528,79.80386723180528,0.0024607230740109785,1,58.399999999965075,False,False
93,P082,True,sep10_12,rating,n2_mask_noise,5,10349,119.47132495815632,119.47132495815632,0.004408817635270541,1,50,False,False
94,P083,True,sep10_12,typing,masked,0,,60.000900013500214,48.00072001080017,0,0,4.30000000000291,False,False
94,P083,True,sep10_12,typing,control,1,,240.0012000060001,240.0012000060001,0,0,4.300000000017462,False,False
94,P083,True,sep10_12,typing,control,2,,240.0024000240004,240.0024000240004,0,0,4.300000000017462,False,False
94,P083,True,sep10_12,typing,masked,3,,60.00060000600001,48.00048000480001,0,0,4.300000000017462,False,False
94,P083,True,sep10_12,rating,n4_mask_only,0,15160,59.868910283830246,59.868910283830246,0.0021935837674801205,1,37.5,False,False
94,P083,True,sep10_12,rating,deployed_full,1,10633,57.95791978060886,46.36633582448709,0.03368660105980318,1,379.1000000000058,False,True
94,P083,True,sep10_12,rating,n4_mask_noise,2,15465,59.80768735015857,59.80768735015857,0.00322234156820623,1,54.10000000000582,False,False
94,P083,True,sep10_12,rating,control_anchor,3,10311,240.00543262094914,240.00543262094914,0,0,4.300000000046566,False,False
94,P083,True,sep10_12,rating,n3_mask_noise,4,11472,79.595689747393,79.595689747393,0.005059631369714492,1,62.5,False,False
94,P083,True,sep10_12,rating,n2_mask_noise,5,16521,119.76011740477446,119.76011740477446,0.0020130850528434826,1,37.5,False,False
95,P084,True,sep10_12,typing,control,0,,240.0024000240004,240.0024000240004,0,0,4.300000000017462,False,False
95,P084,True,sep10_12,typing,masked,1,,60.00060000600001,48.00048000480001,0,0,4.300000000017462,False,False
95,P084,True,sep10_12,typing,masked,2,,60.00030000149994,48.00024000119995,0,0,4.300000000017462,False,False
95,P084,True,sep10_12,typing,control,3,,240.00240002399968,240.00240002399968,0,0,4.300000000046566,False,False
95,P084,True,sep10_12,rating,deployed_full,0,18007,58.763385597668,47.0107084781344,0.020398912058023574,1,383.29999999998836,False,True
95,P084,True,sep10_12,rating,control_anchor,1,10678,240.00224826462153,240.00224826462153,0,0,4.300000000046566,False,False
95,P084,True,sep10_12,rating,n4_mask_only,2,10562,59.811999207225504,59.811999207225504,0.0031458906802988595,1,37.5,False,False
95,P084,True,sep10_12,rating,n2_mask_noise,3,10935,119.45501210477495,119.45501210477495,0.004550625711035267,1,54.09999999997672,False,False
95,P084,True,sep10_12,rating,n4_mask_noise,4,10798,59.61032509705058,59.61032509705058,0.006515906477577616,1,74.90000000002328,False,False
95,P084,True,sep10_12,rating,n3_mask_noise,5,13431,79.60552794218249,79.60552794218249,0.0049382716049382715,1,70.79999999998836,False,False
96,P085,True,sep10_12,typing,masked,0,,60.00060000600005,48.00048000480004,0,0,4.30000000000291,False,False
96,P085,True,sep10_12,typing,control,1,,240.0024000240004,240.0024000240004,0,0,4.300000000017462,False,False
96,P085,True,sep10_12,typing,control,2,,240.00160034407384,240.00160034407384,0,0,4.300000000017462,False,False
96,P085,True,sep10_12,typing,masked,3,,60.0006000060001,48.00048000480008,0,0,4.300000000017462,False,False
96,P085,True,sep10_12,rating,deployed_full,0,16481,58.65189595663669,46.921516765309356,0.022244191794364803,1,383.30000000001746,False,True
96,P085,True,sep10_12,rating,control_anchor,1,10526,240.00456065673416,240.00456065673416,0,0,4.300000000017462,False,False
96,P085,True,sep10_12,rating,n4_mask_only,2,10896,59.81791563729527,59.81791563729527,0.0030499428135722455,1,37.39999999999418,False,False
96,P085,True,sep10_12,rating,n2_mask_noise,3,10469,119.47891408738649,119.47891408738649,0.004358161648177496,1,49.89999999999418,False,False
96,P085,True,sep10_12,rating,n4_mask_noise,4,14382,59.74137453619105,59.74137453619105,0.004326507066628208,1,66.59999999997672,False,False
96,P085,True,sep10_12,rating,n3_mask_noise,5,10680,79.56612711953882,79.56612711953882,0.00543267365153279,1,62.5,False,False
97,P086,True,sep10_12,typing,control,0,,240.00280061613546,240.00280061613546,0,0,4.300000000017462,False,False
97,P086,True,sep10_12,typing,masked,1,,60.00060000600001,48.00048000480001,0,0,4.300000000017462,False,False
97,P086,True,sep10_12,typing,masked,2,,60.0006000060001,48.00048000480008,0,0,4.300000000017462,False,False
97,P086,True,sep10_12,typing,control,3,,240.00280061613583,240.00280061613583,0,0,4.300000000046566,False,False
97,P086,True,sep10_12,rating,control_anchor,0,22518,240.00177647502943,240.00177647502943,0,0,4.300000000046566,False,False
97,P086,True,sep10_12,rating,n2_mask_noise,1,21549,119.74661505121425,119.74661505121425,0.0021223229789697085,1,50,False,False
97,P086,True,sep10_12,rating,deployed_full,2,16132,58.637880797911414,46.91030463832913,0.02246907346629639,2,375.0999999999767,False,True
97,P086,True,sep10_12,rating,n3_mask_noise,3,19333,79.82826859864502,79.82826859864502,0.0021500752526338422,1,45.90000000002328,False,False
97,P086,True,sep10_12,rating,n4_mask_only,4,18114,59.90399929459868,59.90399929459868,0.0016073478760045925,1,33.399999999965075,False,False
97,P086,True,sep10_12,rating,n4_mask_noise,5,25350,59.853141404522205,59.853141404522205,0.002459419576979833,1,66.60000000003492,False,False
98,P087,True,sep10_12,typing,masked,0,,60.00030000150002,48.00024000120002,0,0,4.30000000000291,False,False
98,P087,True,sep10_12,typing,control,1,,240.00280061613546,240.00280061613546,0,0,4.300000000017462,False,False
98,P087,True,sep10_12,typing,control,2,,240.00240002400005,240.00240002400005,0,0,4.300000000017462,False,False
98,P087,True,sep10_12,typing,masked,3,,60.00040008601846,48.000320068814766,0,0,4.399999999994179,False,False
98,P087,True,sep10_12,rating,control_anchor,0,10446,240.00076585804845,240.00076585804845,0,0,4.300000000017462,False,False
98,P087,True,sep10_12,rating,n2_mask_noise,1,17828,119.63809406646494,119.63809406646494,0.0030288909599254427,1,58.29999999998836,False,False
98,P087,True,sep10_12,rating,deployed_full,2,13449,58.07595738098837,46.4607659047907,0.031784107946026985,1,450,False,True
98,P087,True,sep10_12,rating,n3_mask_noise,3,19028,79.80903150945151,79.80903150945151,0.002402795980777632,1,50,False,False
98,P087,True,sep10_12,rating,n4_mask_only,4,11704,59.830515692202866,59.830515692202866,0.0028388928317956,1,37.5,False,False
98,P087,True,sep10_12,rating,n4_mask_noise,5,10847,59.67938665272677,59.67938665272677,0.005349636988918609,1,62.5,False,False
99,P088,True,sep10_12,typing,control,0,,240.00240002400005,240.00240002400005,0,0,4.300000000017462,False,False
99,P088,True,sep10_12,typing,masked,1,,60.00030000150002,48.00024000120002,0,0,4.300000000017462,False,False
99,P088,True,sep10_12,typing,masked,2,,60.0006000060001,48.00048000480008,0,0,4.300000000017462,False,False
99,P088,True,sep10_12,typing,control,3,,240.00240002400005,240.00240002400005,0,0,4.300000000017462,False,False
99,P088,True,sep10_12,rating,n2_mask_noise,0,14484,119.62265708859704,119.62265708859704,0.0031536697247706424,1,50,False,False
99,P088,True,sep10_12,rating,n3_mask_noise,1,10504,79.59125064300984,79.59125064300984,0.005128205128205128,1,58.300000000046566,False,False
99,P088,True,sep10_12,rating,control_anchor,2,11158,240.00143445011176,240.00143445011176,0,0,4.300000000046566,False,False
99,P088,True,sep10_12,rating,n4_mask_noise,3,21068,59.82321571373807,59.82321571373807,0.0029574132492113563,1,66.70000000001164,False,False
99,P088,True,sep10_12,rating,deployed_full,4,10460,57.880615180349764,46.30449214427981,0.03497309761721752,1,387.3999999999651,False,True
99,P088,True,sep10_12,rating,n4_mask_only,5,12144,59.91827270933357,59.91827270933357,0.0013703323055841042,1,20.79999999998836,False,False
100,P089,True,sep10_12,typing,masked,0,,60.00060000600001,48.00048000480001,0,0,4.300000000017462,False,False
100,P089,True,sep10_12,typing,control,1,,240.00240002400005,240.00240002400005,0,0,4.300000000017462,False,False
100,P089,True,sep10_12,typing,control,2,,240.0024000240004,240.0024000240004,0,0,4.300000000017462,False,False
100,P089,True,sep10_12,typing,masked,3,,60.000700154033865,48.00056012322709,0,0,4.300000000046566,False,False
100,P089,True,sep10_12,rating,n2_mask_noise,0,10764,119.4924346121124,119.4924346121124,0.004238921001926782,1,50,False,False
100,P089,True,sep10_12,rating,n3_mask_noise,1,13537,79.65753878064382,79.65753878064382,0.004290530186944529,1,62.5,False,False
100,P089,True,sep10_12,rating,control_anchor,2,11751,240.00408517591697,240.00408517591697,0,0,4.300000000046566,False,False
100,P089,True,sep10_12,rating,n4_mask_noise,3,12156,59.693856669258786,59.693856669258786,0.005115961800818554,1,66.59999999997672,False,False
100,P089,True,sep10_12,rating,deployed_full,4,12105,58.17910997573541,46.543287980588325,0.030040053404539385,1,383.29999999998836,False,True
100,P089,True,sep10_12,rating,n4_mask_only,5,11280,59.91203461977558,59.91203461977558,0.0014749262536873156,1,20.899999999965075,False,False
101,P090,True,sep10_12,typing,control,0,,240.0024000240004,240.0024000240004,0,0,4.300000000017462,False,False
101,P090,True,sep10_12,typing,masked,1,,60.0006000060001,48.00048000480008,0,0,4.300000000017462,False,False
101,P090,True,sep10_12,typing,masked,2,,60.000900013500164,48.00072001080013,0,0,4.300000000017462,False,False
101,P090,True,sep10_12,typing,control,3,,240.00240002400005,240.00240002400005,0,0,4.300000000017462,False,False
101,P090,True,sep10_12,rating,n3_mask_noise,0,27800,79.83315445059065,79.83315445059065,0.0020939276099311995,1,62.60000000000582,False,False
101,P090,True,sep10_12,rating,n4_mask_noise,1,10851,59.65685286627686,59.65685286627686,0.0057251908396946565,1,66.60000000000582,False,False
101,P090,True,sep10_12,rating,n2_mask_noise,2,10708,119.48931105345895,119.48931105345895,0.004261913986826811,1,49.90000000002328,False,False
101,P090,True,sep10_12,rating,n4_mask_only,3,11427,59.82656185931277,59.82656185931277,0.0029080334423845873,1,37.40000000002328,False,False
101,P090,True,sep10_12,rating,control_anchor,4,10334,240.00309681415217,240.00309681415217,0,0,4.300000000046566,False,False
101,P090,True,sep10_12,rating,deployed_full,5,10568,57.92228911810111,46.33783129448089,0.03427265803503427,2,379.20000000001164,False,True
102,P091,True,sep10_12,typing,masked,0,,60.00060000600005,48.00048000480004,0,0,4.30000000000291,False,False
102,P091,True,sep10_12,typing,control,1,,240.00240002400005,240.00240002400005,0,0,4.300000000017462,False,False
102,P091,True,sep10_12,typing,control,2,,240.0024000240004,240.0024000240004,0,0,4.300000000017462,False,False
102,P091,True,sep10_12,typing,masked,3,,60.00060000600001,48.00048000480001,0,0,4.300000000017462,False,False
102,P091,True,sep10_12,rating,n3_mask_noise,0,18016,79.74269885881625,79.74269885881625,0.003227293683725219,1,62.5,False,False
102,P091,True,sep10_12,rating,n4_mask_noise,1,10980,59.66073757426472,59.66073757426472,0.005660377358490566,1,66.69999999998254,False,False
102,P091,True,sep10_12,rating,n2_mask_noise,2,10556,119.48321388155448,119.48321388155448,0.004322200392927309,1,49.89999999999418,False,False
102,P091,True,sep10_12,rating,n4_mask_only,3,12034,59.83497228826823,59.83497228826823,0.002761477390403866,1,37.5,False,False
102,P091,True,sep10_12,rating,control_anchor,4,10502,240.00228573605412,240.00228573605412,0,0,4.300000000046566,False,False
102,P091,True,sep10_12,rating,deployed_full,5,13138,58.31680530475727,46.653444243805815,0.027760641579272053,2,379.20000000001164,False,True
103,P092,True,sep10_12,typing,control,0,,240.00360005400103,240.00360005400103,0,0,4.300000000017462,False,False
103,P092,True,sep10_12,typing,masked,1,,60.00030000149994,48.00024000119995,0,0,4.300000000017462,False,False
103,P092,True,sep10_12,typing,masked,2,,60.000900013500164,48.00072001080013,0,0,4.300000000017462,False,False
103,P092,True,sep10_12,typing,control,3,,240.00120000599975,240.00120000599975,0,0,4.300000000046566,False,False
103,P092,True,sep10_12,rating,n4_mask_noise,0,26300,59.86768984496789,59.86768984496789,0.002212739054844318,1,62.5,False,False
103,P092,True,sep10_12,rating,n4_mask_only,1,14160,59.85967581732491,59.85967581732491,0.002348106838861168,1,37.5,False,False
103,P092,True,sep10_12,rating,n3_mask_noise,2,15003,79.71293603042412,79.71293603042412,0.0035971223021582736,1,58.40000000002328,False,False
103,P092,True,sep10_12,rating,deployed_full,3,17777,58.73379519996472,46.98703615997177,0.020885930686252007,2,383.3999999999651,False,True
103,P092,True,sep10_12,rating,n2_mask_noise,4,10558,119.52923869069537,119.52923869069537,0.003929273084479371,1,45.90000000002328,False,False
103,P092,True,sep10_12,rating,control_anchor,5,13814,240.00173756914035,240.00173756914035,0,0,4.300000000046566,False,False
104,P093,True,sep10_12,typing,masked,0,,60.00060000600005,48.00048000480004,0,0,4.300000000017462,False,False
104,P093,True,sep10_12,typing,control,1,,240.0024000240004,240.0024000240004,0,0,4.300000000017462,False,False
104,P093,True,sep10_12,typing,control,2,,240.0012000060001,240.0012000060001,0,0,4.300000000017462,False,False
104,P093,True,sep10_12,typing,masked,3,,60.0006000060001,48.00048000480008,0,0,4.300000000017462,False,False
104,P093,True,sep10_12,rating,n4_mask_noise,0,18173,59.79503544932642,59.79503544932642,0.003427004797806717,1,66.69999999998254,False,False
104,P093,True,sep10_12,rating,n4_mask_only,1,20129,59.901400137881126,59.901400137881126,0.0016532341392849763,1,37.5,False,False
104,P093,True,sep10_12,rating,n3_mask_noise,2,12184,79.61913472374171,79.61913472374171,0.004763525008506295,1,62.600000000034925,False,False
104,P093,True,sep10_12,rating,deployed_full,3,10393,57.955179468104895,46.36414357448392,0.03372093023255814,3,362.4000000000233,False,True
104,P093,True,sep10_12,rating,n2_mask_noise,4,10561,119.62399841445101,119.62399841445101,0.0031458906802988595,1,37.5,False,False
104,P093,True,sep10_12,rating,control_anchor,5,10486,240.00305250305223,240.00305250305223,0,0,4.300000000046566,False,False
105,P094,True,sep10_12,typing,control,0,,240.0024000240004,240.0024000240004,0,0,4.300000000017462,False,False
105,P094,True,sep10_12,typing,masked,1,,60.0006000060001,48.00048000480008,0,0,4.300000000017462,False,False
105,P094,True,sep10_12,typing,masked,2,,60.000700154033865,48.00056012322709,0,0,4.300000000017462,False,False
105,P094,True,sep10_12,typing,control,3,,240.00240002400005,240.00240002400005,0,0,4.300000000046566,False,False
105,P094,True,sep10_12,rating,n4_mask_only,0,30513,59.935178667888884,59.935178667888884,0.0010912563088255353,1,37.5,False,False
105,P094,True,sep10_12,rating,deployed_full,1,16689,58.639264593945775,46.91141167515662,0.02244997559785261,1,391.70000000001164,False,True
105,P094,True,sep10_12,rating,n4_mask_noise,2,16814,59.793301253940825,59.793301253940825,0.0034567901234567903,1,62.5,False,False
105,P094,True,sep10_12,rating,control_anchor,3,10806,240.00148091928116,240.00148091928116,0,0,4.300000000046566,False,False
105,P094,True,sep10_12,rating,n3_mask_noise,4,23609,79.80371609820948,79.80371609820948,0.0024647887323943664,2,58.29999999998836,False,False
105,P094,True,sep10_12,rating,n2_mask_noise,5,11681,119.48999420447949,119.48999420447949,0.004261363636363636,1,54.100000000034925,False,False
106,P095,True,sep10_12,typing,masked,0,,60.00030000149994,48.00024000119995,0,0,4.300000000046566,False,False
106,P095,True,sep10_12,typing,control,1,,240.0024000240004,240.0024000240004,0,0,4.300000000046566,False,False
106,P095,True,sep10_12,typing,control,2,,240.0024000240004,240.0024000240004,0,0,4.300000000046566,False,False
106,P095,True,sep10_12,typing,masked,3,,60.00030000149994,48.00024000119995,0,0,4.300000000046566,False,False
106,P095,True,sep10_12,rating,n4_mask_only,0,57511,59.948392253625144,59.948392253625144,0.0008688097306689834,2,45.79999999998836,False,False
106,P095,True,sep10_12,rating,deployed_full,1,43659,59.49528103669548,47.59622482935639,0.00832938949361098,2,370.79999999998836,False,False
106,P095,True,sep10_12,rating,n4_mask_noise,2,45278,59.91791130362663,59.91791130362663,0.0013784230839919132,1,66.60000000009313,False,False
106,P095,True,sep10_12,rating,control_anchor,3,24926,240.00192579278422,240.00192579278422,0,0,4.300000000046566,False,False
106,P095,True,sep10_12,rating,n3_mask_noise,4,38418,79.88820329949287,79.88820329949287,0.0014078405891271388,1,58.300000000046566,False,False
106,P095,True,sep10_12,rating,n2_mask_noise,5,28589,119.8087808557374,119.8087808557374,0.0016004655899898152,1,50,False,False
107,P096,True,sep10_12,typing,control,0,,240.00240002400005,240.00240002400005,0,0,4.7999999999883585,False,False
107,P096,True,sep10_12,typing,masked,1,,60.0006000060001,48.00048000480008,0,0,4.300000000046566,False,False
107,P096,True,sep10_12,typing,masked,2,,60.00070015403396,48.00056012322717,0,0,4.300000000046566,False,False
107,P096,True,sep10_12,typing,control,3,,240.00280061613583,240.00280061613583,0,0,4.300000000046566,False,False
107,P096,True,sep10_12,rating,deployed_full,0,23904,59.05374024177342,47.242992193418736,0.015614275909402883,2,383.20000000001164,False,True
107,P096,True,sep10_12,rating,control_anchor,1,10622,240.001507073827,240.001507073827,0,0,4.300000000046566,False,False
107,P096,True,sep10_12,rating,n4_mask_only,2,11633,59.82931615070242,59.82931615070242,0.002856122813280971,1,37.5,False,False
107,P096,True,sep10_12,rating,n2_mask_noise,3,10668,119.48863901460366,119.48863901460366,0.0042768273716951785,1,49.899999999965075,False,False
107,P096,True,sep10_12,rating,n4_mask_noise,4,11053,59.68557647312899,59.68557647312899,0.005249343832020997,1,62.40000000002328,False,False
107,P096,True,sep10_12,rating,n3_mask_noise,5,11719,79.68951401577927,79.68951401577927,0.003895184135977337,1,49.899999999965075,False,False
108,P097,True,sep10_12,typing,masked,0,,60.00090001350026,48.00072001080021,0,0,4.300000000017462,False,False
108,P097,True,sep10_12,typing,control,1,,240.0012000060001,240.0012000060001,0,0,4.399999999994179,False,False
108,P097,True,sep10_12,typing,control,2,,240.00120000600046,240.00120000600046,0,0,4.300000000017462,False,False
108,P097,True,sep10_12,typing,masked,3,,60.000300001500115,48.00024000120009,0,0,4.300000000046566,False,False
108,P097,True,sep10_12,rating,deployed_full,0,11576,58.03496737493725,46.427973899949805,0.032426778242677826,5,379.20000000001164,False,True
108,P097,True,sep10_12,rating,control_anchor,1,12390,239.8404830715077,239.8404830715077,0.0006727211570803902,1,12.5,False,False
108,P097,True,sep10_12,rating,n4_mask_only,2,11225,59.82348188203127,59.82348188203127,0.0029596744358120607,1,37.399999999965075,False,False
108,P097,True,sep10_12,rating,n2_mask_noise,3,10332,119.47085970845283,119.47085970845283,0.004415897230028101,1,50,False,False
108,P097,True,sep10_12,rating,n4_mask_noise,4,10565,59.67114984611639,59.67114984611639,0.005490196078431373,1,62.5,False,False
108,P097,True,sep10_12,rating,n3_mask_noise,5,10312,79.55096755952694,79.55096755952694,0.005622489959839358,1,62.5,False,False
109,P098,True,sep10_12,typing,control,0,,240.00240002400005,240.00240002400005,0,0,4.5,False,False
109,P098,True,sep10_12,typing,masked,1,,60.00030000150002,48.00024000120002,0,0,4.300000000017462,False,False
109,P098,True,sep10_12,typing,masked,2,,60.0006000060001,48.00048000480008,0,0,4.300000000017462,False,False
109,P098,True,sep10_12,typing,control,3,,240.00120000599975,240.00120000599975,0,0,4.300000000017462,False,False
109,P098,True,sep10_12,rating,control_anchor,0,11678,239.9993150215772,239.9993150215772,0,0,4.300000000017462,False,False
109,P098,True,sep10_12,rating,n2_mask_noise,1,12204,119.55102040816327,119.55102040816327,0.0037414965986394557,1,50.100000000034925,False,False
109,P098,True,sep10_12,rating,deployed_full,2,15479,58.51798588377779,46.81438870702223,0.02444794952681388,6,375,False,True
109,P098,True,sep10_12,rating,n3_mask_noise,3,12189,79.70114115685178,79.70114115685178,0.003746594005449591,1,50,False,False
109,P098,True,sep10_12,rating,n4_mask_only,4,16842,59.88219119633994,59.88219119633994,0.0019753086419753087,1,37.40000000002328,False,False
109,P098,True,sep10_12,rating,n4_mask_noise,5,20293,59.816485821368296,59.816485821368296,0.0030699959066721244,1,66.60000000003492,False,False
110,P099,True,sep10_12,typing,masked,0,,60.00060000600001,48.00048000480001,0,0,4.300000000017462,False,False
110,P099,True,sep10_12,typing,control,1,,240.0012000060001,240.0012000060001,0,0,4.300000000017462,False,False
110,P099,True,sep10_12,typing,control,2,,240.0024000240004,240.0024000240004,0,0,4.300000000017462,False,False
110,P099,True,sep10_12,typing,masked,3,,60.000700154033865,48.00056012322709,0,0,4.300000000017462,False,False
110,P099,True,sep10_12,rating,control_anchor,0,10790,240.00444967693454,240.00444967693454,0,0,4.300000000017462,False,False
110,P099,True,sep10_12,rating,n2_mask_noise,1,10276,119.4684694282754,119.4684694282754,0.00443906376109766,1,49.89999999999418,False,False
110,P099,True,sep10_12,rating,deployed_full,2,10229,57.87964805401789,46.303718443214315,0.03498427672955975,1,379.1000000000058,False,True
110,P099,True,sep10_12,rating,n3_mask_noise,3,11198,79.6156160428726,79.6156160428726,0.004816598740274175,3,50,False,False
110,P099,True,sep10_12,rating,n4_mask_only,4,10128,59.80437499384988,59.80437499384988,0.003280032800328003,1,37.399999999965075,False,False
110,P099,True,sep10_12,rating,n4_mask_noise,5,10379,59.64233744351669,59.64233744351669,0.005983246908655764,1,66.60000000003492,False,False
111,P100,True,sep10_12,typing,control,0,,240.00240002400005,240.00240002400005,0,0,4.300000000017462,False,False
111,P100,True,sep10_12,typing,masked,1,,60.00040008601846,48.000320068814766,0,0,4.300000000017462,False,False
111,P100,True,sep10_12,typing,masked,2,,60.00030000150002,48.00024000120002,0,0,4.300000000017462,False,False
111,P100,True,sep10_12,typing,control,3,,240.0012000060001,240.0012000060001,0,0,4.300000000017462,False,False
111,P100,True,sep10_12,rating,n2_mask_noise,0,15748,119.55785435276681,119.55785435276681,0.0036929570034291742,4,50,False,False
111,P100,True,sep10_12,rating,n3_mask_noise,1,10968,79.5780820261732,79.5780820261732,0.005289006422364941,1,62.39999999999418,False,False
111,P100,True,sep10_12,rating,control_anchor,2,10919,240.0014656578048,240.0014656578048,0,0,4.300000000046566,False,False
111,P100,True,sep10_12,rating,n4_mask_noise,3,11963,59.68864605942657,59.68864605942657,0.005197505197505198,1,66.70000000001164,False,False
111,P100,True,sep10_12,rating,deployed_full,4,12079,58.23209217434658,46.585673739477265,0.029155495978552277,3,362.5,False,True
111,P100,True,sep10_12,rating,n4_mask_only,5,10551,59.90615569451402,59.90615569451402,0.0015766653527788726,1,20.70000000001164,False,False
112,P101,True,sep10_12,typing,masked,0,,60.00030000149994,48.00024000119995,0,0,4.300000000046566,False,False
112,P101,True,sep10_12,typing,control,1,,240.00160034407384,240.00160034407384,0,0,4.300000000046566,False,False
112,P101,True,sep10_12,typing,control,2,,240.00360005400066,240.00360005400066,0,0,4.300000000046566,False,False
112,P101,True,sep10_12,typing,masked,3,,60.00030000149994,48.00024000119995,0,0,4.300000000046566,False,False
112,P101,True,sep10_12,rating,n2_mask_noise,0,41731,119.86969436578924,119.86969436578924,0.001097037997407001,1,49.90000000002328,False,False
112,P101,True,sep10_12,rating,n3_mask_noise,1,12201,79.62017261914465,79.62017261914465,0.004758667573079538,1,62.399999999965075,False,False
112,P101,True,sep10_12,rating,control_anchor,2,11246,240.0028455320698,240.0028455320698,0,0,4.300000000046566,False,False
112,P101,True,sep10_12,rating,n4_mask_noise,3,14724,59.746811474633716,59.746811474633716,0.00422654268808115,1,66.59999999997672,False,False
112,P101,True,sep10_12,rating,deployed_full,4,10966,57.99389630779532,46.39511704623625,0.03308823529411765,3,375,False,True
112,P101,True,sep10_12,rating,n4_mask_only,5,20183,59.938626014650566,59.938626014650566,0.0010311404413281089,1,25,False,False
113,P102,True,sep10_12,typing,control,0,,240.0024000240004,240.0024000240004,0,0,4.300000000046566,False,False
113,P102,True,sep10_12,typing,masked,1,,60.0006000060001,48.00048000480008,0,0,4.300000000046566,False,False
113,P102,True,sep10_12,typing,masked,2,,60.00060000599992,48.00048000479994,0,0,4.300000000046566,False,False
113,P102,True,sep10_12,typing,control,3,,240.0024000240004,240.0024000240004,0,0,4.300000000046566,False,False
113,P102,True,sep10_12,rating,n3_mask_noise,0,17279,79.67399975011773,79.67399975011773,0.004084574723690533,3,66.60000000003492,False,False
113,P102,True,sep10_12,rating,n4_mask_noise,1,13164,59.7168363683091,59.7168363683091,0.004724409448818898,1,66.60000000003492,False,False
113,P102,True,sep10_12,rating,n2_mask_noise,2,10468,119.4768133174792,119.4768133174792,0.004359889021006738,1,50.09999999997672,False,False
113,P102,True,sep10_12,rating,n4_mask_only,3,10467,59.8100934294611,59.8100934294611,0.0031746031746031746,1,37.5,False,False
113,P102,True,sep10_12,rating,control_anchor,4,10510,240.00076130296898,240.00076130296898,0,0,4.2999999999883585,False,False
113,P102,True,sep10_12,rating,deployed_full,5,10679,57.898828463985986,46.31906277118879,0.0346646571213263,2,387.5,False,True
114,P103,True,sep10_12,typing,masked,0,,60.0006000060001,48.00048000480008,0,0,4.300000000017462,False,False
114,P103,True,sep10_12,typing,control,1,,240.0024000240004,240.0024000240004,0,0,4.300000000017462,False,False
114,P103,True,sep10_12,typing,control,2,,240.00240002400005,240.00240002400005,0,0,4.300000000017462,False,False
114,P103,True,sep10_12,typing,masked,3,,60.000900013500164,48.00072001080013,0,0,4.300000000017462,False,False
114,P103,True,sep10_12,rating,n3_mask_noise,0,33448,79.86152560582553,79.86152560582553,0.001740860482467048,1,62.5,False,False
114,P103,True,sep10_12,rating,n4_mask_noise,1,19966,59.800971188733044,59.800971188733044,0.0033270950301517986,1,70.69999999995343,False,False
114,P103,True,sep10_12,rating,n2_mask_noise,2,11490,119.43737116527235,119.43737116527235,0.004691447130999639,1,58.40000000002328,False,False
114,P103,True,sep10_12,rating,n4_mask_only,3,18361,59.94580801018556,59.94580801018556,0.000906823849467241,1,20.899999999965075,False,False
114,P103,True,sep10_12,rating,control_anchor,4,11566,240.00138329327595,240.00138329327595,0,0,4.300000000046566,False,False
114,P103,True,sep10_12,rating,deployed_full,5,10145,57.564778113086106,46.051822490468886,0.04022082018927445,2,429.0999999999767,False,True
115,P104,True,sep10_12,typing,control,0,,240.0024000240002,240.0024000240002,0,0,4.300000000017462,False,False
115,P104,True,sep10_12,typing,masked,1,,60.00030000150002,48.00024000120002,0,0,4.300000000017462,False,False
115,P104,True,sep10_12,typing,masked,2,,60.00049990002,48.000399920016,0,0,4.300000000017462,False,False
115,P104,True,sep10_12,typing,control,3,,240.00280061613546,240.00280061613546,0,0,4.300000000017462,False,False
115,P104,True,sep10_12,rating,n4_mask_noise,0,16388,59.77276319468935,59.77276319468935,0.003799392097264438,1,66.70000000001164,False,False
115,P104,True,sep10_12,rating,n4_mask_only,1,19073,59.895751562156526,59.895751562156526,0.0017444395987788923,1,37.5,False,False
115,P104,True,sep10_12,rating,n3_mask_noise,2,11032,79.58045951103698,79.58045951103698,0.005259203606311044,1,62.399999999965075,False,False
115,P104,True,sep10_12,rating,deployed_full,3,11790,58.191179615403826,46.55294369232306,0.02982516283853274,1,370.79999999998836,False,True
115,P104,True,sep10_12,rating,n2_mask_noise,4,10872,119.63586692457925,119.63586692457925,0.0030557677616501145,1,37.399999999965075,False,False
115,P104,True,sep10_12,rating,control_anchor,5,10742,240.00223517797684,240.00223517797684,0,0,4.300000000046566,False,False
116,P105,True,sep10_12,typing,masked,0,,60.00030000150002,48.00024000120002,0,0,4.300000000017462,False,False
116,P105,True,sep10_12,typing,control,1,,240.0024000240004,240.0024000240004,0,0,4.300000000017462,False,False
116,P105,True,sep10_12,typing,control,2,,240.00240002400005,240.00240002400005,0,0,4.300000000046566,False,False
116,P105,True,sep10_12,typing,masked,3,,60.000300001500115,48.00024000120009,0,0,4.300000000046566,False,False
116,P105,True,sep10_12,rating,n4_mask_noise,0,42043,59.90562341033397,59.90562341033397,0.001583217890362161,1,70.79999999998836,False,False
116,P105,True,sep10_12,rating,n4_mask_only,1,14898,59.849864730935046,59.849864730935046,0.0025111607142857145,2,37.40000000002328,False,False
116,P105,True,sep10_12,rating,n3_mask_noise,2,14570,79.68191036069908,79.68191036069908,0.003987467957846767,1,62.5,False,False
116,P105,True,sep10_12,rating,deployed_full,3,18586,58.788025744964564,47.03042059597165,0.01999121265377856,1,387.5,False,True
116,P105,True,sep10_12,rating,n2_mask_noise,4,19663,119.72141990568501,119.72141990568501,0.002326565143824027,3,41.699999999953434,False,False
116,P105,True,sep10_12,rating,control_anchor,5,11774,240.00271861486667,240.00271861486667,0,0,4.300000000046566,False,False
117,P106,True,sep10_12,typing,control,0,,240.00120000599995,240.00120000599995,0,0,4.300000000017462,False,False
117,P106,True,sep10_12,typing,masked,1,,60.00049990002,48.000399920016,0,0,4.300000000017462,False,False
117,P106,True,sep10_12,typing,masked,2,,60.00049990002,48.000399920016,0,0,4.300000000017462,False,False
117,P106,True,sep10_12,typing,control,3,,240.00280061613546,240.00280061613546,0,0,4.300000000017462,False,False
117,P106,True,sep10_12,rating,n4_mask_only,0,16192,59.87737999876752,59.87737999876752,0.0020539152759948653,1,37.39999999999418,False,False
117,P106,True,sep10_12,rating,deployed_full,1,11253,58.00369368208565,46.40295494566852,0.03293949158610813,1,391.6000000000349,False,True
117,P106,True,sep10_12,rating,n4_mask_noise,2,17123,59.84065786868239,59.84065786868239,0.0026692550351856345,1,50,False,False
117,P106,True,sep10_12,rating,control_anchor,3,10422,240.00307081098174,240.00307081098174,0,0,4.300000000046566,False,False
117,P106,True,sep10_12,rating,n3_mask_noise,4,10418,79.58707640804826,79.58707640804826,0.005171042163882259,1,58.300000000046566,False,False
117,P106,True,sep10_12,rating,n2_mask_noise,5,10589,119.48520771248356,119.48520771248356,0.004308656482569526,1,49.899999999965075,False,False
