{
  "config": {
    "dataset": "COCO",
    "coco_root": "data\\coco",
    "split": "val2017",
    "models": [
      "yolo26x",
      "rtdetr-x",
      "faster_rcnn",
      "retinanet"
    ],
    "attacks": [
      "clean",
      "single_subframe",
      "temporal_average"
    ],
    "device": "cuda:0",
    "n": 4,
    "epsilon": 0.03137254901960784,
    "conf": 0.25,
    "imgsz": 640,
    "seed": 0,
    "max_images": 8
  },
  "detectors": {
    "yolo26x": {
      "backend": "ultralytics",
      "weights": "yolo26x.pt",
      "device": "cuda:0",
      "conf": 0.25,
      "imgsz": 640,
      "model_cls": "YOLO"
    },
    "rtdetr-x": {
      "backend": "ultralytics",
      "weights": "rtdetr-x.pt",
      "device": "cuda:0",
      "conf": 0.25,
      "imgsz": 640,
      "model_cls": "RTDETR"
    },
    "faster_rcnn": {
      "backend": "torchvision",
      "arch": "faster_rcnn",
      "device": "cuda:0",
      "score_thresh": 0.25
    },
    "retinanet": {
      "backend": "torchvision",
      "arch": "retinanet",
      "device": "cuda:0",
      "score_thresh": 0.25
    }
  },
  "results": {
    "yolo26x": {
      "clean": {
        "map": 0.4814118828366353,
        "map50": 0.583140028288543,
        "map75": 0.5573003300330033,
        "ap_small": 0.2979042904290429,
        "ap_medium": 0.7035690711928335,
        "ap_large": 0.8309523809523809,
        "ar": 0.5100410256410256,
        "n_images": 8,
        "evaluator": "pycocotools"
      },
      "single_subframe": {
        "map": 0.0,
        "map50": 0.0,
        "map75": 0.0,
        "ap_small": 0.0,
        "ap_medium": 0.0,
        "ap_large": 0.0,
        "ar": 0.0,
        "n_images": 8,
        "evaluator": "pycocotools"
      },
      "temporal_average": {
        "map": 0.14305539839698253,
        "map50": 0.18257425742574257,
        "map75": 0.15747524752475242,
        "ap_small": 0.03085808580858086,
        "ap_medium": 0.233069306930693,
        "ap_large": 0.3643564356435643,
        "ar": 0.14326666666666665,
        "n_images": 8,
        "evaluator": "pycocotools"
      }
    },
    "rtdetr-x": {
      "clean": {
        "map": 0.47067431098389345,
        "map50": 0.5865758604431872,
        "map75": 0.5586404075190129,
        "ap_small": 0.27516763581120013,
        "ap_medium": 0.8042904290429043,
        "ap_large": 0.831023102310231,
        "ar": 0.5340153846153847,
        "n_images": 8,
        "evaluator": "pycocotools"
      },
      "single_subframe": {
        "map": 0.05225082508250823,
        "map50": 0.05980198019801978,
        "map75": 0.05821782178217819,
        "ap_small": 0.0,
        "ap_medium": 0.07927392739273924,
        "ap_large": 0.17864214992927865,
        "ar": 0.05215384615384615,
        "n_images": 8,
        "evaluator": "pycocotools"
      },
      "temporal_average": {
        "map": 0.16829516835329297,
        "map50": 0.2368705105804698,
        "map75": 0.19605846298915605,
        "ap_small": 0.06316464979831315,
        "ap_medium": 0.23837183718371832,
        "ap_large": 0.494082979726544,
        "ar": 0.1786102564102564,
        "n_images": 8,
        "evaluator": "pycocotools"
      }
    },
    "faster_rcnn": {
      "clean": {
        "map": 0.3818780139417171,
        "map50": 0.5268891036569094,
        "map75": 0.4539434280477567,
        "ap_small": 0.2364637250193453,
        "ap_medium": 0.6231683168316832,
        "ap_large": 0.7321782178217822,
        "ar": 0.43627179487179485,
        "n_images": 8,
        "evaluator": "pycocotools"
      },
      "single_subframe": {
        "map": 0.030344554455445538,
        "map50": 0.04411881188118811,
        "map75": 0.04158415841584157,
        "ap_small": 0.0,
        "ap_medium": 0.054587458745874576,
        "ap_large": 0.04667609618104667,
        "ar": 0.03046153846153846,
        "n_images": 8,
        "evaluator": "pycocotools"
      },
      "temporal_average": {
        "map": 0.11070539053905389,
        "map50": 0.16497249724972493,
        "map75": 0.1165148514851485,
        "ap_small": 0.028877887788778877,
        "ap_medium": 0.15630363036303624,
        "ap_large": 0.26435643564356437,
        "ar": 0.1113076923076923,
        "n_images": 8,
        "evaluator": "pycocotools"
      }
    },
    "retinanet": {
      "clean": {
        "map": 0.3317340526301302,
        "map50": 0.4711606160616062,
        "map75": 0.3548250825082508,
        "ap_small": 0.16703991827754203,
        "ap_medium": 0.6067986798679867,
        "ap_large": 0.630975954738331,
        "ar": 0.3531384615384615,
        "n_images": 8,
        "evaluator": "pycocotools"
      },
      "single_subframe": {
        "map": 0.033188118811881176,
        "map50": 0.042376237623762365,
        "map75": 0.04158415841584157,
        "ap_small": 0.0,
        "ap_medium": 0.06026402640264024,
        "ap_large": 0.0024045261669024044,
        "ar": 0.03323076923076922,
        "n_images": 8,
        "evaluator": "pycocotools"
      },
      "temporal_average": {
        "map": 0.09606864686468644,
        "map50": 0.13188118811881183,
        "map75": 0.1152475247524752,
        "ap_small": 0.023102310231023094,
        "ap_medium": 0.14204620462046202,
        "ap_large": 0.20735502121640736,
        "ar": 0.0957948717948718,
        "n_images": 8,
        "evaluator": "pycocotools"
      }
    }
  },
  "baseline_clean_map": {
    "yolo26x": 0.4814118828366353,
    "rtdetr-x": 0.47067431098389345,
    "faster_rcnn": 0.3818780139417171,
    "retinanet": 0.3317340526301302
  }
}