{
  "tesseract": {
    "n_samples": 12,
    "original_mean": 0.8906035416303273,
    "original_std": 0.15601124497719535,
    "subframe_mean": 0.003984115448504984,
    "subframe_std": 0.0074956364223358555
  },
  "easyocr": {
    "n_samples": 12,
    "original_mean": 0.9185637249394699,
    "original_std": 0.06664081223801041,
    "subframe_mean": 0.0,
    "subframe_std": 0.0
  },
  "paddleocr": {
    "n_samples": 12,
    "original_mean": 0.9407633845580275,
    "original_std": 0.061509932431441705,
    "subframe_mean": 0.0,
    "subframe_std": 0.0
  }
}
