{
  "config": {
    "ns": [
      2,
      4,
      6,
      8
    ],
    "refreshes": [
      144.0,
      240.0,
      360.0
    ],
    "epsilons": [
      0.031372549
    ],
    "max_samples": 120,
    "sample_policy": {
      "strategy": "stratified_samples_per_category",
      "field": "category",
      "max_samples": 120,
      "samples_per_category": 20,
      "n_selected": 120
    },
    "axes": {
      "usability": "fpi (lower better)",
      "security": "entropy_ratio = single-frame normalized MI (lower better)"
    }
  },
  "recommended": {
    "n": 6,
    "refresh_hz": 360.0,
    "epsilon": 0.031372549,
    "effective_fps": 60.0,
    "fpi": 0.03333333333333333,
    "fpi_safe": true,
    "delta_e": 0.6039429413995404,
    "ssim": 0.9994634401121432,
    "entropy_ratio": 0.2494912178398886,
    "single_frame_ocr": 0.0,
    "full_cycle_ocr": 0.9419905175426775,
    "pareto_optimal": true
  },
  "image_metrics_by_n_epsilon": {
    "n2_eps0.0314": {
      "delta_e": {
        "mean": 0.41392804695225593,
        "std": 0.3762779889527214,
        "count": 120,
        "ci95": {
          "low": 0.3483165250380799,
          "high": 0.4834111594893853,
          "half_width": 0.06754731722565269,
          "confidence": 0.95,
          "method": "bootstrap_percentile",
          "resamples": 2000
        }
      },
      "ssim": {
        "mean": 0.9843061386539418,
        "std": 0.02908140643147278,
        "count": 120,
        "ci95": {
          "low": 0.9787383550386212,
          "high": 0.9894396917320198,
          "half_width": 0.005350668346699339,
          "confidence": 0.95,
          "method": "bootstrap_percentile",
          "resamples": 2000
        }
      },
      "entropy_ratio": {
        "mean": 0.5657140509665697,
        "std": 0.06520717030842135,
        "count": 120,
        "ci95": {
          "low": 0.5539658303866023,
          "high": 0.576987550921672,
          "half_width": 0.01151086026753484,
          "confidence": 0.95,
          "method": "bootstrap_percentile",
          "resamples": 2000
        }
      },
      "single_frame_ocr": {
        "mean": 0.0,
        "std": 0.0,
        "count": 120,
        "ci95": {
          "low": 0.0,
          "high": 0.0,
          "half_width": 0.0,
          "confidence": 0.95,
          "method": "bootstrap_percentile",
          "resamples": 2000
        }
      },
      "full_cycle_ocr": {
        "mean": 0.9433798226819827,
        "std": 0.08781600207020919,
        "count": 120,
        "ci95": {
          "low": 0.9264762015894655,
          "high": 0.9594159464388398,
          "half_width": 0.016469872424687115,
          "confidence": 0.95,
          "method": "bootstrap_percentile",
          "resamples": 2000
        }
      }
    },
    "n4_eps0.0314": {
      "delta_e": {
        "mean": 0.34482213664964784,
        "std": 0.20869835555643404,
        "count": 120,
        "ci95": {
          "low": 0.307328029278388,
          "high": 0.38103524871581296,
          "half_width": 0.03685360971871249,
          "confidence": 0.95,
          "method": "bootstrap_percentile",
          "resamples": 2000
        }
      },
      "ssim": {
        "mean": 0.9972280907327904,
        "std": 0.0035545526402164214,
        "count": 120,
        "ci95": {
          "low": 0.9965600022092448,
          "high": 0.9978545108746069,
          "half_width": 0.0006472543326810354,
          "confidence": 0.95,
          "method": "bootstrap_percentile",
          "resamples": 2000
        }
      },
      "entropy_ratio": {
        "mean": 0.3773753714001284,
        "std": 0.07844188350488661,
        "count": 120,
        "ci95": {
          "low": 0.3627999455689528,
          "high": 0.39126706485990326,
          "half_width": 0.014233559645475236,
          "confidence": 0.95,
          "method": "bootstrap_percentile",
          "resamples": 2000
        }
      },
      "single_frame_ocr": {
        "mean": 0.00018668257334747255,
        "std": 0.001578052496756443,
        "count": 120,
        "ci95": {
          "low": 0.0,
          "high": 0.0005092347119123364,
          "half_width": 0.0002546173559561682,
          "confidence": 0.95,
          "method": "bootstrap_percentile",
          "resamples": 2000
        }
      },
      "full_cycle_ocr": {
        "mean": 0.9454355852064951,
        "std": 0.08720675452154629,
        "count": 120,
        "ci95": {
          "low": 0.9288898262479586,
          "high": 0.9612901949336259,
          "half_width": 0.016200184342833657,
          "confidence": 0.95,
          "method": "bootstrap_percentile",
          "resamples": 2000
        }
      }
    },
    "n6_eps0.0314": {
      "delta_e": {
        "mean": 0.6039429413995404,
        "std": 0.0967740163157109,
        "count": 120,
        "ci95": {
          "low": 0.5867352153408908,
          "high": 0.6210517283778485,
          "half_width": 0.017158256518478854,
          "confidence": 0.95,
          "method": "bootstrap_percentile",
          "resamples": 2000
        }
      },
      "ssim": {
        "mean": 0.9994634401121432,
        "std": 0.0009882428681598106,
        "count": 120,
        "ci95": {
          "low": 0.9992681551975667,
          "high": 0.9996376604765316,
          "half_width": 0.0001847526394824217,
          "confidence": 0.95,
          "method": "bootstrap_percentile",
          "resamples": 2000
        }
      },
      "entropy_ratio": {
        "mean": 0.2494912178398886,
        "std": 0.05085855148051915,
        "count": 120,
        "ci95": {
          "low": 0.24035574794483539,
          "high": 0.25835759769346633,
          "half_width": 0.009000924874315475,
          "confidence": 0.95,
          "method": "bootstrap_percentile",
          "resamples": 2000
        }
      },
      "single_frame_ocr": {
        "mean": 0.0,
        "std": 0.0,
        "count": 120,
        "ci95": {
          "low": 0.0,
          "high": 0.0,
          "half_width": 0.0,
          "confidence": 0.95,
          "method": "bootstrap_percentile",
          "resamples": 2000
        }
      },
      "full_cycle_ocr": {
        "mean": 0.9419905175426775,
        "std": 0.09008107694018892,
        "count": 120,
        "ci95": {
          "low": 0.9247431009904112,
          "high": 0.9579929905285888,
          "half_width": 0.016624944769088768,
          "confidence": 0.95,
          "method": "bootstrap_percentile",
          "resamples": 2000
        }
      }
    },
    "n8_eps0.0314": {
      "delta_e": {
        "mean": 0.6301380795328484,
        "std": 0.4424996108730934,
        "count": 120,
        "ci95": {
          "low": 0.5527898080203255,
          "high": 0.7078856877975057,
          "half_width": 0.0775479398885901,
          "confidence": 0.95,
          "method": "bootstrap_percentile",
          "resamples": 2000
        }
      },
      "ssim": {
        "mean": 0.994174060053706,
        "std": 0.005314711449862444,
        "count": 120,
        "ci95": {
          "low": 0.9931986150730516,
          "high": 0.9951479778217751,
          "half_width": 0.0009746813743617411,
          "confidence": 0.95,
          "method": "bootstrap_percentile",
          "resamples": 2000
        }
      },
      "entropy_ratio": {
        "mean": 0.2166131161758771,
        "std": 0.05234745393145406,
        "count": 120,
        "ci95": {
          "low": 0.20713269016589114,
          "high": 0.2256814815812102,
          "half_width": 0.009274395707659533,
          "confidence": 0.95,
          "method": "bootstrap_percentile",
          "resamples": 2000
        }
      },
      "single_frame_ocr": {
        "mean": 0.0,
        "std": 0.0,
        "count": 120,
        "ci95": {
          "low": 0.0,
          "high": 0.0,
          "half_width": 0.0,
          "confidence": 0.95,
          "method": "bootstrap_percentile",
          "resamples": 2000
        }
      },